material_query,book,page,record_index,material_class,N,RP_RMS,RP_abs_RMS,RP_G_rho,RP_model_json,CP_family_RMS,CP_family_specific_model,CP_family_G_rho,CP_family_model_json,CP_vs_RP_log10_RMS_gain,selected_reason
Al2O3,Al2O3,Zhukovsky,6,oxide,3,2.073367107307222e-06,5.573128328654745e-06,1.0000000037739183,batch_database_RI_to_FDTDready_RP_CP_SCP_v22_parallel_VISNIR_common_N1_to_N5_web/00_FINAL_RP_CP_JSON_EXP_AND_SUMMARY/stable_model_json_by_N/Al2O3_Al2O3_Zhukovsky/RP_M3.json,4.897869344963652e-06,SemiCP,1.000000002708644,batch_database_RI_to_FDTDready_RP_CP_SCP_v22_parallel_VISNIR_common_N1_to_N5_web/00_FINAL_RP_CP_JSON_EXP_AND_SUMMARY/stable_model_json_by_N/Al2O3_Al2O3_Zhukovsky/SCP_M3.json,-0.37333099131078634,RP has lower RMS than CP-family at N=3
As2S3,As2S3,Synowicki,1,chalcogenide_or_2D,4,0.0004783440919222,0.004028925509632,1.0,batch_database_RI_to_FDTDready_RP_CP_SCP_v22_parallel_VISNIR_common_N1_to_N5_web/00_FINAL_RP_CP_JSON_EXP_AND_SUMMARY/stable_model_json_by_N/As2S3_As2S3_Synowicki/RP_M4.json,0.0005780803920923,AnalyticalCP,1.0000007022558428,batch_database_RI_to_FDTDready_RP_CP_SCP_v22_parallel_VISNIR_common_N1_to_N5_web/00_FINAL_RP_CP_JSON_EXP_AND_SUMMARY/stable_model_json_by_N/As2S3_As2S3_Synowicki/CP_M4.json,-0.08224782447595018,RP has lower RMS than CP-family at N=4
C,C,Song-cHOPG-o,6,carbon,4,0.0010678661393963,0.009583371729323,1.0,batch_database_RI_to_FDTDready_RP_CP_SCP_v22_parallel_VISNIR_common_N1_to_N5_web/00_FINAL_RP_CP_JSON_EXP_AND_SUMMARY/stable_model_json_by_N/C_C_Song-cHOPG-o/RP_M4.json,,none,,,,RP usable
CdTe,CdTe,Adachi,1,semiconductor,5,0.0053066025602807,0.050733016270678,1.0,batch_database_RI_to_FDTDready_RP_CP_SCP_v22_parallel_VISNIR_common_N1_to_N5_web/00_FINAL_RP_CP_JSON_EXP_AND_SUMMARY/stable_model_json_by_N/CdTe_CdTe_Adachi/RP_M5.json,0.0067960115350755,SemiCP,1.000000000000001,batch_database_RI_to_FDTDready_RP_CP_SCP_v22_parallel_VISNIR_common_N1_to_N5_web/00_FINAL_RP_CP_JSON_EXP_AND_SUMMARY/stable_model_json_by_N/CdTe_CdTe_Adachi/SCP_M5.json,-0.10743754511742745,RP has lower RMS than CP-family at N=5
Fe2O3,Fe2O3,Querry-o,1,oxide,4,0.0074881926167019,0.0640925234172752,1.0,batch_database_RI_to_FDTDready_RP_CP_SCP_v22_parallel_VISNIR_common_N1_to_N5_web/00_FINAL_RP_CP_JSON_EXP_AND_SUMMARY/stable_model_json_by_N/Fe2O3_Fe2O3_Querry-o/RP_M4.json,0.0079870340025223,AnalyticalCP,1.0000000000000004,batch_database_RI_to_FDTDready_RP_CP_SCP_v22_parallel_VISNIR_common_N1_to_N5_web/00_FINAL_RP_CP_JSON_EXP_AND_SUMMARY/stable_model_json_by_N/Fe2O3_Fe2O3_Querry-o/CP_M4.json,-0.028008526211223534,RP has lower RMS than CP-family at N=4
GaSb,GaSb,Adachi,1,semiconductor,5,0.0818375942691241,1.9725413078521583,1.0,batch_database_RI_to_FDTDready_RP_CP_SCP_v22_parallel_VISNIR_common_N1_to_N5_web/00_FINAL_RP_CP_JSON_EXP_AND_SUMMARY/stable_model_json_by_N/GaSb_GaSb_Adachi/RP_M5.json,0.1430097120515094,SemiCP,1.0000000000000009,batch_database_RI_to_FDTDready_RP_CP_SCP_v22_parallel_VISNIR_common_N1_to_N5_web/00_FINAL_RP_CP_JSON_EXP_AND_SUMMARY/stable_model_json_by_N/GaSb_GaSb_Adachi/SCP_M5.json,-0.24241267800412322,RP has lower RMS than CP-family at N=5
Ge,Ge,Ciesielski-20nm,2,semiconductor,5,0.0023902260628127,0.0420380238630688,1.000000000000001,batch_database_RI_to_FDTDready_RP_CP_SCP_v22_parallel_VISNIR_common_N1_to_N5_web/00_FINAL_RP_CP_JSON_EXP_AND_SUMMARY/stable_model_json_by_N/Ge_Ge_Ciesielski-20nm/RP_M5.json,,none,,,,RP usable
MgF2,MgF2,Rodriguez-de Marcos,2,fluoride,3,7.689481863580996e-07,1.5606890345914886e-06,1.0000000000000002,batch_database_RI_to_FDTDready_RP_CP_SCP_v22_parallel_VISNIR_common_N1_to_N5_web/00_FINAL_RP_CP_JSON_EXP_AND_SUMMARY/stable_model_json_by_N/MgF2_MgF2_Rodriguez-de_Marcos/RP_M3.json,,none,,,,RP usable
MoS2,MoS2,Munkhbat-o,16,chalcogenide_or_2D,5,0.0201807840863301,0.4024675414933611,1.0000000000000002,batch_database_RI_to_FDTDready_RP_CP_SCP_v22_parallel_VISNIR_common_N1_to_N5_web/00_FINAL_RP_CP_JSON_EXP_AND_SUMMARY/stable_model_json_by_N/MoS2_MoS2_Munkhbat-o/RP_M5.json,0.0229825428187305,AnalyticalCP,1.0000000000000009,batch_database_RI_to_FDTDready_RP_CP_SCP_v22_parallel_VISNIR_common_N1_to_N5_web/00_FINAL_RP_CP_JSON_EXP_AND_SUMMARY/stable_model_json_by_N/MoS2_MoS2_Munkhbat-o/CP_M5.json,-0.05646004200043815,RP has lower RMS than CP-family at N=5
MoS2,MoS2,Song-3L,8,chalcogenide_or_2D,3,0.2646500807417614,3.4873812938434465,1.0000000000000004,batch_database_RI_to_FDTDready_RP_CP_SCP_v22_parallel_VISNIR_common_N1_to_N5_web/00_FINAL_RP_CP_JSON_EXP_AND_SUMMARY/stable_model_json_by_N/MoS2_MoS2_Song-3L/RP_M3.json,,none,,,,RP usable
MoS2,MoS2,Song-6L,10,chalcogenide_or_2D,3,0.0902638451250131,2.136876450289113,1.0,batch_database_RI_to_FDTDready_RP_CP_SCP_v22_parallel_VISNIR_common_N1_to_N5_web/00_FINAL_RP_CP_JSON_EXP_AND_SUMMARY/stable_model_json_by_N/MoS2_MoS2_Song-6L/RP_M3.json,0.1034327885896542,SemiCP,1.0000000000000009,batch_database_RI_to_FDTDready_RP_CP_SCP_v22_parallel_VISNIR_common_N1_to_N5_web/00_FINAL_RP_CP_JSON_EXP_AND_SUMMARY/stable_model_json_by_N/MoS2_MoS2_Song-6L/SCP_M3.json,-0.05914440362526518,RP has lower RMS than CP-family at N=3
MoS2,MoS2,Song-6L,10,chalcogenide_or_2D,5,0.0295636837214278,0.5788570443869854,1.0000000000000009,batch_database_RI_to_FDTDready_RP_CP_SCP_v22_parallel_VISNIR_common_N1_to_N5_web/00_FINAL_RP_CP_JSON_EXP_AND_SUMMARY/stable_model_json_by_N/MoS2_MoS2_Song-6L/RP_M5.json,0.0378114317072632,AnalyticalCP,1.0000000000000022,batch_database_RI_to_FDTDready_RP_CP_SCP_v22_parallel_VISNIR_common_N1_to_N5_web/00_FINAL_RP_CP_JSON_EXP_AND_SUMMARY/stable_model_json_by_N/MoS2_MoS2_Song-6L/CP_M5.json,-0.10686457451819162,RP has lower RMS than CP-family at N=5
MoSe2,MoSe2,Beal,1,chalcogenide_or_2D,2,0.1002727360196985,1.701853735859739,1.0,batch_database_RI_to_FDTDready_RP_CP_SCP_v22_parallel_VISNIR_common_N1_to_N5_web/00_FINAL_RP_CP_JSON_EXP_AND_SUMMARY/stable_model_json_by_N/MoSe2_MoSe2_Beal/RP_M2.json,0.1009102671182344,AnalyticalCP,1.0,batch_database_RI_to_FDTDready_RP_CP_SCP_v22_parallel_VISNIR_common_N1_to_N5_web/00_FINAL_RP_CP_JSON_EXP_AND_SUMMARY/stable_model_json_by_N/MoSe2_MoSe2_Beal/CP_M2.json,-0.0027524906241566923,RP has lower RMS than CP-family at N=2
MoSe2,MoSe2,Munkhbat-o,3,chalcogenide_or_2D,3,0.0565051811989484,1.4234298271440475,1.0,batch_database_RI_to_FDTDready_RP_CP_SCP_v22_parallel_VISNIR_common_N1_to_N5_web/00_FINAL_RP_CP_JSON_EXP_AND_SUMMARY/stable_model_json_by_N/MoSe2_MoSe2_Munkhbat-o/RP_M3.json,0.1034344838399571,AnalyticalCP,1.0,batch_database_RI_to_FDTDready_RP_CP_SCP_v22_parallel_VISNIR_common_N1_to_N5_web/00_FINAL_RP_CP_JSON_EXP_AND_SUMMARY/stable_model_json_by_N/MoSe2_MoSe2_Munkhbat-o/CP_M3.json,-0.2625770796269181,RP has lower RMS than CP-family at N=3
MoSe2,MoSe2,Munkhbat-o,3,chalcogenide_or_2D,4,0.0551152268279925,1.3951110287687307,1.0,batch_database_RI_to_FDTDready_RP_CP_SCP_v22_parallel_VISNIR_common_N1_to_N5_web/00_FINAL_RP_CP_JSON_EXP_AND_SUMMARY/stable_model_json_by_N/MoSe2_MoSe2_Munkhbat-o/RP_M4.json,0.083142344933204,AnalyticalCP,1.0,batch_database_RI_to_FDTDready_RP_CP_SCP_v22_parallel_VISNIR_common_N1_to_N5_web/00_FINAL_RP_CP_JSON_EXP_AND_SUMMARY/stable_model_json_by_N/MoSe2_MoSe2_Munkhbat-o/CP_M4.json,-0.17855067001169903,RP has lower RMS than CP-family at N=4
MoSe2,MoSe2,Munkhbat-o,3,chalcogenide_or_2D,5,0.020726083668809,0.5039483455486249,1.0000000000000004,batch_database_RI_to_FDTDready_RP_CP_SCP_v22_parallel_VISNIR_common_N1_to_N5_web/00_FINAL_RP_CP_JSON_EXP_AND_SUMMARY/stable_model_json_by_N/MoSe2_MoSe2_Munkhbat-o/RP_M5.json,,none,,,,RP usable
Nb2O5,Nb2O5,Franta,1,oxide,4,0.0006960236170439,0.003910309207361,1.0000000000000002,batch_database_RI_to_FDTDready_RP_CP_SCP_v22_parallel_VISNIR_common_N1_to_N5_web/00_FINAL_RP_CP_JSON_EXP_AND_SUMMARY/stable_model_json_by_N/Nb2O5_Nb2O5_Franta/RP_M4.json,0.0007270578166903,SemiCP,1.0000000728963236,batch_database_RI_to_FDTDready_RP_CP_SCP_v22_parallel_VISNIR_common_N1_to_N5_web/00_FINAL_RP_CP_JSON_EXP_AND_SUMMARY/stable_model_json_by_N/Nb2O5_Nb2O5_Franta/SCP_M4.json,-0.01894497188533669,RP has lower RMS than CP-family at N=4
Si,Si,Franta-100K,1,semiconductor,2,0.015835344657138,0.5429004912583988,1.0000004277116246,batch_database_RI_to_FDTDready_RP_CP_SCP_v22_parallel_VISNIR_common_N1_to_N5_web/00_FINAL_RP_CP_JSON_EXP_AND_SUMMARY/stable_model_json_by_N/Si_Si_Franta-100K/RP_M2.json,0.0308661719642375,AnalyticalCP,1.0,batch_database_RI_to_FDTDready_RP_CP_SCP_v22_parallel_VISNIR_common_N1_to_N5_web/00_FINAL_RP_CP_JSON_EXP_AND_SUMMARY/stable_model_json_by_N/Si_Si_Franta-100K/CP_M2.json,-0.2898552511817658,RP has lower RMS than CP-family at N=2
Si,Si,Franta-10K,2,semiconductor,2,0.0185761716235521,0.6239652744642378,1.0000001748624237,batch_database_RI_to_FDTDready_RP_CP_SCP_v22_parallel_VISNIR_common_N1_to_N5_web/00_FINAL_RP_CP_JSON_EXP_AND_SUMMARY/stable_model_json_by_N/Si_Si_Franta-10K/RP_M2.json,0.032787756316544,AnalyticalCP,1.0000000000000009,batch_database_RI_to_FDTDready_RP_CP_SCP_v22_parallel_VISNIR_common_N1_to_N5_web/00_FINAL_RP_CP_JSON_EXP_AND_SUMMARY/stable_model_json_by_N/Si_Si_Franta-10K/CP_M2.json,-0.2467554838656666,RP has lower RMS than CP-family at N=2
Si,Si,Franta-10K,2,semiconductor,5,0.0026588816742808,0.0621970697577199,1.0,batch_database_RI_to_FDTDready_RP_CP_SCP_v22_parallel_VISNIR_common_N1_to_N5_web/00_FINAL_RP_CP_JSON_EXP_AND_SUMMARY/stable_model_json_by_N/Si_Si_Franta-10K/RP_M5.json,0.0032684485096294,AnalyticalCP,1.0000003417419163,batch_database_RI_to_FDTDready_RP_CP_SCP_v22_parallel_VISNIR_common_N1_to_N5_web/00_FINAL_RP_CP_JSON_EXP_AND_SUMMARY/stable_model_json_by_N/Si_Si_Franta-10K/CP_M5.json,-0.08964263682120428,RP has lower RMS than CP-family at N=5
Si,Si,Franta-150K,3,semiconductor,2,0.016664992390751,0.5460072301423301,1.0,batch_database_RI_to_FDTDready_RP_CP_SCP_v22_parallel_VISNIR_common_N1_to_N5_web/00_FINAL_RP_CP_JSON_EXP_AND_SUMMARY/stable_model_json_by_N/Si_Si_Franta-150K/RP_M2.json,0.0700183335948723,SemiCP,1.0000000000000009,batch_database_RI_to_FDTDready_RP_CP_SCP_v22_parallel_VISNIR_common_N1_to_N5_web/00_FINAL_RP_CP_JSON_EXP_AND_SUMMARY/stable_model_json_by_N/Si_Si_Franta-150K/SCP_M2.json,-0.6234066508395505,RP has lower RMS than CP-family at N=2
Si,Si,Franta-150K,3,semiconductor,4,0.0117401470676677,0.2817119973194523,1.0000000000000002,batch_database_RI_to_FDTDready_RP_CP_SCP_v22_parallel_VISNIR_common_N1_to_N5_web/00_FINAL_RP_CP_JSON_EXP_AND_SUMMARY/stable_model_json_by_N/Si_Si_Franta-150K/RP_M4.json,,none,,,,RP usable
Si,Si,Franta-200K,4,semiconductor,2,0.0182613354645545,0.5744328004802471,1.0000000000000002,batch_database_RI_to_FDTDready_RP_CP_SCP_v22_parallel_VISNIR_common_N1_to_N5_web/00_FINAL_RP_CP_JSON_EXP_AND_SUMMARY/stable_model_json_by_N/Si_Si_Franta-200K/RP_M2.json,0.0326430409602377,AnalyticalCP,1.0,batch_database_RI_to_FDTDready_RP_CP_SCP_v22_parallel_VISNIR_common_N1_to_N5_web/00_FINAL_RP_CP_JSON_EXP_AND_SUMMARY/stable_model_json_by_N/Si_Si_Franta-200K/CP_M2.json,-0.25225807534300987,RP has lower RMS than CP-family at N=2
Si,Si,Franta-20C,5,semiconductor,4,0.0053415306435627,0.1300872143023698,1.0000000000000004,batch_database_RI_to_FDTDready_RP_CP_SCP_v22_parallel_VISNIR_common_N1_to_N5_web/00_FINAL_RP_CP_JSON_EXP_AND_SUMMARY/stable_model_json_by_N/Si_Si_Franta-20C/RP_M4.json,,none,,,,RP usable
Si,Si,Franta-250K,6,semiconductor,2,0.0185941360539736,0.585003630303513,1.0000000000000002,batch_database_RI_to_FDTDready_RP_CP_SCP_v22_parallel_VISNIR_common_N1_to_N5_web/00_FINAL_RP_CP_JSON_EXP_AND_SUMMARY/stable_model_json_by_N/Si_Si_Franta-250K/RP_M2.json,0.0337917636118327,AnalyticalCP,1.0000000000000002,batch_database_RI_to_FDTDready_RP_CP_SCP_v22_parallel_VISNIR_common_N1_to_N5_web/00_FINAL_RP_CP_JSON_EXP_AND_SUMMARY/stable_model_json_by_N/Si_Si_Franta-250K/CP_M2.json,-0.259434854065299,RP has lower RMS than CP-family at N=2
Si,Si,Franta-250K,6,semiconductor,5,0.0012937632760889,0.0311226811921454,1.0000005485130183,batch_database_RI_to_FDTDready_RP_CP_SCP_v22_parallel_VISNIR_common_N1_to_N5_web/00_FINAL_RP_CP_JSON_EXP_AND_SUMMARY/stable_model_json_by_N/Si_Si_Franta-250K/RP_M5.json,0.0034923430017174,AnalyticalCP,1.000000000000002,batch_database_RI_to_FDTDready_RP_CP_SCP_v22_parallel_VISNIR_common_N1_to_N5_web/00_FINAL_RP_CP_JSON_EXP_AND_SUMMARY/stable_model_json_by_N/Si_Si_Franta-250K/CP_M5.json,-0.431262072133561,RP has lower RMS than CP-family at N=5
Si,Si,Franta-25C,7,semiconductor,4,0.0051059324645162,0.1233373636259416,1.000000497307245,batch_database_RI_to_FDTDready_RP_CP_SCP_v22_parallel_VISNIR_common_N1_to_N5_web/00_FINAL_RP_CP_JSON_EXP_AND_SUMMARY/stable_model_json_by_N/Si_Si_Franta-25C/RP_M4.json,0.0123162800872755,SemiCP,1.000000000000001,batch_database_RI_to_FDTDready_RP_CP_SCP_v22_parallel_VISNIR_common_N1_to_N5_web/00_FINAL_RP_CP_JSON_EXP_AND_SUMMARY/stable_model_json_by_N/Si_Si_Franta-25C/SCP_M4.json,-0.38240449057988185,RP has lower RMS than CP-family at N=4
Si,Si,Franta-300K,8,semiconductor,4,0.0051596695222737,0.1252704826137391,1.000000371594966,batch_database_RI_to_FDTDready_RP_CP_SCP_v22_parallel_VISNIR_common_N1_to_N5_web/00_FINAL_RP_CP_JSON_EXP_AND_SUMMARY/stable_model_json_by_N/Si_Si_Franta-300K/RP_M4.json,0.0054063254011775,AnalyticalCP,1.0000000000000009,batch_database_RI_to_FDTDready_RP_CP_SCP_v22_parallel_VISNIR_common_N1_to_N5_web/00_FINAL_RP_CP_JSON_EXP_AND_SUMMARY/stable_model_json_by_N/Si_Si_Franta-300K/CP_M4.json,-0.02028029600731936,RP has lower RMS than CP-family at N=4
Si,Si,Franta-350K,9,semiconductor,4,0.0037829769143021,0.0756646782081407,1.0,batch_database_RI_to_FDTDready_RP_CP_SCP_v22_parallel_VISNIR_common_N1_to_N5_web/00_FINAL_RP_CP_JSON_EXP_AND_SUMMARY/stable_model_json_by_N/Si_Si_Franta-350K/RP_M4.json,0.0043979787976559,AnalyticalCP,1.0000000036504113,batch_database_RI_to_FDTDready_RP_CP_SCP_v22_parallel_VISNIR_common_N1_to_N5_web/00_FINAL_RP_CP_JSON_EXP_AND_SUMMARY/stable_model_json_by_N/Si_Si_Franta-350K/CP_M4.json,-0.06541944031747562,RP has lower RMS than CP-family at N=4
Si,Si,Franta-400K,10,semiconductor,4,0.0053450741666139,0.122024522017746,1.0,batch_database_RI_to_FDTDready_RP_CP_SCP_v22_parallel_VISNIR_common_N1_to_N5_web/00_FINAL_RP_CP_JSON_EXP_AND_SUMMARY/stable_model_json_by_N/Si_Si_Franta-400K/RP_M4.json,0.0076329259498451,AnalyticalCP,1.0,batch_database_RI_to_FDTDready_RP_CP_SCP_v22_parallel_VISNIR_common_N1_to_N5_web/00_FINAL_RP_CP_JSON_EXP_AND_SUMMARY/stable_model_json_by_N/Si_Si_Franta-400K/CP_M4.json,-0.15473731340862099,RP has lower RMS than CP-family at N=4
Si,Si,Franta-400K,10,semiconductor,5,0.0019278995754345,0.0463969184477691,1.0000009210293062,batch_database_RI_to_FDTDready_RP_CP_SCP_v22_parallel_VISNIR_common_N1_to_N5_web/00_FINAL_RP_CP_JSON_EXP_AND_SUMMARY/stable_model_json_by_N/Si_Si_Franta-400K/RP_M5.json,0.0030285541381453,AnalyticalCP,1.0000008425914235,batch_database_RI_to_FDTDready_RP_CP_SCP_v22_parallel_VISNIR_common_N1_to_N5_web/00_FINAL_RP_CP_JSON_EXP_AND_SUMMARY/stable_model_json_by_N/Si_Si_Franta-400K/CP_M5.json,-0.19615093378138165,RP has lower RMS than CP-family at N=5
Si,Si,Franta-50K,13,semiconductor,2,0.0166909603786944,0.5621122925057473,1.0000000000000004,batch_database_RI_to_FDTDready_RP_CP_SCP_v22_parallel_VISNIR_common_N1_to_N5_web/00_FINAL_RP_CP_JSON_EXP_AND_SUMMARY/stable_model_json_by_N/Si_Si_Franta-50K/RP_M2.json,0.0302521511296822,AnalyticalCP,1.0000000000000009,batch_database_RI_to_FDTDready_RP_CP_SCP_v22_parallel_VISNIR_common_N1_to_N5_web/00_FINAL_RP_CP_JSON_EXP_AND_SUMMARY/stable_model_json_by_N/Si_Si_Franta-50K/CP_M2.json,-0.2582749351162449,RP has lower RMS than CP-family at N=2
Si,Si,Franta-50K,13,semiconductor,3,0.0201916803622181,0.5001524406930181,1.0,batch_database_RI_to_FDTDready_RP_CP_SCP_v22_parallel_VISNIR_common_N1_to_N5_web/00_FINAL_RP_CP_JSON_EXP_AND_SUMMARY/stable_model_json_by_N/Si_Si_Franta-50K/RP_M3.json,,none,,,,RP usable
Si,Si,Franta-50K,13,semiconductor,5,0.0029802995939175,0.0674808013610325,1.000000000000001,batch_database_RI_to_FDTDready_RP_CP_SCP_v22_parallel_VISNIR_common_N1_to_N5_web/00_FINAL_RP_CP_JSON_EXP_AND_SUMMARY/stable_model_json_by_N/Si_Si_Franta-50K/RP_M5.json,0.0030246781404311,AnalyticalCP,1.0000001965573808,batch_database_RI_to_FDTDready_RP_CP_SCP_v22_parallel_VISNIR_common_N1_to_N5_web/00_FINAL_RP_CP_JSON_EXP_AND_SUMMARY/stable_model_json_by_N/Si_Si_Franta-50K/CP_M5.json,-0.006419244037389983,RP has lower RMS than CP-family at N=5
Si,Si,Karaman-120C,16,semiconductor,3,0.003690834010008,0.0749253504372737,1.0000000000000016,batch_database_RI_to_FDTDready_RP_CP_SCP_v22_parallel_VISNIR_common_N1_to_N5_web/00_FINAL_RP_CP_JSON_EXP_AND_SUMMARY/stable_model_json_by_N/Si_Si_Karaman-120C/RP_M3.json,0.0039263470352038,AnalyticalCP,1.0000000000000009,batch_database_RI_to_FDTDready_RP_CP_SCP_v22_parallel_VISNIR_common_N1_to_N5_web/00_FINAL_RP_CP_JSON_EXP_AND_SUMMARY/stable_model_json_by_N/Si_Si_Karaman-120C/CP_M3.json,-0.02686416877328129,RP has lower RMS than CP-family at N=3
Si,Si,Karaman-170C,17,semiconductor,3,0.0034389895933608,0.0701481982474181,1.0,batch_database_RI_to_FDTDready_RP_CP_SCP_v22_parallel_VISNIR_common_N1_to_N5_web/00_FINAL_RP_CP_JSON_EXP_AND_SUMMARY/stable_model_json_by_N/Si_Si_Karaman-170C/RP_M3.json,0.0036876175686004,AnalyticalCP,1.000000000000002,batch_database_RI_to_FDTDready_RP_CP_SCP_v22_parallel_VISNIR_common_N1_to_N5_web/00_FINAL_RP_CP_JSON_EXP_AND_SUMMARY/stable_model_json_by_N/Si_Si_Karaman-170C/CP_M3.json,-0.030315013764434996,RP has lower RMS than CP-family at N=3
Si,Si,Karaman-220C,19,semiconductor,3,0.0030989957913456,0.0635381152974286,1.0000000000000009,batch_database_RI_to_FDTDready_RP_CP_SCP_v22_parallel_VISNIR_common_N1_to_N5_web/00_FINAL_RP_CP_JSON_EXP_AND_SUMMARY/stable_model_json_by_N/Si_Si_Karaman-220C/RP_M3.json,0.0033857464846973,AnalyticalCP,1.0000000000000009,batch_database_RI_to_FDTDready_RP_CP_SCP_v22_parallel_VISNIR_common_N1_to_N5_web/00_FINAL_RP_CP_JSON_EXP_AND_SUMMARY/stable_model_json_by_N/Si_Si_Karaman-220C/CP_M3.json,-0.03843344978728907,RP has lower RMS than CP-family at N=3
Si3N4,Si3N4,Beliaev,1,nitride_or_carbide,3,2.8986254346300534e-06,1.2334168762952558e-05,1.0000000558860986,batch_database_RI_to_FDTDready_RP_CP_SCP_v22_parallel_VISNIR_common_N1_to_N5_web/00_FINAL_RP_CP_JSON_EXP_AND_SUMMARY/stable_model_json_by_N/Si3N4_Si3N4_Beliaev/RP_M3.json,2.922514844021781e-06,SemiCP,1.0000000273367142,batch_database_RI_to_FDTDready_RP_CP_SCP_v22_parallel_VISNIR_common_N1_to_N5_web/00_FINAL_RP_CP_JSON_EXP_AND_SUMMARY/stable_model_json_by_N/Si3N4_Si3N4_Beliaev/SCP_M3.json,-0.0035646270058113266,RP has lower RMS than CP-family at N=3
Si3N4,Si3N4,Beliaev,1,nitride_or_carbide,4,2.825423101400638e-06,1.1845176154595042e-05,1.0000000988233886,batch_database_RI_to_FDTDready_RP_CP_SCP_v22_parallel_VISNIR_common_N1_to_N5_web/00_FINAL_RP_CP_JSON_EXP_AND_SUMMARY/stable_model_json_by_N/Si3N4_Si3N4_Beliaev/RP_M4.json,2.921938924804303e-06,SemiCP,1.000000168405192,batch_database_RI_to_FDTDready_RP_CP_SCP_v22_parallel_VISNIR_common_N1_to_N5_web/00_FINAL_RP_CP_JSON_EXP_AND_SUMMARY/stable_model_json_by_N/Si3N4_Si3N4_Beliaev/SCP_M4.json,-0.014587642200256943,RP has lower RMS than CP-family at N=4
Si3N4,Si3N4,Beliaev,1,nitride_or_carbide,5,0.0006336236239704,0.0027198301080515,1.000000006052386,batch_database_RI_to_FDTDready_RP_CP_SCP_v22_parallel_VISNIR_common_N1_to_N5_web/00_FINAL_RP_CP_JSON_EXP_AND_SUMMARY/stable_model_json_by_N/Si3N4_Si3N4_Beliaev/RP_M5.json,0.0011774255170509,SemiCP,1.0000001236279707,batch_database_RI_to_FDTDready_RP_CP_SCP_v22_parallel_VISNIR_common_N1_to_N5_web/00_FINAL_RP_CP_JSON_EXP_AND_SUMMARY/stable_model_json_by_N/Si3N4_Si3N4_Beliaev/SCP_M5.json,-0.26910208248319334,RP has lower RMS than CP-family at N=5
SiO2,SiO2,Gao,6,oxide,2,0.0010081414125615,0.0022486114165955,1.000000318976895,batch_database_RI_to_FDTDready_RP_CP_SCP_v22_parallel_VISNIR_common_N1_to_N5_web/00_FINAL_RP_CP_JSON_EXP_AND_SUMMARY/stable_model_json_by_N/SiO2_SiO2_Gao/RP_M2.json,0.0011575347875225,SemiCP,1.0000001865160353,batch_database_RI_to_FDTDready_RP_CP_SCP_v22_parallel_VISNIR_common_N1_to_N5_web/00_FINAL_RP_CP_JSON_EXP_AND_SUMMARY/stable_model_json_by_N/SiO2_SiO2_Gao/SCP_M2.json,-0.06001259667371189,RP has lower RMS than CP-family at N=2
Ta2O5,Ta2O5,Cheikh-amorphous-3.28-12-25,4,oxide,5,2.044272314646864e-05,0.0001252291687516,1.000000013737823,batch_database_RI_to_FDTDready_RP_CP_SCP_v22_parallel_VISNIR_common_N1_to_N5_web/00_FINAL_RP_CP_JSON_EXP_AND_SUMMARY/stable_model_json_by_N/Ta2O5_Ta2O5_Cheikh-amorphous-3.28-12-25/RP_M5.json,3.674337354427919e-05,SemiCP,1.0000000201294337,batch_database_RI_to_FDTDready_RP_CP_SCP_v22_parallel_VISNIR_common_N1_to_N5_web/00_FINAL_RP_CP_JSON_EXP_AND_SUMMARY/stable_model_json_by_N/Ta2O5_Ta2O5_Cheikh-amorphous-3.28-12-25/SCP_M5.json,-0.2546402808994585,RP has lower RMS than CP-family at N=5
Ta2O5,Ta2O5,Cheikh-amorphous-3.28-4-25,6,oxide,4,4.732778813216952e-06,2.5533198853897888e-05,1.0000000345860904,batch_database_RI_to_FDTDready_RP_CP_SCP_v22_parallel_VISNIR_common_N1_to_N5_web/00_FINAL_RP_CP_JSON_EXP_AND_SUMMARY/stable_model_json_by_N/Ta2O5_Ta2O5_Cheikh-amorphous-3.28-4-25/RP_M4.json,7.27099352332216e-06,SemiCP,1.000000000000001,batch_database_RI_to_FDTDready_RP_CP_SCP_v22_parallel_VISNIR_common_N1_to_N5_web/00_FINAL_RP_CP_JSON_EXP_AND_SUMMARY/stable_model_json_by_N/Ta2O5_Ta2O5_Cheikh-amorphous-3.28-4-25/SCP_M4.json,-0.1864775496376768,RP has lower RMS than CP-family at N=4
Ta2O5,Ta2O5,Cheikh-amorphous-3.28-8-25,7,oxide,4,4.068663138062091e-06,2.258399702199297e-05,1.000000031170266,batch_database_RI_to_FDTDready_RP_CP_SCP_v22_parallel_VISNIR_common_N1_to_N5_web/00_FINAL_RP_CP_JSON_EXP_AND_SUMMARY/stable_model_json_by_N/Ta2O5_Ta2O5_Cheikh-amorphous-3.28-8-25/RP_M4.json,8.908283474006217e-05,AnalyticalCP,1.00000000000377,batch_database_RI_to_FDTDready_RP_CP_SCP_v22_parallel_VISNIR_common_N1_to_N5_web/00_FINAL_RP_CP_JSON_EXP_AND_SUMMARY/stable_model_json_by_N/Ta2O5_Ta2O5_Cheikh-amorphous-3.28-8-25/CP_M4.json,-1.3403422941849377,RP has lower RMS than CP-family at N=4
Ta2O5,Ta2O5,Cheikh-amorphous-3.28-8-550,9,oxide,4,9.663875597910614e-06,4.770078070897043e-05,1.000000033892394,batch_database_RI_to_FDTDready_RP_CP_SCP_v22_parallel_VISNIR_common_N1_to_N5_web/00_FINAL_RP_CP_JSON_EXP_AND_SUMMARY/stable_model_json_by_N/Ta2O5_Ta2O5_Cheikh-amorphous-3.28-8-550/RP_M4.json,,none,,,,RP usable
Ta2O5,Ta2O5,Cheikh-amorphous-4.38-12-25,10,oxide,5,3.797195905100083e-05,0.0001945185127983,1.0,batch_database_RI_to_FDTDready_RP_CP_SCP_v22_parallel_VISNIR_common_N1_to_N5_web/00_FINAL_RP_CP_JSON_EXP_AND_SUMMARY/stable_model_json_by_N/Ta2O5_Ta2O5_Cheikh-amorphous-4.38-12-25/RP_M5.json,4.352354717031889e-05,SemiCP,1.0000000273172274,batch_database_RI_to_FDTDready_RP_CP_SCP_v22_parallel_VISNIR_common_N1_to_N5_web/00_FINAL_RP_CP_JSON_EXP_AND_SUMMARY/stable_model_json_by_N/Ta2O5_Ta2O5_Cheikh-amorphous-4.38-12-25/SCP_M5.json,-0.05926127928700324,RP has lower RMS than CP-family at N=5
TiN,TiN,Shkondin-800,3,nitride_or_carbide,4,0.0153850917284293,0.0998419417030487,1.0,batch_database_RI_to_FDTDready_RP_CP_SCP_v22_parallel_VISNIR_common_N1_to_N5_web/00_FINAL_RP_CP_JSON_EXP_AND_SUMMARY/stable_model_json_by_N/TiN_TiN_Shkondin-800/RP_M4.json,,none,,,,RP usable
TiO2,TiO2,Franta,1,oxide,4,0.0008106056728686,0.0046325108884996,1.0,batch_database_RI_to_FDTDready_RP_CP_SCP_v22_parallel_VISNIR_common_N1_to_N5_web/00_FINAL_RP_CP_JSON_EXP_AND_SUMMARY/stable_model_json_by_N/TiO2_TiO2_Franta/RP_M4.json,0.0009262104732299,AnalyticalCP,1.0000000000000022,batch_database_RI_to_FDTDready_RP_CP_SCP_v22_parallel_VISNIR_common_N1_to_N5_web/00_FINAL_RP_CP_JSON_EXP_AND_SUMMARY/stable_model_json_by_N/TiO2_TiO2_Franta/CP_M4.json,-0.057900048776626155,RP has lower RMS than CP-family at N=4
TiO2,TiO2,Sarkar,4,oxide,2,0.005316085426309,0.0335849719762259,1.0,batch_database_RI_to_FDTDready_RP_CP_SCP_v22_parallel_VISNIR_common_N1_to_N5_web/00_FINAL_RP_CP_JSON_EXP_AND_SUMMARY/stable_model_json_by_N/TiO2_TiO2_Sarkar/RP_M2.json,0.0057119932163646,SemiCP,1.0,batch_database_RI_to_FDTDready_RP_CP_SCP_v22_parallel_VISNIR_common_N1_to_N5_web/00_FINAL_RP_CP_JSON_EXP_AND_SUMMARY/stable_model_json_by_N/TiO2_TiO2_Sarkar/SCP_M2.json,-0.031195731815810344,RP has lower RMS than CP-family at N=2
TiO2,TiO2,Siefke,2,oxide,2,0.0050264474352661,0.0387482266592314,1.0000009583871563,batch_database_RI_to_FDTDready_RP_CP_SCP_v22_parallel_VISNIR_common_N1_to_N5_web/00_FINAL_RP_CP_JSON_EXP_AND_SUMMARY/stable_model_json_by_N/TiO2_TiO2_Siefke/RP_M2.json,0.0051693262718124,AnalyticalCP,1.0000007879922326,batch_database_RI_to_FDTDready_RP_CP_SCP_v22_parallel_VISNIR_common_N1_to_N5_web/00_FINAL_RP_CP_JSON_EXP_AND_SUMMARY/stable_model_json_by_N/TiO2_TiO2_Siefke/CP_M2.json,-0.012172799127921345,RP has lower RMS than CP-family at N=2
TiO2,TiO2,Zhukovsky,3,oxide,3,0.0020560607056716,0.0196530150785376,1.0,batch_database_RI_to_FDTDready_RP_CP_SCP_v22_parallel_VISNIR_common_N1_to_N5_web/00_FINAL_RP_CP_JSON_EXP_AND_SUMMARY/stable_model_json_by_N/TiO2_TiO2_Zhukovsky/RP_M3.json,0.0028355246416134,AnalyticalCP,1.0000009134912533,batch_database_RI_to_FDTDready_RP_CP_SCP_v22_parallel_VISNIR_common_N1_to_N5_web/00_FINAL_RP_CP_JSON_EXP_AND_SUMMARY/stable_model_json_by_N/TiO2_TiO2_Zhukovsky/CP_M3.json,-0.1395974926376142,RP has lower RMS than CP-family at N=3
TiO2,TiO2,Zhukovsky,3,oxide,4,0.0006127476690685,0.0051842705752848,1.000000000000001,batch_database_RI_to_FDTDready_RP_CP_SCP_v22_parallel_VISNIR_common_N1_to_N5_web/00_FINAL_RP_CP_JSON_EXP_AND_SUMMARY/stable_model_json_by_N/TiO2_TiO2_Zhukovsky/RP_M4.json,0.0006437277139936,SemiCP,1.00000036820495,batch_database_RI_to_FDTDready_RP_CP_SCP_v22_parallel_VISNIR_common_N1_to_N5_web/00_FINAL_RP_CP_JSON_EXP_AND_SUMMARY/stable_model_json_by_N/TiO2_TiO2_Zhukovsky/SCP_M4.json,-0.021420539088212443,RP has lower RMS than CP-family at N=4
TiO2,TiO2,Zhukovsky,3,oxide,5,0.0003629406042883,0.0031623192353204,1.0000000000000009,batch_database_RI_to_FDTDready_RP_CP_SCP_v22_parallel_VISNIR_common_N1_to_N5_web/00_FINAL_RP_CP_JSON_EXP_AND_SUMMARY/stable_model_json_by_N/TiO2_TiO2_Zhukovsky/RP_M5.json,0.0005710677415669,AnalyticalCP,1.000000343152986,batch_database_RI_to_FDTDready_RP_CP_SCP_v22_parallel_VISNIR_common_N1_to_N5_web/00_FINAL_RP_CP_JSON_EXP_AND_SUMMARY/stable_model_json_by_N/TiO2_TiO2_Zhukovsky/CP_M5.json,-0.19685207047992556,RP has lower RMS than CP-family at N=5
VO2,VO2,Oguntoye-40C,3,oxide,4,0.0046049330100024,0.0343997574938954,1.0,batch_database_RI_to_FDTDready_RP_CP_SCP_v22_parallel_VISNIR_common_N1_to_N5_web/00_FINAL_RP_CP_JSON_EXP_AND_SUMMARY/stable_model_json_by_N/VO2_VO2_Oguntoye-40C/RP_M4.json,0.0049987761625837,AnalyticalCP,1.0000000000000009,batch_database_RI_to_FDTDready_RP_CP_SCP_v22_parallel_VISNIR_common_N1_to_N5_web/00_FINAL_RP_CP_JSON_EXP_AND_SUMMARY/stable_model_json_by_N/VO2_VO2_Oguntoye-40C/CP_M4.json,-0.035640373452158904,RP has lower RMS than CP-family at N=4
VO2,VO2,Oguntoye-40C,3,oxide,5,0.000831032473156,0.0061045262173392,1.0,batch_database_RI_to_FDTDready_RP_CP_SCP_v22_parallel_VISNIR_common_N1_to_N5_web/00_FINAL_RP_CP_JSON_EXP_AND_SUMMARY/stable_model_json_by_N/VO2_VO2_Oguntoye-40C/RP_M5.json,0.0009317597736622,SemiCP,1.0000000000000009,batch_database_RI_to_FDTDready_RP_CP_SCP_v22_parallel_VISNIR_common_N1_to_N5_web/00_FINAL_RP_CP_JSON_EXP_AND_SUMMARY/stable_model_json_by_N/VO2_VO2_Oguntoye-40C/SCP_M5.json,-0.0496859625005265,RP has lower RMS than CP-family at N=5
WSe2,WSe2,Gu-1L,1,chalcogenide_or_2D,3,0.1436796607599962,2.9662950702579414,1.0,batch_database_RI_to_FDTDready_RP_CP_SCP_v22_parallel_VISNIR_common_N1_to_N5_web/00_FINAL_RP_CP_JSON_EXP_AND_SUMMARY/stable_model_json_by_N/WSe2_WSe2_Gu-1L/RP_M3.json,,none,,,,RP usable
WSe2,WSe2,Gu-2L,2,chalcogenide_or_2D,4,0.0539145373110866,1.1441498534773338,1.0,batch_database_RI_to_FDTDready_RP_CP_SCP_v22_parallel_VISNIR_common_N1_to_N5_web/00_FINAL_RP_CP_JSON_EXP_AND_SUMMARY/stable_model_json_by_N/WSe2_WSe2_Gu-2L/RP_M4.json,0.1164450910326511,AnalyticalCP,1.000000000000001,batch_database_RI_to_FDTDready_RP_CP_SCP_v22_parallel_VISNIR_common_N1_to_N5_web/00_FINAL_RP_CP_JSON_EXP_AND_SUMMARY/stable_model_json_by_N/WSe2_WSe2_Gu-2L/CP_M4.json,-0.33441530224354754,RP has lower RMS than CP-family at N=4
WSe2,WSe2,Gu-2L,2,chalcogenide_or_2D,5,0.0337067503769461,0.5775935932217946,1.0000000000000002,batch_database_RI_to_FDTDready_RP_CP_SCP_v22_parallel_VISNIR_common_N1_to_N5_web/00_FINAL_RP_CP_JSON_EXP_AND_SUMMARY/stable_model_json_by_N/WSe2_WSe2_Gu-2L/RP_M5.json,0.1128503279853755,AnalyticalCP,1.0000000000000009,batch_database_RI_to_FDTDready_RP_CP_SCP_v22_parallel_VISNIR_common_N1_to_N5_web/00_FINAL_RP_CP_JSON_EXP_AND_SUMMARY/stable_model_json_by_N/WSe2_WSe2_Gu-2L/CP_M5.json,-0.5247859408535274,RP has lower RMS than CP-family at N=5
WSe2,WSe2,Gu-5L,5,chalcogenide_or_2D,3,0.0782950697834055,1.8606688689398807,1.0000000000000009,batch_database_RI_to_FDTDready_RP_CP_SCP_v22_parallel_VISNIR_common_N1_to_N5_web/00_FINAL_RP_CP_JSON_EXP_AND_SUMMARY/stable_model_json_by_N/WSe2_WSe2_Gu-5L/RP_M3.json,0.1054895786773383,SemiCP,1.0000000000000002,batch_database_RI_to_FDTDready_RP_CP_SCP_v22_parallel_VISNIR_common_N1_to_N5_web/00_FINAL_RP_CP_JSON_EXP_AND_SUMMARY/stable_model_json_by_N/WSe2_WSe2_Gu-5L/SCP_M3.json,-0.12947514224311446,RP has lower RMS than CP-family at N=3
WSe2,WSe2,Munkhbat-o,6,chalcogenide_or_2D,4,0.0264091771924031,0.5977036729527155,1.000000000000001,batch_database_RI_to_FDTDready_RP_CP_SCP_v22_parallel_VISNIR_common_N1_to_N5_web/00_FINAL_RP_CP_JSON_EXP_AND_SUMMARY/stable_model_json_by_N/WSe2_WSe2_Munkhbat-o/RP_M4.json,0.1056471979544297,AnalyticalCP,1.0000000000000004,batch_database_RI_to_FDTDready_RP_CP_SCP_v22_parallel_VISNIR_common_N1_to_N5_web/00_FINAL_RP_CP_JSON_EXP_AND_SUMMARY/stable_model_json_by_N/WSe2_WSe2_Munkhbat-o/CP_M4.json,-0.6021031124076527,RP has lower RMS than CP-family at N=4
ZnO,ZnO,Querry,1,TCO_or_semiconducting_oxide,1,0.0477904463027655,0.1166799393691674,1.0000007263274866,batch_database_RI_to_FDTDready_RP_CP_SCP_v22_parallel_VISNIR_common_N1_to_N5_web/00_FINAL_RP_CP_JSON_EXP_AND_SUMMARY/stable_model_json_by_N/ZnO_ZnO_Querry/RP_M1.json,0.0497122413227575,AnalyticalCP,1.0000000000000004,batch_database_RI_to_FDTDready_RP_CP_SCP_v22_parallel_VISNIR_common_N1_to_N5_web/00_FINAL_RP_CP_JSON_EXP_AND_SUMMARY/stable_model_json_by_N/ZnO_ZnO_Querry/CP_M1.json,-0.01712225784720235,RP has lower RMS than CP-family at N=1
ZnO,ZnO,Querry,1,TCO_or_semiconducting_oxide,2,0.0538236022915536,0.1325967454406731,1.0,batch_database_RI_to_FDTDready_RP_CP_SCP_v22_parallel_VISNIR_common_N1_to_N5_web/00_FINAL_RP_CP_JSON_EXP_AND_SUMMARY/stable_model_json_by_N/ZnO_ZnO_Querry/RP_M2.json,0.0584853110287313,SemiCP,1.0000005654590134,batch_database_RI_to_FDTDready_RP_CP_SCP_v22_parallel_VISNIR_common_N1_to_N5_web/00_FINAL_RP_CP_JSON_EXP_AND_SUMMARY/stable_model_json_by_N/ZnO_ZnO_Querry/SCP_M2.json,-0.03607404311189836,RP has lower RMS than CP-family at N=2
ZnS,ZnS,Querry,1,semiconductor,2,0.0086943832962949,0.0573192179847876,1.0,batch_database_RI_to_FDTDready_RP_CP_SCP_v22_parallel_VISNIR_common_N1_to_N5_web/00_FINAL_RP_CP_JSON_EXP_AND_SUMMARY/stable_model_json_by_N/ZnS_ZnS_Querry/RP_M2.json,0.0112246999053282,AnalyticalCP,1.0000000000000004,batch_database_RI_to_FDTDready_RP_CP_SCP_v22_parallel_VISNIR_common_N1_to_N5_web/00_FINAL_RP_CP_JSON_EXP_AND_SUMMARY/stable_model_json_by_N/ZnS_ZnS_Querry/CP_M2.json,-0.11093595650859171,RP has lower RMS than CP-family at N=2
