record_key,material,material_class,book,page,N,family,specific_model,epsilon_rms,absolute_rms,G_rho,FDTD_status,quality_label,model_json
Ag_Ag_Babar,Ag,metal,Ag,Babar,5.0,CP,SemiCP,0.0100493917517415,0.0340532894473061,1.0000000000000004,FDTD_READY,warning,data/models/Ag_Ag_Babar/SemiCP_M5.json
Ag_Ag_Ciesielski,Ag,metal,Ag,Ciesielski,4.0,CP,SemiCP,0.003517228224677,0.027829157962377,1.0,FDTD_READY,excellent,
Ag_Ag_Ciesielski-Ge,Ag,metal,Ag,Ciesielski-Ge,4.0,CP,SemiCP,0.0020474164095391,0.0161802834129295,1.0000000000000009,FDTD_READY,excellent,data/models/Ag_Ag_Ciesielski-Ge/SemiCP_M4.json
Ag_Ag_Ciesielski-Ni,Ag,metal,Ag,Ciesielski-Ni,4.0,CP,SemiCP,0.0037957736334946,0.0198222964297222,1.0000000000000016,FDTD_READY,excellent,data/models/Ag_Ag_Ciesielski-Ni/SemiCP_M4.json
Ag_Ag_Ferrera-298K,Ag,metal,Ag,Ferrera-298K,2.0,CP,SemiCP,0.0397976611640384,0.598150354140094,1.0000002272519537,FDTD_READY,warning,data/models/Ag_Ag_Ferrera-298K/SemiCP_M2.json
Ag_Ag_Ferrera-404K,Ag,metal,Ag,Ferrera-404K,2.0,CP,SemiCP,0.02921852527477,0.5458273633101567,1.0000002501886651,FDTD_READY,warning,data/models/Ag_Ag_Ferrera-404K/SemiCP_M2.json
Ag_Ag_Ferrera-501K,Ag,metal,Ag,Ferrera-501K,2.0,CP,SemiCP,0.021977405941958,0.3747194766390178,1.0000002864370678,FDTD_READY,warning,data/models/Ag_Ag_Ferrera-501K/SemiCP_M2.json
Ag_Ag_Ferrera-600K,Ag,metal,Ag,Ferrera-600K,3.0,CP,SemiCP,0.0160079299098117,0.1901986782528154,1.0000006349041417,FDTD_READY,warning,data/models/Ag_Ag_Ferrera-600K/SemiCP_M3.json
Ag_Ag_Hagemann,Ag,metal,Ag,Hagemann,4.0,CP,SemiCP,0.0104443609636023,0.0601428106204916,1.0000000000000009,FDTD_READY,warning,
Ag_Ag_Jiang,Ag,metal,Ag,Jiang,4.0,CP,SemiCP,0.0035896730684492,0.0164792291946065,1.0000000000000009,FDTD_READY,excellent,data/models/Ag_Ag_Jiang/SemiCP_M4.json
Ag_Ag_Johnson,Ag,metal,Ag,Johnson,3.0,CP,SemiCP,0.0254852896402148,0.1687570645399593,1.000000123092168,FDTD_READY,warning,data/models/Ag_Ag_Johnson/SemiCP_M3.json
Ag_Ag_McPeak,Ag,metal,Ag,McPeak,5.0,CP,SemiCP,0.0146530657001646,0.056098010417316,1.0,FDTD_READY,warning,
Ag_Ag_Rakic-BB,Ag,metal,Ag,Rakic-BB,3.0,CP,SemiCP,0.0017377409089628,0.010571977587246,1.0,FDTD_READY,excellent,data/models/Ag_Ag_Rakic-BB/SemiCP_M3.json
Ag_Ag_Rakic-LD,Ag,metal,Ag,Rakic-LD,2.0,CP,SemiCP,0.0025660531064581,0.052132546477221,1.0000000000000004,FDTD_READY,excellent,
Ag_Ag_Werner,Ag,metal,Ag,Werner,3.0,CP,SemiCP,0.0016325747628449,0.0209778423646893,1.0,FDTD_READY,excellent,data/models/Ag_Ag_Werner/SemiCP_M3.json
Ag_Ag_Werner-DFT,Ag,metal,Ag,Werner-DFT,5.0,CP,SemiCP,0.0147363132640264,0.065939566149984,1.000000000000002,FDTD_READY,warning,data/models/Ag_Ag_Werner-DFT/SemiCP_M5.json
Ag_Ag_Yang,Ag,metal,Ag,Yang,5.0,CP,SemiCP,0.0118140678876368,0.0134180606283224,1.000000012465178,FDTD_READY,warning,data/models/Ag_Ag_Yang/SemiCP_M5.json
Al_Al_Hagemann,Al,metal,Al,Hagemann,4.0,CP,SemiCP,0.0099049071037261,0.6760855382096863,1.0,FDTD_READY,acceptable,data/models/Al_Al_Hagemann/SemiCP_M4.json
Al_Al_McPeak,Al,metal,Al,McPeak,3.0,CP,SemiCP,0.0015054820520643,0.0839801771460597,1.000000000000001,FDTD_READY,excellent,data/models/Al_Al_McPeak/SemiCP_M3.json
Al_Al_Rakic,Al,metal,Al,Rakic,4.0,CP,SemiCP,0.00282718315662,0.2103606227539933,1.0000000000000004,FDTD_READY,excellent,data/models/Al_Al_Rakic/SemiCP_M4.json
Al_Al_Rakic-BB,Al,metal,Al,Rakic-BB,3.0,CP,SemiCP,0.0015819284549765,0.1158155549472759,1.0,FDTD_READY,excellent,
Al_Al_Rakic-LD,Al,metal,Al,Rakic-LD,3.0,CP,SemiCP,0.0010324510102676,0.0479947122425266,1.0000000000000004,FDTD_READY,excellent,data/models/Al_Al_Rakic-LD/SemiCP_M3.json
Al2O3_Al2O3_Boidin,Al2O3,transparent_dielectric_oxide,Al2O3,Boidin,1.0,CP,SemiCP,0.0004513952683689,0.0012647280588347,1.0,FDTD_READY,excellent,
Al2O3_Al2O3_Franta,Al2O3,transparent_dielectric_oxide,Al2O3,Franta,1.0,CP,SemiCP,0.0005651844190725,0.0015317644595312,1.000000001621759,FDTD_READY,excellent,data/models/Al2O3_Al2O3_Franta/SemiCP_M1.json
Al2O3_Al2O3_Querry,Al2O3,transparent_dielectric_oxide,Al2O3,Querry,3.0,CP,SemiCP,0.0014062860075767,0.0572651935663236,1.0000000000000004,FDTD_READY,excellent,
Al2O3_Al2O3_Querry-e,Al2O3,transparent_dielectric_oxide,Al2O3,Querry-e,2.0,CP,SemiCP,0.0031583728942603,0.0094683604238208,1.0000000000000009,FDTD_READY,excellent,data/models/Al2O3_Al2O3_Querry-e/SemiCP_M2.json
Al2O3_Al2O3_Querry-o,Al2O3,transparent_dielectric_oxide,Al2O3,Querry-o,2.0,CP,SemiCP,0.0035127389482023,0.0108193286639542,1.000000000000001,FDTD_READY,excellent,data/models/Al2O3_Al2O3_Querry-o/SemiCP_M2.json
Al2O3_Al2O3_Rodriguez_de_Marcos,Al2O3,transparent_dielectric_oxide,Al2O3,Rodriguez de Marcos,1.0,CP,SemiCP,0.0009541971918973,0.0026395470125526,1.0,FDTD_READY,excellent,data/models/Al2O3_Al2O3_Rodriguez_de_Marcos/SemiCP_M1.json
Al2O3_Al2O3_Zhukovsky,Al2O3,transparent_dielectric_oxide,Al2O3,Zhukovsky,1.0,CP,SemiCP,1.9431042932392536e-05,5.180385311919448e-05,1.0,FDTD_READY,excellent,data/models/Al2O3_Al2O3_Zhukovsky/SemiCP_M1.json
AlAs_AlAs_Rakic,AlAs,semiconductor,AlAs,Rakic,4.0,CP,CP,0.0057368586851068,0.0967198735349403,1.0000003228202363,FDTD_READY,acceptable,data/models/AlAs_AlAs_Rakic/CP_M4.json
AlN_AlN_Beliaev1,AlN,nitride_or_carbide,AlN,Beliaev1,1.0,CP,SemiCP,0.0005997300635804,0.0026415567914927,1.000000079549636,FDTD_READY,excellent,data/models/AlN_AlN_Beliaev1/SemiCP_M1.json
As2S3_As2S3_Slavich-abinitio-alpha,As2S3,chalcogenide_or_2D,As2S3,Slavich-abinitio-alpha,5.0,CP,SemiCP,0.003159263292805,0.0200160440300516,1.000000000000001,FDTD_READY,excellent,data/models/As2S3_As2S3_Slavich-abinitio-alpha/SemiCP_M5.json
As2S3_As2S3_Slavich-abinitio-beta,As2S3,chalcogenide_or_2D,As2S3,Slavich-abinitio-beta,5.0,CP,SemiCP,0.0035979860906328,0.0399024473737764,1.0000000000000004,FDTD_READY,excellent,
As2S3_As2S3_Slavich-abinitio-gamma,As2S3,chalcogenide_or_2D,As2S3,Slavich-abinitio-gamma,4.0,CP,SemiCP,0.003028757260441,0.0447490405877752,1.0,FDTD_READY,excellent,data/models/As2S3_As2S3_Slavich-abinitio-gamma/SemiCP_M4.json
As2S3_As2S3_Synowicki,As2S3,chalcogenide_or_2D,As2S3,Synowicki,3.0,CP,CP,0.0019118889499631,0.0157767638823644,1.0,FDTD_READY,excellent,data/models/As2S3_As2S3_Synowicki/CP_M3.json
As2Se3_As2Se3_Joseph-400nm,As2Se3,chalcogenide_or_2D,As2Se3,Joseph-400nm,3.0,CP,SemiCP,0.028813863488475,0.3253130711463287,1.0,FDTD_READY,warning,data/models/As2Se3_As2Se3_Joseph-400nm/SemiCP_M3.json
As2Se3_As2Se3_Joseph-700nm,As2Se3,chalcogenide_or_2D,As2Se3,Joseph-700nm,2.0,CP,SemiCP,0.4729176857157428,38.06531722345866,1.0000000000000016,FDTD_READY,poor,data/models/As2Se3_As2Se3_Joseph-700nm/SemiCP_M2.json
Au_Au_Babar,Au,metal,Au,Babar,4.0,CP,SemiCP,0.007489863539836,0.0466934926369356,1.0,FDTD_READY,acceptable,
Au_Au_Ciesielski,Au,metal,Au,Ciesielski,4.0,CP,SemiCP,0.0016316256229314,0.0434226776359495,1.000000000000001,FDTD_READY,excellent,data/models/Au_Au_Ciesielski/SemiCP_M4.json
Au_Au_Ciesielski-Ge,Au,metal,Au,Ciesielski-Ge,4.0,CP,SemiCP,0.0010325657948689,0.0301085659356703,1.0000000000000016,FDTD_READY,excellent,data/models/Au_Au_Ciesielski-Ge/SemiCP_M4.json
Au_Au_Hagemann,Au,metal,Au,Hagemann,5.0,CP,SemiCP,0.0119937962419519,0.1238722879785589,1.000000000000001,FDTD_READY,warning,
Au_Au_Johnson,Au,metal,Au,Johnson,5.0,CP,CP,0.0276491722584691,0.5106435381880639,1.000000000000001,FDTD_READY,warning,data/models/Au_Au_Johnson/CP_M5.json
Au_Au_Magnozzi-225C,Au,metal,Au,Magnozzi-225C,4.0,CP,SemiCP,0.0039316220742721,0.0847614756449443,1.0000000000000004,FDTD_READY,excellent,
Au_Au_Magnozzi-25C,Au,metal,Au,Magnozzi-25C,4.0,CP,SemiCP,0.0039314038117389,0.0669731694551487,1.000000000000001,FDTD_READY,excellent,data/models/Au_Au_Magnozzi-25C/SemiCP_M4.json
Au_Au_Magnozzi-350C,Au,metal,Au,Magnozzi-350C,4.0,CP,SemiCP,0.0041014939409566,0.1032308703714175,1.0000000000000004,FDTD_READY,excellent,data/models/Au_Au_Magnozzi-350C/SemiCP_M4.json
Au_Au_McPeak,Au,metal,Au,McPeak,5.0,CP,SemiCP,0.0016816665960043,0.0491570666141138,1.0,FDTD_READY,excellent,
Au_Au_Olmon-ev,Au,metal,Au,Olmon-ev,4.0,CP,SemiCP,0.0015245983428957,0.0221909796968077,1.0000000000000004,FDTD_READY,excellent,data/models/Au_Au_Olmon-ev/SemiCP_M4.json
Au_Au_Olmon-sc,Au,metal,Au,Olmon-sc,4.0,CP,SemiCP,0.0017313262513336,0.0274108595453726,1.0000000000000004,FDTD_READY,excellent,
Au_Au_Olmon-ts,Au,metal,Au,Olmon-ts,4.0,CP,SemiCP,0.0015106187372145,0.027147831348294,1.0000000000000004,FDTD_READY,excellent,
Au_Au_Rakic-BB,Au,metal,Au,Rakic-BB,3.0,CP,SemiCP,0.043997452367803,0.4024939197355863,1.000000000000001,FDTD_READY,warning,data/models/Au_Au_Rakic-BB/SemiCP_M3.json
Au_Au_Rakic-LD,Au,metal,Au,Rakic-LD,4.0,CP,SemiCP,0.0009968898631541,0.0222988428827933,1.0000000000000002,FDTD_READY,excellent,
Au_Au_Rosenblatt-11nm,Au,metal,Au,Rosenblatt-11nm,5.0,CP,SemiCP,0.0013275407628616,0.0104915294829802,1.0,FDTD_READY,excellent,
Au_Au_Rosenblatt-21nm,Au,metal,Au,Rosenblatt-21nm,5.0,CP,SemiCP,0.0008048715180665,0.0058955355080737,1.000000000000001,FDTD_READY,excellent,data/models/Au_Au_Rosenblatt-21nm/SemiCP_M5.json
Au_Au_Rosenblatt-44nm,Au,metal,Au,Rosenblatt-44nm,4.0,CP,SemiCP,0.0007073216985015,0.0129983201412947,1.0,FDTD_READY,excellent,
Au_Au_Werner,Au,metal,Au,Werner,3.0,CP,SemiCP,0.0033442193503221,0.0501103206216361,1.0000000000000004,FDTD_READY,excellent,data/models/Au_Au_Werner/SemiCP_M3.json
Au_Au_Werner-DFT,Au,metal,Au,Werner-DFT,3.0,CP,SemiCP,0.0090446212975277,0.1079908135830561,1.0,FDTD_READY,acceptable,
Au_Au_Yakubovsky-117nm,Au,metal,Au,Yakubovsky-117nm,4.0,CP,SemiCP,0.0021710510680331,0.0614672182286447,1.000000000000001,FDTD_READY,excellent,data/models/Au_Au_Yakubovsky-117nm/SemiCP_M4.json
Au_Au_Yakubovsky-25nm,Au,metal,Au,Yakubovsky-25nm,4.0,CP,SemiCP,0.0023808612433724,0.0907911680480605,1.0,FDTD_READY,excellent,
Au_Au_Yakubovsky-4nm,Au,metal,Au,Yakubovsky-4nm,5.0,CP,SemiCP,0.0640063860199064,0.9562775920183116,1.0,FDTD_READY,poor,data/models/Au_Au_Yakubovsky-4nm/SemiCP_M5.json
Au_Au_Yakubovsky-53nm,Au,metal,Au,Yakubovsky-53nm,4.0,CP,SemiCP,0.0021078503058876,0.0642079400451741,1.0,FDTD_READY,excellent,data/models/Au_Au_Yakubovsky-53nm/SemiCP_M4.json
Au_Au_Yakubovsky-6nm,Au,metal,Au,Yakubovsky-6nm,5.0,CP,SemiCP,0.0421730276709207,0.3893351582903484,1.0,FDTD_READY,warning,
Au_Au_Yakubovsky-9nm,Au,metal,Au,Yakubovsky-9nm,5.0,CP,SemiCP,0.0159889902156572,0.2069314290292841,1.0000000000000009,FDTD_READY,warning,data/models/Au_Au_Yakubovsky-9nm/SemiCP_M5.json
BaF2_BaF2_Querry,BaF2,fluoride,BaF2,Querry,1.0,CP,SemiCP,0.0016100764098536,0.0035486385775732,1.0000000065728007,FDTD_READY,excellent,
C_C_Djurisic-o,C,carbon,C,Djurisic-o,4.0,CP,SemiCP,0.0016642823278494,0.0186756503461117,1.0,FDTD_READY,excellent,data/models/C_C_Djurisic-o/SemiCP_M4.json
C_C_Ermolaev,C,carbon,C,Ermolaev,4.0,CP,SemiCP,0.0017521872890753,0.0051133661091112,1.0,FDTD_READY,excellent,data/models/C_C_Ermolaev/SemiCP_M4.json
C_C_Ermolaev-SWCNT-e,C,carbon,C,Ermolaev-SWCNT-e,2.0,CP,SemiCP,0.0001490971647197,0.0003634979904952,1.0,FDTD_READY,excellent,data/models/C_C_Ermolaev-SWCNT-e/SemiCP_M2.json
C_C_Ermolaev-SWCNT-o,C,carbon,C,Ermolaev-SWCNT-o,2.0,CP,SemiCP,0.0005561529454009,0.0017686160285819,1.0000000000000009,FDTD_READY,excellent,data/models/C_C_Ermolaev-SWCNT-o/SemiCP_M2.json
C_C_Hagemann,C,carbon,C,Hagemann,3.0,CP,SemiCP,0.0031972900778046,0.0134993152612518,1.000000000000001,FDTD_READY,excellent,data/models/C_C_Hagemann/SemiCP_M3.json
C_C_Larruquert,C,carbon,C,Larruquert,1.0,CP,SemiCP,0.0048392748163631,0.0327168643325073,1.000000000000001,FDTD_READY,excellent,data/models/C_C_Larruquert/SemiCP_M1.json
C_C_Phillip,C,carbon,C,Phillip,1.0,CP,SemiCP,0.0017942450723246,0.0104125268109299,1.0,FDTD_READY,excellent,data/models/C_C_Phillip/SemiCP_M1.json
C_C_Querry-Asbury3222,C,carbon,C,Querry-Asbury3222,3.0,CP,SemiCP,0.0031808103970784,0.0159577857147419,1.0000000000000024,FDTD_READY,excellent,data/models/C_C_Querry-Asbury3222/SemiCP_M3.json
C_C_Querry-AsburyMicro260,C,carbon,C,Querry-AsburyMicro260,3.0,CP,SemiCP,0.0034033379657769,0.0130180284677246,1.0000000000000016,FDTD_READY,excellent,data/models/C_C_Querry-AsburyMicro260/SemiCP_M3.json
C_C_Querry-Dixon1102,C,carbon,C,Querry-Dixon1102,3.0,CP,SemiCP,0.0021655717924257,0.0084846751801191,1.000000000000003,FDTD_READY,excellent,data/models/C_C_Querry-Dixon1102/SemiCP_M3.json
C_C_Querry-Dixon200-10,C,carbon,C,Querry-Dixon200-10,3.0,CP,SemiCP,0.0045320838075435,0.0257778884807951,1.0000000000000002,FDTD_READY,excellent,data/models/C_C_Querry-Dixon200-10/SemiCP_M3.json
C_C_Querry-DixonHPN2,C,carbon,C,Querry-DixonHPN2,3.0,CP,SemiCP,0.0028638126403958,0.0126859019108704,1.000000000000001,FDTD_READY,excellent,data/models/C_C_Querry-DixonHPN2/SemiCP_M3.json
C_C_Querry-DixonKS2,C,carbon,C,Querry-DixonKS2,3.0,CP,SemiCP,0.0027421123884377,0.0097459357383408,1.0,FDTD_READY,excellent,
C_C_Querry-Pyrolytic,C,carbon,C,Querry-Pyrolytic,2.0,CP,SemiCP,0.0039622999057835,0.0135448129980861,1.0000000000000002,FDTD_READY,excellent,data/models/C_C_Querry-Pyrolytic/SemiCP_M2.json
C_C_Song,C,carbon,C,Song,,none,none,,,,NO_FDTD_READY_MODEL,no_model,
C_C_Song-cHOPG-e,C,carbon,C,Song-cHOPG-e,1.0,CP,SemiCP,0.001088437961269,0.0023539869412713,1.0000000000000002,FDTD_READY,excellent,
C_C_Song-cHOPG-o,C,carbon,C,Song-cHOPG-o,4.0,RP,RP,0.0010678661393963,0.009583371729323,1.0,SELECTED_FDTD_READY,excellent,data/models/C_C_Song-cHOPG-o/RP_M4.json
C_C_Song-sHOPG-e,C,carbon,C,Song-sHOPG-e,1.0,CP,SemiCP,0.0074213948173937,0.0134359733533027,1.0000000054495424,FDTD_READY,acceptable,
C_C_Song-sHOPG-o,C,carbon,C,Song-sHOPG-o,2.0,CP,SemiCP,0.0150200155080849,0.1004502624981847,1.0,FDTD_READY,warning,data/models/C_C_Song-sHOPG-o/SemiCP_M2.json
C_C_Taylor,C,carbon,C,Taylor,1.0,CP,SemiCP,1.4096304104580478e-05,8.566664831800313e-05,1.0000000000000009,FDTD_READY,excellent,data/models/C_C_Taylor/SemiCP_M1.json
C_C_Tikuisis,C,carbon,C,Tikuisis,3.0,CP,SemiCP,0.0012734864980782,0.0135003210551124,1.0000000000000018,FDTD_READY,excellent,data/models/C_C_Tikuisis/SemiCP_M3.json
CdTe_CdTe_Adachi,CdTe,semiconductor,CdTe,Adachi,5.0,RP,RP,0.0053066025602807,0.050733016270678,1.0,SELECTED_FDTD_READY,acceptable,data/models/CdTe_CdTe_Adachi/RP_M5.json
Co_Co_Johnson,Co,metal,Co,Johnson,5.0,CP,SemiCP,0.0090582991952042,0.2240746261949331,1.0000000000000016,FDTD_READY,acceptable,data/models/Co_Co_Johnson/SemiCP_M5.json
Co_Co_Werner,Co,metal,Co,Werner,3.0,CP,SemiCP,0.0039813318170572,0.3267825135571937,1.0,FDTD_READY,excellent,data/models/Co_Co_Werner/SemiCP_M3.json
Co_Co_Werner-DFT,Co,metal,Co,Werner-DFT,4.0,CP,SemiCP,0.0142927529410384,0.6345778859167246,1.0000000000000024,FDTD_READY,warning,data/models/Co_Co_Werner-DFT/SemiCP_M4.json
Cr_Cr_Johnson,Cr,metal,Cr,Johnson,3.0,CP,SemiCP,0.0397581749833584,0.781055319763344,1.0,FDTD_READY,warning,data/models/Cr_Cr_Johnson/SemiCP_M3.json
Cr_Cr_Rakic-BB,Cr,metal,Cr,Rakic-BB,2.0,CP,SemiCP,0.0005933223988476,0.0130279825923638,1.0,FDTD_READY,excellent,
Cr_Cr_Rakic-LD,Cr,metal,Cr,Rakic-LD,2.0,CP,SemiCP,0.0015214404537129,0.0308110772769789,1.0,FDTD_READY,excellent,data/models/Cr_Cr_Rakic-LD/SemiCP_M2.json
Cr_Cr_Sytchkova,Cr,metal,Cr,Sytchkova,4.0,CP,SemiCP,0.000942746402567,0.0340825433610399,1.0000000000000009,FDTD_READY,excellent,data/models/Cr_Cr_Sytchkova/SemiCP_M4.json
Cu_Cu_Babar,Cu,metal,Cu,Babar,4.0,CP,SemiCP,0.0075270628975116,0.0574773162371748,1.0000002742765943,FDTD_READY,acceptable,data/models/Cu_Cu_Babar/SemiCP_M4.json
Cu_Cu_Hagemann,Cu,metal,Cu,Hagemann,4.0,CP,SemiCP,0.0054674341517973,0.0671094421543556,1.0000000000000009,FDTD_READY,acceptable,
Cu_Cu_Johnson,Cu,metal,Cu,Johnson,5.0,CP,SemiCP,0.0126305867535319,0.2377418479839788,1.0,FDTD_READY,warning,
Cu_Cu_McPeak,Cu,metal,Cu,McPeak,4.0,CP,CP,0.0409908475293525,0.8685326913923139,1.0000000000000002,FDTD_READY,warning,
Cu_Cu_Querry,Cu,metal,Cu,Querry,4.0,CP,SemiCP,0.0032169227405623,0.0832996494747979,1.0000000017725776,FDTD_READY,excellent,
Cu_Cu_Rakic-BB,Cu,metal,Cu,Rakic-BB,3.0,CP,SemiCP,0.0185507690342746,0.1576832893339439,1.0,FDTD_READY,warning,data/models/Cu_Cu_Rakic-BB/SemiCP_M3.json
Cu_Cu_Rakic-LD,Cu,metal,Cu,Rakic-LD,4.0,CP,SemiCP,0.000243593391511,0.0018475877942456,1.0000000000000004,FDTD_READY,excellent,
Cu_Cu_Werner,Cu,metal,Cu,Werner,3.0,CP,SemiCP,0.0080497604813751,0.6127175442493643,1.0000000000000004,FDTD_READY,acceptable,
Cu_Cu_Werner-DFT,Cu,metal,Cu,Werner-DFT,5.0,CP,SemiCP,0.0077827208922983,0.1584057754170963,1.0000000000000002,FDTD_READY,acceptable,
Fe_Fe_Johnson,Fe,metal,Fe,Johnson,5.0,CP,SemiCP,0.0240863002580888,0.3991320979356258,1.0000000000000009,FDTD_READY,warning,data/models/Fe_Fe_Johnson/SemiCP_M5.json
Fe_Fe_Querry,Fe,metal,Fe,Querry,2.0,CP,SemiCP,0.0047096775825711,0.0805838739296833,1.0,FDTD_READY,excellent,data/models/Fe_Fe_Querry/SemiCP_M2.json
Fe_Fe_Werner,Fe,metal,Fe,Werner,4.0,CP,SemiCP,0.018833387429605,4.062141257920933,1.000000000000001,FDTD_READY,warning,
Fe_Fe_Werner-DFT,Fe,metal,Fe,Werner-DFT,5.0,CP,SemiCP,0.0045356066649988,0.1022033586667685,1.0,FDTD_READY,excellent,data/models/Fe_Fe_Werner-DFT/SemiCP_M5.json
Fe2O3_Fe2O3_Querry-e,Fe2O3,lossy_transition_metal_oxide,Fe2O3,Querry-e,4.0,CP,SemiCP,0.0027166877069367,0.0192369380973642,1.000000000000001,FDTD_READY,excellent,
Fe2O3_Fe2O3_Querry-o,Fe2O3,lossy_transition_metal_oxide,Fe2O3,Querry-o,4.0,RP,RP,0.0074881926167019,0.0640925234172752,1.0,SELECTED_FDTD_READY,acceptable,data/models/Fe2O3_Fe2O3_Querry-o/RP_M4.json
Fe3O4_Fe3O4_Querry,Fe3O4,lossy_transition_metal_oxide,Fe3O4,Querry,3.0,CP,SemiCP,0.0035787120542199,0.018899867367163,1.0,FDTD_READY,excellent,data/models/Fe3O4_Fe3O4_Querry/SemiCP_M3.json
GaAs_GaAs_Adachi,GaAs,semiconductor,GaAs,Adachi,5.0,CP,CP,0.0531661189502353,1.263105705373806,1.0000000423440232,FDTD_READY,poor,data/models/GaAs_GaAs_Adachi/CP_M5.json
GaAs_GaAs_Papatryfonos,GaAs,semiconductor,GaAs,Papatryfonos,5.0,CP,CP,0.0299053150491849,0.6706978243439373,1.0000001622375676,FDTD_READY,warning,data/models/GaAs_GaAs_Papatryfonos/CP_M5.json
GaAs_GaAs_Rakic,GaAs,semiconductor,GaAs,Rakic,5.0,CP,SemiCP,0.0165693785514687,0.2280354757844509,1.0000000000000004,FDTD_READY,warning,data/models/GaAs_GaAs_Rakic/SemiCP_M5.json
GaP_GaP_Adachi,GaP,semiconductor,GaP,Adachi,3.0,CP,SemiCP,0.0402477079531135,0.954398599146755,1.000000988260799,FDTD_READY,warning,data/models/GaP_GaP_Adachi/SemiCP_M3.json
GaP_GaP_Khmelevskaia,GaP,semiconductor,GaP,Khmelevskaia,3.0,CP,SemiCP,0.0046498184769314,0.078022849116167,1.000000783676187,FDTD_READY,excellent,
GaSb_GaSb_Adachi,GaSb,semiconductor,GaSb,Adachi,3.0,CP,SemiCP,0.0769515214848408,1.917321637402464,1.0000000000000009,FDTD_READY,poor,
GaSb_GaSb_Djurisic,GaSb,semiconductor,GaSb,Djurisic,5.0,CP,SemiCP,0.0019382339877703,0.0417172455947401,1.0000000000000004,FDTD_READY,excellent,data/models/GaSb_GaSb_Djurisic/SemiCP_M5.json
Ge_Ge_Ciesielski-20nm,Ge,semiconductor,Ge,Ciesielski-20nm,5.0,RP,RP,0.0023902260628127,0.0420380238630688,1.000000000000001,SELECTED_FDTD_READY,excellent,data/models/Ge_Ge_Ciesielski-20nm/RP_M5.json
Ge_Ge_Ciesielski-2nm,Ge,semiconductor,Ge,Ciesielski-2nm,3.0,CP,CP,0.0026263534148194,0.0242510238844764,1.0000000000000024,FDTD_READY,excellent,data/models/Ge_Ge_Ciesielski-2nm/CP_M3.json
Ge_Ge_Nunley,Ge,semiconductor,Ge,Nunley,5.0,CP,CP,0.0359863514974525,1.0988942802148591,1.000000000000001,FDTD_READY,warning,data/models/Ge_Ge_Nunley/CP_M5.json
GeS2_GeS2_Slavich-abinitio-alpha,GeS2,chalcogenide_or_2D,GeS2,Slavich-abinitio-alpha,3.0,CP,SemiCP,0.0029786598064166,0.0207559828996109,1.0000000000000009,FDTD_READY,excellent,
GeS2_GeS2_Slavich-abinitio-beta,GeS2,chalcogenide_or_2D,GeS2,Slavich-abinitio-beta,3.0,CP,SemiCP,0.0022953987057828,0.0175634287729292,1.0000000000000004,FDTD_READY,excellent,data/models/GeS2_GeS2_Slavich-abinitio-beta/SemiCP_M3.json
GeS2_GeS2_Slavich-abinitio-gamma,GeS2,chalcogenide_or_2D,GeS2,Slavich-abinitio-gamma,3.0,CP,SemiCP,0.0016330231931553,0.0073780770562215,1.0000000000000004,FDTD_READY,excellent,data/models/GeS2_GeS2_Slavich-abinitio-gamma/SemiCP_M3.json
GeS2_GeS2_Slavich-alpha,GeS2,chalcogenide_or_2D,GeS2,Slavich-alpha,2.0,CP,CP,0.0036447664418419,0.0263372716051937,1.000000867588211,FDTD_READY,excellent,data/models/GeS2_GeS2_Slavich-alpha/CP_M2.json
GeS2_GeS2_Slavich-beta,GeS2,chalcogenide_or_2D,GeS2,Slavich-beta,2.0,CP,CP,0.0028744278039132,0.0247073714153466,1.0000000000000016,FDTD_READY,excellent,data/models/GeS2_GeS2_Slavich-beta/CP_M2.json
GeS2_GeS2_Slavich-gamma,GeS2,chalcogenide_or_2D,GeS2,Slavich-gamma,1.0,CP,CP,0.0053652481074105,0.0231476917804964,1.0000000000000004,FDTD_READY,acceptable,
HfO2_HfO2_Franta,HfO2,high_k_oxide,HfO2,Franta,1.0,CP,CP,0.0007224210977304,0.0032540353259375,1.0000000838907466,FDTD_READY,excellent,data/models/HfO2_HfO2_Franta/CP_M1.json
InAs_InAs_Adachi,InAs,semiconductor,InAs,Adachi,3.0,CP,SemiCP,0.1244443375789024,2.260093175552735,1.0,FDTD_READY,poor,data/models/InAs_InAs_Adachi/SemiCP_M3.json
InP_InP_Adachi,InP,semiconductor,InP,Adachi,5.0,CP,SemiCP,0.087436844679493,1.4381535761207682,1.0000000000000018,FDTD_READY,poor,data/models/InP_InP_Adachi/SemiCP_M5.json
InSb_InSb_Adachi,InSb,semiconductor,InSb,Adachi,5.0,CP,CP,0.1034363910715858,2.5835444032790464,1.0000000000000009,FDTD_READY,poor,
InSb_InSb_Djurisic,InSb,semiconductor,InSb,Djurisic,5.0,CP,SemiCP,0.0075626619412251,0.1400245757173787,1.0,FDTD_READY,acceptable,data/models/InSb_InSb_Djurisic/SemiCP_M5.json
MgF2_MgF2_Franta,MgF2,fluoride,MgF2,Franta,1.0,CP,SemiCP,0.0003795299870673,0.0007243095652207,1.0000002405709123,FDTD_READY,excellent,data/models/MgF2_MgF2_Franta/SemiCP_M1.json
MgF2_MgF2_Rodriguez-de_Marcos,MgF2,fluoride,MgF2,Rodriguez-de Marcos,1.0,CP,CP,3.411593581790129e-05,6.966433925143139e-05,1.0000000000000009,FDTD_READY,excellent,data/models/MgF2_MgF2_Rodriguez-de_Marcos/CP_M1.json
MgO_MgO_Synowicki,MgO,transparent_dielectric_oxide,MgO,Synowicki,1.0,CP,SemiCP,3.290137080657388e-05,9.866645008388402e-05,1.0000003185276949,FDTD_READY,excellent,data/models/MgO_MgO_Synowicki/SemiCP_M1.json
Mo_Mo_Kirillova,Mo,metal,Mo,Kirillova,5.0,CP,SemiCP,0.0150454171550821,0.3546382825358782,1.0000000000000009,FDTD_READY,warning,data/models/Mo_Mo_Kirillova/SemiCP_M5.json
Mo_Mo_Querry,Mo,metal,Mo,Querry,4.0,CP,SemiCP,0.0030748641592311,0.1109353432295139,1.0,FDTD_READY,excellent,
Mo_Mo_Werner,Mo,metal,Mo,Werner,3.0,CP,SemiCP,0.0073069897850861,1.348154849256103,1.0000000000000009,FDTD_READY,acceptable,
Mo_Mo_Werner-DFT,Mo,metal,Mo,Werner-DFT,5.0,CP,SemiCP,0.0116835970752826,0.3312723358566019,1.0,FDTD_READY,warning,data/models/Mo_Mo_Werner-DFT/SemiCP_M5.json
MoO3_MoO3_Lajaunie-alpha,MoO3,lossy_transition_metal_oxide,MoO3,Lajaunie-alpha,3.0,CP,SemiCP,0.0028177236023737,0.0159866640402296,1.0000000000000004,FDTD_READY,excellent,data/models/MoO3_MoO3_Lajaunie-alpha/SemiCP_M3.json
MoO3_MoO3_Lajaunie-beta,MoO3,lossy_transition_metal_oxide,MoO3,Lajaunie-beta,3.0,CP,SemiCP,0.0026783448532883,0.0237079718866876,1.0000000000000004,FDTD_READY,excellent,data/models/MoO3_MoO3_Lajaunie-beta/SemiCP_M3.json
MoO3_MoO3_Lajaunie-gamma,MoO3,lossy_transition_metal_oxide,MoO3,Lajaunie-gamma,4.0,CP,SemiCP,0.0022661686153322,0.0248844799163475,1.0000000000000009,FDTD_READY,excellent,
MoS2_MoS2_Beal,MoS2,chalcogenide_or_2D,MoS2,Beal,5.0,CP,CP,0.0756669701625952,2.225668208779474,1.0000000000000009,FDTD_READY,poor,data/models/MoS2_MoS2_Beal/CP_M5.json
MoS2_MoS2_Ermolaev-1L,MoS2,chalcogenide_or_2D,MoS2,Ermolaev-1L,5.0,CP,CP,0.03644666551197,0.8928577307201928,1.0,FDTD_READY,warning,data/models/MoS2_MoS2_Ermolaev-1L/CP_M5.json
MoS2_MoS2_Ermolaev-o,MoS2,chalcogenide_or_2D,MoS2,Ermolaev-o,5.0,CP,SemiCP,0.0076629510595101,0.1709879366100989,1.0000000000000009,FDTD_READY,acceptable,data/models/MoS2_MoS2_Ermolaev-o/SemiCP_M5.json
MoS2_MoS2_Islam-1L,MoS2,chalcogenide_or_2D,MoS2,Islam-1L,5.0,CP,CP,0.0431228221058281,0.5226987614451292,1.0,FDTD_READY,warning,data/models/MoS2_MoS2_Islam-1L/CP_M5.json
MoS2_MoS2_Islam-fewL,MoS2,chalcogenide_or_2D,MoS2,Islam-fewL,5.0,CP,SemiCP,0.022954495336057,0.221307189365178,1.0000000000000002,FDTD_READY,warning,data/models/MoS2_MoS2_Islam-fewL/SemiCP_M5.json
MoS2_MoS2_Islam-o,MoS2,chalcogenide_or_2D,MoS2,Islam-o,5.0,CP,SemiCP,0.0080775952506156,0.0885775642730091,1.0000004851809947,FDTD_READY,acceptable,data/models/MoS2_MoS2_Islam-o/SemiCP_M5.json
MoS2_MoS2_Munkhbat-e,MoS2,chalcogenide_or_2D,MoS2,Munkhbat-e,1.0,CP,SemiCP,6.098832545983248e-07,4.579127577118164e-06,1.0000000004452805,FDTD_READY,excellent,
MoS2_MoS2_Munkhbat-o,MoS2,chalcogenide_or_2D,MoS2,Munkhbat-o,5.0,RP,RP,0.0201807840863301,0.4024675414933611,1.0000000000000002,SELECTED_FDTD_READY,warning,data/models/MoS2_MoS2_Munkhbat-o/RP_M5.json
MoS2_MoS2_Song-10L,MoS2,chalcogenide_or_2D,MoS2,Song-10L,4.0,CP,SemiCP,0.0270387616444864,0.4461660895844332,1.000000000000001,FDTD_READY,warning,
MoS2_MoS2_Song-13L,MoS2,chalcogenide_or_2D,MoS2,Song-13L,5.0,CP,SemiCP,0.0087319200417365,0.1900127394241468,1.000000000000001,FDTD_READY,acceptable,data/models/MoS2_MoS2_Song-13L/SemiCP_M5.json
MoS2_MoS2_Song-1L,MoS2,chalcogenide_or_2D,MoS2,Song-1L,5.0,CP,SemiCP,0.0073926986368386,0.1490760230988159,1.0000000000000009,FDTD_READY,acceptable,data/models/MoS2_MoS2_Song-1L/SemiCP_M5.json
MoS2_MoS2_Song-3L,MoS2,chalcogenide_or_2D,MoS2,Song-3L,5.0,CP,SemiCP,0.0178740928318083,0.3083708294962243,1.000000000000001,FDTD_READY,warning,
MoS2_MoS2_Song-4L,MoS2,chalcogenide_or_2D,MoS2,Song-4L,5.0,CP,SemiCP,0.0170175994015248,0.2628955496447017,1.0000000000000029,FDTD_READY,warning,data/models/MoS2_MoS2_Song-4L/SemiCP_M5.json
MoS2_MoS2_Song-6L,MoS2,chalcogenide_or_2D,MoS2,Song-6L,5.0,RP,RP,0.0295636837214278,0.5788570443869854,1.0000000000000009,SELECTED_FDTD_READY,warning,data/models/MoS2_MoS2_Song-6L/RP_M5.json
MoS2_MoS2_Song-8L,MoS2,chalcogenide_or_2D,MoS2,Song-8L,5.0,CP,SemiCP,0.0152090631480601,0.2838576929481975,1.000000000000001,FDTD_READY,warning,data/models/MoS2_MoS2_Song-8L/SemiCP_M5.json
MoS2_MoS2_Song-bulk,MoS2,chalcogenide_or_2D,MoS2,Song-bulk,5.0,CP,CP,0.0273264629369757,0.5564406300164321,1.000000000000001,FDTD_READY,warning,data/models/MoS2_MoS2_Song-bulk/CP_M5.json
MoS2_MoS2_Ullberg,MoS2,chalcogenide_or_2D,MoS2,Ullberg,4.0,CP,CP,0.0286413970540419,0.5736484508408319,1.0000001556655644,FDTD_READY,warning,
MoSe2_MoSe2_Beal,MoSe2,chalcogenide_or_2D,MoSe2,Beal,5.0,CP,SemiCP,0.0266008229873102,0.6678232685523375,1.000000000000002,FDTD_READY,warning,
MoSe2_MoSe2_Munkhbat-e,MoSe2,chalcogenide_or_2D,MoSe2,Munkhbat-e,1.0,CP,CP,0.0051200721661472,0.0474065723156351,1.0,FDTD_READY,acceptable,
MoSe2_MoSe2_Munkhbat-o,MoSe2,chalcogenide_or_2D,MoSe2,Munkhbat-o,5.0,RP,RP,0.020726083668809,0.5039483455486249,1.0000000000000004,SELECTED_FDTD_READY,warning,
MoSe2_MoSe2_Pruszynska-Karbownik-e,MoSe2,chalcogenide_or_2D,MoSe2,Pruszynska-Karbownik-e,1.0,CP,CP,0.0003126632366317,0.00286526348532,1.0,FDTD_READY,excellent,data/models/MoSe2_MoSe2_Pruszynska-Karbownik-e/CP_M1.json
MoSe2_MoSe2_Pruszynska-Karbownik-o,MoSe2,chalcogenide_or_2D,MoSe2,Pruszynska-Karbownik-o,5.0,CP,CP,0.0123011906623464,0.2634929984468595,1.0,FDTD_READY,warning,data/models/MoSe2_MoSe2_Pruszynska-Karbownik-o/CP_M5.json
Nb2O5_Nb2O5_Franta,Nb2O5,high_k_oxide,Nb2O5,Franta,2.0,CP,CP,0.0034596527728313,0.0262169109457943,1.000000413206186,FDTD_READY,excellent,data/models/Nb2O5_Nb2O5_Franta/CP_M2.json
Nb2O5_Nb2O5_Lemarchand,Nb2O5,high_k_oxide,Nb2O5,Lemarchand,2.0,CP,CP,0.0044223919814993,0.0361366988619042,1.000000234949733,FDTD_READY,excellent,data/models/Nb2O5_Nb2O5_Lemarchand/CP_M2.json
Ni_Ni_Johnson,Ni,metal,Ni,Johnson,4.0,CP,SemiCP,0.0192211234437147,0.4707168391124985,1.0,FDTD_READY,warning,
Ni_Ni_Rakic-BB,Ni,metal,Ni,Rakic-BB,3.0,CP,SemiCP,0.002931742251802,0.061543946149285,1.0000000000000004,FDTD_READY,excellent,data/models/Ni_Ni_Rakic-BB/SemiCP_M3.json
Ni_Ni_Rakic-LD,Ni,metal,Ni,Rakic-LD,4.0,CP,SemiCP,2.183441458962553e-05,0.0004814013949876,1.0000000010400798,FDTD_READY,excellent,
Ni_Ni_Werner,Ni,metal,Ni,Werner,4.0,CP,SemiCP,0.0095905082720313,1.3498276656557502,1.000000000000001,FDTD_READY,acceptable,data/models/Ni_Ni_Werner/SemiCP_M4.json
Ni_Ni_Werner-DFT,Ni,metal,Ni,Werner-DFT,3.0,CP,SemiCP,0.0087110698240201,0.2224717607545724,1.0000000000000004,FDTD_READY,acceptable,
Pd_Pd_Johnson,Pd,metal,Pd,Johnson,3.0,CP,SemiCP,0.0264428869936192,0.4114594290394175,1.0000000000000004,FDTD_READY,warning,
Pd_Pd_Palm,Pd,metal,Pd,Palm,3.0,CP,SemiCP,0.0040278627011863,0.0509154445154402,1.0000000000000009,FDTD_READY,excellent,data/models/Pd_Pd_Palm/SemiCP_M3.json
Pd_Pd_Rakic-BB,Pd,metal,Pd,Rakic-BB,5.0,CP,SemiCP,0.0003955692602751,0.0077572754615345,1.0000000000000009,FDTD_READY,excellent,data/models/Pd_Pd_Rakic-BB/SemiCP_M5.json
Pd_Pd_Rakic-LD,Pd,metal,Pd,Rakic-LD,4.0,CP,SemiCP,0.0002540052764597,0.0042924633307392,1.0,FDTD_READY,excellent,
Pd_Pd_Werner,Pd,metal,Pd,Werner,2.0,CP,SemiCP,0.0021012423680042,0.0650637851707232,1.0,FDTD_READY,excellent,
Pd_Pd_Werner-DFT,Pd,metal,Pd,Werner-DFT,3.0,CP,SemiCP,0.0033633890889335,0.0999235118643442,1.0000000000000016,FDTD_READY,excellent,data/models/Pd_Pd_Werner-DFT/SemiCP_M3.json
Pt_Pt_Rakic-BB,Pt,metal,Pt,Rakic-BB,3.0,CP,SemiCP,0.0041798738496418,0.1065575216892988,1.0000000000000002,FDTD_READY,excellent,data/models/Pt_Pt_Rakic-BB/SemiCP_M3.json
Pt_Pt_Rakic-LD,Pt,metal,Pt,Rakic-LD,3.0,CP,SemiCP,0.0027962601145936,0.0860639966719198,1.0000000000000002,FDTD_READY,excellent,data/models/Pt_Pt_Rakic-LD/SemiCP_M3.json
Pt_Pt_Tselin,Pt,metal,Pt,Tselin,3.0,CP,SemiCP,0.001204606234022,0.0557287184715255,1.0000000000000004,FDTD_READY,excellent,
Pt_Pt_Werner,Pt,metal,Pt,Werner,3.0,CP,SemiCP,0.004701377029167,0.0938307270671349,1.0,FDTD_READY,excellent,data/models/Pt_Pt_Werner/SemiCP_M3.json
Pt_Pt_Werner-DFT,Pt,metal,Pt,Werner-DFT,4.0,CP,SemiCP,0.0030015284865931,0.1400342335677407,1.000000000000001,FDTD_READY,excellent,
Sc2O3_Sc2O3_Belosludtsev,Sc2O3,transparent_dielectric_oxide,Sc2O3,Belosludtsev,1.0,CP,SemiCP,0.0004101230767338,0.0016769835031699,1.000000031173122,FDTD_READY,excellent,data/models/Sc2O3_Sc2O3_Belosludtsev/SemiCP_M1.json
Si_Si_Franta,Si,semiconductor,Si,Franta,3.0,CP,SemiCP,0.0019969085876237,0.0335965012318165,1.0,FDTD_READY,excellent,data/models/Si_Si_Franta/SemiCP_M3.json
Si_Si_Franta-100K,Si,semiconductor,Si,Franta-100K,4.0,CP,SemiCP,0.002151731679515,0.0649887283585193,1.0000002667683494,FDTD_READY,excellent,
Si_Si_Franta-10K,Si,semiconductor,Si,Franta-10K,3.0,CP,SemiCP,0.0029295794698612,0.125950469922279,1.000000531135207,FDTD_READY,excellent,data/models/Si_Si_Franta-10K/SemiCP_M3.json
Si_Si_Franta-150K,Si,semiconductor,Si,Franta-150K,5.0,CP,CP,0.0033918246988492,0.1055087033388911,1.0000000000000009,FDTD_READY,excellent,
Si_Si_Franta-200K,Si,semiconductor,Si,Franta-200K,5.0,CP,CP,0.0027606968096748,0.099508678420287,1.0,FDTD_READY,excellent,data/models/Si_Si_Franta-200K/CP_M5.json
Si_Si_Franta-20C,Si,semiconductor,Si,Franta-20C,5.0,CP,CP,0.003744900465554,0.1458674886911307,1.0000000000000016,FDTD_READY,excellent,
Si_Si_Franta-250K,Si,semiconductor,Si,Franta-250K,5.0,RP,RP,0.0012937632760889,0.0311226811921454,1.0000005485130183,SELECTED_FDTD_READY,excellent,data/models/Si_Si_Franta-250K/RP_M5.json
Si_Si_Franta-25C,Si,semiconductor,Si,Franta-25C,5.0,CP,CP,0.0024962323283377,0.099373741714369,1.0,FDTD_READY,excellent,data/models/Si_Si_Franta-25C/CP_M5.json
Si_Si_Franta-300K,Si,semiconductor,Si,Franta-300K,5.0,CP,CP,0.0031200452188509,0.095260250401219,1.0000000000000002,FDTD_READY,excellent,
Si_Si_Franta-350K,Si,semiconductor,Si,Franta-350K,4.0,RP,RP,0.0037829769143021,0.0756646782081407,1.0,SELECTED_FDTD_READY,excellent,
Si_Si_Franta-400K,Si,semiconductor,Si,Franta-400K,3.0,CP,SemiCP,0.0028212404958763,0.0924359461496469,1.0000007352746745,FDTD_READY,excellent,data/models/Si_Si_Franta-400K/SemiCP_M3.json
Si_Si_Franta-450K,Si,semiconductor,Si,Franta-450K,3.0,CP,SemiCP,0.0035005079558709,0.1091414798238485,1.00000002468714,FDTD_READY,excellent,
Si_Si_Franta-500K,Si,semiconductor,Si,Franta-500K,3.0,CP,SemiCP,0.0037085264251182,0.1037487845321501,1.000000000000001,FDTD_READY,excellent,data/models/Si_Si_Franta-500K/SemiCP_M3.json
Si_Si_Franta-50K,Si,semiconductor,Si,Franta-50K,4.0,CP,SemiCP,0.0020942583742182,0.0623950025540156,1.0000000361447892,FDTD_READY,excellent,
Si_Si_Green-1995,Si,semiconductor,Si,Green-1995,1.0,CP,CP,0.1490307499944543,4.934511989369689,1.000000000015025,FDTD_READY,poor,
Si_Si_Green-2008,Si,semiconductor,Si,Green-2008,3.0,CP,SemiCP,0.0046139069133356,0.1799614128258365,1.0000009439765127,FDTD_READY,excellent,
Si_Si_Karaman-120C,Si,semiconductor,Si,Karaman-120C,2.0,CP,SemiCP,0.0041975731133937,0.0799181857325719,1.0,FDTD_READY,excellent,
Si_Si_Karaman-170C,Si,semiconductor,Si,Karaman-170C,2.0,CP,SemiCP,0.0040385849862702,0.0811575564665475,1.0000000000000004,FDTD_READY,excellent,
Si_Si_Karaman-20C,Si,semiconductor,Si,Karaman-20C,2.0,CP,SemiCP,0.0040726201846828,0.0772623358917055,1.0000000000000004,FDTD_READY,excellent,
Si_Si_Karaman-220C,Si,semiconductor,Si,Karaman-220C,2.0,CP,SemiCP,0.0025507440694532,0.0474476329543131,1.000000000000001,FDTD_READY,excellent,data/models/Si_Si_Karaman-220C/SemiCP_M2.json
Si_Si_Karaman-70C,Si,semiconductor,Si,Karaman-70C,2.0,CP,SemiCP,0.0040819957788903,0.0760374731361519,1.0,FDTD_READY,excellent,data/models/Si_Si_Karaman-70C/SemiCP_M2.json
Si_Si_Pierce,Si,semiconductor,Si,Pierce,2.0,CP,SemiCP,0.0035179101544554,0.0597532860845984,1.0000000000000009,FDTD_READY,excellent,data/models/Si_Si_Pierce/SemiCP_M2.json
Si_Si_Schinke,Si,semiconductor,Si,Schinke,3.0,CP,CP,0.0047431027949224,0.1980354661882611,1.0000000000000002,FDTD_READY,excellent,data/models/Si_Si_Schinke/CP_M3.json
Si3N4_Si3N4_Beliaev,Si3N4,nitride_or_carbide,Si3N4,Beliaev,1.0,CP,SemiCP,0.0001165326612554,0.000514435166324,1.0000000000000009,FDTD_READY,excellent,data/models/Si3N4_Si3N4_Beliaev/SemiCP_M1.json
Si3N4_Si3N4_Vogt-1,Si3N4,nitride_or_carbide,Si3N4,Vogt-1,1.0,CP,SemiCP,0.0018117401268094,0.0070834490838708,1.0000004262618791,FDTD_READY,excellent,
Si3N4_Si3N4_Vogt-2,Si3N4,nitride_or_carbide,Si3N4,Vogt-2,2.0,CP,SemiCP,0.0015399114165572,0.0072420681297869,1.0,FDTD_READY,excellent,data/models/Si3N4_Si3N4_Vogt-2/SemiCP_M2.json
Si3N4_Si3N4_Vogt-3,Si3N4,nitride_or_carbide,Si3N4,Vogt-3,2.0,CP,CP,0.0036393353557687,0.0192807072738836,1.0,FDTD_READY,excellent,data/models/Si3N4_Si3N4_Vogt-3/CP_M2.json
SiC_SiC_Larruquert,SiC,nitride_or_carbide,SiC,Larruquert,4.0,CP,SemiCP,0.0007631713072377,0.0083398523805592,1.0000000000000004,FDTD_READY,excellent,data/models/SiC_SiC_Larruquert/SemiCP_M4.json
SiO2_SiO2_Franta,SiO2,transparent_dielectric_oxide,SiO2,Franta,1.0,CP,SemiCP,0.0007271958877213,0.0015405343524336,1.0000000641845244,FDTD_READY,excellent,
SiO2_SiO2_Franta-25C,SiO2,transparent_dielectric_oxide,SiO2,Franta-25C,1.0,CP,CP,0.0009580779799072,0.0020881070830937,1.0000000504018784,FDTD_READY,excellent,
SiO2_SiO2_Franta-300C,SiO2,transparent_dielectric_oxide,SiO2,Franta-300C,1.0,CP,SemiCP,0.0007783390621376,0.0016751253480584,1.0,FDTD_READY,excellent,data/models/SiO2_SiO2_Franta-300C/SemiCP_M1.json
SiO2_SiO2_Gao,SiO2,transparent_dielectric_oxide,SiO2,Gao,1.0,CP,CP,0.0004537897336495,0.0010116557995848,1.0000000653985155,FDTD_READY,excellent,data/models/SiO2_SiO2_Gao/CP_M1.json
SiO2_SiO2_Lemarchand,SiO2,transparent_dielectric_oxide,SiO2,Lemarchand,1.0,CP,SemiCP,0.0005207066394578,0.0011422112440087,1.0000000018605275,FDTD_READY,excellent,data/models/SiO2_SiO2_Lemarchand/SemiCP_M1.json
SiO2_SiO2_Rodriguez-de_Marcos,SiO2,transparent_dielectric_oxide,SiO2,Rodriguez-de Marcos,1.0,CP,CP,0.0001159746145995,0.0002528078155198,1.0,FDTD_READY,excellent,data/models/SiO2_SiO2_Rodriguez-de_Marcos/CP_M1.json
Ta_Ta_Werner,Ta,metal,Ta,Werner,2.0,CP,SemiCP,0.000360835150147,0.019899385299093,1.0000000000000009,FDTD_READY,excellent,data/models/Ta_Ta_Werner/SemiCP_M2.json
Ta_Ta_Werner-DFT,Ta,metal,Ta,Werner-DFT,5.0,CP,SemiCP,0.0090430439739593,0.0929578956764174,1.0000000000000002,FDTD_READY,acceptable,data/models/Ta_Ta_Werner-DFT/SemiCP_M5.json
Ta2O5_Ta2O5_Cheikh-amorphous-3.28-12-25,Ta2O5,high_k_oxide,Ta2O5,Cheikh-amorphous-3.28-12-25,1.0,CP,CP,0.004484962903482,0.0261561643724251,1.0000002681875206,FDTD_READY,excellent,
Ta2O5_Ta2O5_Cheikh-amorphous-3.28-16-25,Ta2O5,high_k_oxide,Ta2O5,Cheikh-amorphous-3.28-16-25,1.0,CP,SemiCP,0.0007429998470309,0.0041638261378951,1.000000000000001,FDTD_READY,excellent,data/models/Ta2O5_Ta2O5_Cheikh-amorphous-3.28-16-25/SemiCP_M1.json
Ta2O5_Ta2O5_Cheikh-amorphous-3.28-4-25,Ta2O5,high_k_oxide,Ta2O5,Cheikh-amorphous-3.28-4-25,1.0,CP,SemiCP,0.0007613246874339,0.0041455515119611,1.0,FDTD_READY,excellent,data/models/Ta2O5_Ta2O5_Cheikh-amorphous-3.28-4-25/SemiCP_M1.json
Ta2O5_Ta2O5_Cheikh-amorphous-3.28-8-25,Ta2O5,high_k_oxide,Ta2O5,Cheikh-amorphous-3.28-8-25,1.0,CP,SemiCP,0.0007495339293955,0.0042192247663877,1.0000000000000002,FDTD_READY,excellent,data/models/Ta2O5_Ta2O5_Cheikh-amorphous-3.28-8-25/SemiCP_M1.json
Ta2O5_Ta2O5_Cheikh-amorphous-3.28-8-450,Ta2O5,high_k_oxide,Ta2O5,Cheikh-amorphous-3.28-8-450,1.0,CP,SemiCP,0.0006509808603358,0.0035892341328222,1.0,FDTD_READY,excellent,data/models/Ta2O5_Ta2O5_Cheikh-amorphous-3.28-8-450/SemiCP_M1.json
Ta2O5_Ta2O5_Cheikh-amorphous-3.28-8-550,Ta2O5,high_k_oxide,Ta2O5,Cheikh-amorphous-3.28-8-550,1.0,CP,SemiCP,0.0006599492907541,0.0036108698969376,1.0000000000000004,FDTD_READY,excellent,data/models/Ta2O5_Ta2O5_Cheikh-amorphous-3.28-8-550/SemiCP_M1.json
Ta2O5_Ta2O5_Cheikh-amorphous-4.38-12-25,Ta2O5,high_k_oxide,Ta2O5,Cheikh-amorphous-4.38-12-25,1.0,CP,SemiCP,0.0020223375826169,0.009523245552764,1.0,FDTD_READY,excellent,data/models/Ta2O5_Ta2O5_Cheikh-amorphous-4.38-12-25/SemiCP_M1.json
Ta2O5_Ta2O5_Cheikh-amorphous-5.48-12-25,Ta2O5,high_k_oxide,Ta2O5,Cheikh-amorphous-5.48-12-25,1.0,CP,CP,0.0039622784984654,0.023134483379225,1.0000002545502171,FDTD_READY,excellent,
Ta2O5_Ta2O5_Cheikh-amorphous-6.75-12-25,Ta2O5,high_k_oxide,Ta2O5,Cheikh-amorphous-6.75-12-25,1.0,CP,SemiCP,0.0008056906743963,0.0045249082237382,1.0000000000000002,FDTD_READY,excellent,data/models/Ta2O5_Ta2O5_Cheikh-amorphous-6.75-12-25/SemiCP_M1.json
Ta2O5_Ta2O5_Cheikh-crystalline-3.28-8-650,Ta2O5,high_k_oxide,Ta2O5,Cheikh-crystalline-3.28-8-650,2.0,CP,CP,0.0006363549974932,0.0031912849450359,1.0000000000000004,FDTD_READY,excellent,data/models/Ta2O5_Ta2O5_Cheikh-crystalline-3.28-8-650/CP_M2.json
Ta2O5_Ta2O5_Cheikh-crystalline-3.28-8-750,Ta2O5,high_k_oxide,Ta2O5,Cheikh-crystalline-3.28-8-750,2.0,CP,CP,0.001023885076798,0.005420836985181,1.0000000000000009,FDTD_READY,excellent,
Ta2O5_Ta2O5_Cheikh-crystalline-3.28-8-850,Ta2O5,high_k_oxide,Ta2O5,Cheikh-crystalline-3.28-8-850,1.0,CP,SemiCP,0.0042728648296133,0.0218351907299022,1.0000009214276189,FDTD_READY,excellent,data/models/Ta2O5_Ta2O5_Cheikh-crystalline-3.28-8-850/SemiCP_M1.json
Ta2O5_Ta2O5_Franta-2015,Ta2O5,high_k_oxide,Ta2O5,Franta-2015,1.0,CP,SemiCP,0.0013621094836865,0.0068386088611124,1.0000000089350518,FDTD_READY,excellent,data/models/Ta2O5_Ta2O5_Franta-2015/SemiCP_M1.json
Ta2O5_Ta2O5_Franta-2025,Ta2O5,high_k_oxide,Ta2O5,Franta-2025,1.0,CP,SemiCP,0.0013460290391023,0.0069111148963698,1.0000000086542762,FDTD_READY,excellent,
Ta2O5_Ta2O5_Rodriguez-de_Marcos,Ta2O5,high_k_oxide,Ta2O5,Rodriguez-de Marcos,1.0,CP,SemiCP,0.0012620144589616,0.0064482629555552,1.0000000000000002,FDTD_READY,excellent,
Ti_Ti_Johnson,Ti,metal,Ti,Johnson,5.0,CP,SemiCP,0.025634150740388,0.5832879556069916,1.0000000000000004,FDTD_READY,warning,data/models/Ti_Ti_Johnson/SemiCP_M5.json
Ti_Ti_Palm,Ti,metal,Ti,Palm,4.0,CP,SemiCP,0.0009813505320361,0.0070278441396973,1.0000000000000009,FDTD_READY,excellent,
Ti_Ti_Rakic-BB,Ti,metal,Ti,Rakic-BB,3.0,CP,SemiCP,0.0013119525595746,0.0203818338556976,1.0000000000000002,FDTD_READY,excellent,
Ti_Ti_Rakic-LD,Ti,metal,Ti,Rakic-LD,3.0,CP,SemiCP,0.0003781459730425,0.0066204263144657,1.0000000000000029,FDTD_READY,excellent,data/models/Ti_Ti_Rakic-LD/SemiCP_M3.json
Ti_Ti_Werner,Ti,metal,Ti,Werner,4.0,CP,SemiCP,0.0039147181621151,0.1698494654332407,1.0000004700907907,FDTD_READY,excellent,data/models/Ti_Ti_Werner/SemiCP_M4.json
Ti_Ti_Werner-DFT,Ti,metal,Ti,Werner-DFT,5.0,CP,CP,0.0132182983010915,0.468013771620795,1.0000000000000016,FDTD_READY,warning,data/models/Ti_Ti_Werner-DFT/CP_M5.json
TiN_TiN_Beliaev-sputtering,TiN,nitride_or_carbide,TiN,Beliaev-sputtering,3.0,CP,SemiCP,0.0175713235261552,0.1575091778600602,1.0,FDTD_READY,warning,data/models/TiN_TiN_Beliaev-sputtering/SemiCP_M3.json
TiN_TiN_Pfluger,TiN,nitride_or_carbide,TiN,Pfluger,5.0,CP,SemiCP,0.0194096710819349,0.1792018634248461,1.0,FDTD_READY,warning,data/models/TiN_TiN_Pfluger/SemiCP_M5.json
TiN_TiN_Shkondin,TiN,nitride_or_carbide,TiN,Shkondin,4.0,CP,SemiCP,0.0022424823692196,0.0178936633437338,1.0,FDTD_READY,excellent,
TiN_TiN_Shkondin-700,TiN,nitride_or_carbide,TiN,Shkondin-700,4.0,CP,SemiCP,0.0029997376261676,0.0307791224462868,1.0000000000000004,FDTD_READY,excellent,
TiN_TiN_Shkondin-800,TiN,nitride_or_carbide,TiN,Shkondin-800,5.0,CP,SemiCP,0.0011719947641959,0.0059344296293128,1.0000000000000009,FDTD_READY,excellent,data/models/TiN_TiN_Shkondin-800/SemiCP_M5.json
TiN_TiN_Shkondin-900,TiN,nitride_or_carbide,TiN,Shkondin-900,5.0,CP,SemiCP,0.0013042016805378,0.0061221797784707,1.0000000000000004,FDTD_READY,excellent,
TiO2_TiO2_Franta,TiO2,high_k_oxide,TiO2,Franta,2.0,CP,SemiCP,0.0044502993209513,0.0339698084094585,1.000000273596992,FDTD_READY,excellent,data/models/TiO2_TiO2_Franta/SemiCP_M2.json
TiO2_TiO2_Sarkar,TiO2,high_k_oxide,TiO2,Sarkar,4.0,CP,SemiCP,0.0018837667657116,0.0108339368992228,1.0,FDTD_READY,excellent,data/models/TiO2_TiO2_Sarkar/SemiCP_M4.json
TiO2_TiO2_Siefke,TiO2,high_k_oxide,TiO2,Siefke,3.0,CP,CP,0.0015852489349911,0.0129496243196534,1.0000008120517947,FDTD_READY,excellent,
TiO2_TiO2_Zhukovsky,TiO2,high_k_oxide,TiO2,Zhukovsky,2.0,CP,SemiCP,0.0029989929799633,0.0335114276093799,1.0000000380120333,FDTD_READY,excellent,data/models/TiO2_TiO2_Zhukovsky/SemiCP_M2.json
V_V_Johnson,V,metal,V,Johnson,5.0,CP,SemiCP,0.0551959967815854,1.1774762195101236,1.0000000000000002,FDTD_READY,poor,data/models/V_V_Johnson/SemiCP_M5.json
V_V_Werner,V,metal,V,Werner,2.0,CP,SemiCP,0.0012794261595382,0.0497413965891136,1.0,FDTD_READY,excellent,data/models/V_V_Werner/SemiCP_M2.json
V_V_Werner-DFT,V,metal,V,Werner-DFT,5.0,CP,SemiCP,0.0175388931841403,0.3359562026546446,1.0000000000000022,FDTD_READY,warning,
VO2_VO2_Oguntoye-20C,VO2,lossy_transition_metal_oxide,VO2,Oguntoye-20C,3.0,CP,SemiCP,0.004488908126694,0.0297081441982292,1.0000000000000002,FDTD_READY,excellent,
VO2_VO2_Oguntoye-30C,VO2,lossy_transition_metal_oxide,VO2,Oguntoye-30C,3.0,CP,SemiCP,0.0043287309209869,0.0285199640771963,1.000000000000002,FDTD_READY,excellent,data/models/VO2_VO2_Oguntoye-30C/SemiCP_M3.json
VO2_VO2_Oguntoye-40C,VO2,lossy_transition_metal_oxide,VO2,Oguntoye-40C,3.0,CP,SemiCP,0.004031259546519,0.0263804731018656,1.0,FDTD_READY,excellent,data/models/VO2_VO2_Oguntoye-40C/SemiCP_M3.json
VO2_VO2_Oguntoye-50C,VO2,lossy_transition_metal_oxide,VO2,Oguntoye-50C,3.0,CP,SemiCP,0.0038475623525767,0.0251169064962547,1.0,FDTD_READY,excellent,data/models/VO2_VO2_Oguntoye-50C/SemiCP_M3.json
VO2_VO2_Oguntoye-55C,VO2,lossy_transition_metal_oxide,VO2,Oguntoye-55C,4.0,CP,SemiCP,0.003316050541066,0.020009662014903,1.0000000000000024,FDTD_READY,excellent,
VO2_VO2_Oguntoye-60C,VO2,lossy_transition_metal_oxide,VO2,Oguntoye-60C,4.0,CP,SemiCP,0.0015751745679824,0.0077494817682388,1.000000000000001,FDTD_READY,excellent,data/models/VO2_VO2_Oguntoye-60C/SemiCP_M4.json
VO2_VO2_Oguntoye-70C,VO2,lossy_transition_metal_oxide,VO2,Oguntoye-70C,4.0,CP,SemiCP,0.0036774628398734,0.0218364041759744,1.0,FDTD_READY,excellent,
VO2_VO2_Oguntoye-80C,VO2,lossy_transition_metal_oxide,VO2,Oguntoye-80C,4.0,CP,SemiCP,0.0034134816639971,0.0201698781591756,1.0000000000000002,FDTD_READY,excellent,data/models/VO2_VO2_Oguntoye-80C/SemiCP_M4.json
W_W_Rakic-BB,W,metal,W,Rakic-BB,3.0,CP,SemiCP,0.0416432761358639,0.8000245367778828,1.0000000000000002,FDTD_READY,warning,
W_W_Rakic-LD,W,metal,W,Rakic-LD,4.0,CP,SemiCP,0.0180819477113279,0.3480733934063436,1.0000000000000002,FDTD_READY,warning,data/models/W_W_Rakic-LD/SemiCP_M4.json
W_W_Weaver,W,metal,W,Weaver,5.0,CP,SemiCP,0.0233042005969718,0.4896307922111253,1.0,FDTD_READY,warning,
W_W_Werner,W,metal,W,Werner,5.0,CP,SemiCP,0.0132358401664221,0.759064038017291,1.0,FDTD_READY,warning,data/models/W_W_Werner/SemiCP_M5.json
W_W_Werner-DFT,W,metal,W,Werner-DFT,5.0,CP,SemiCP,0.0074396190884032,0.1720073991490271,1.0,FDTD_READY,acceptable,
WS2_WS2_Munkhbat-e,WS2,chalcogenide_or_2D,WS2,Munkhbat-e,1.0,CP,CP,0.0080258274747573,0.0653748542086288,1.0000000000000004,FDTD_READY,acceptable,
WS2_WS2_Munkhbat-o,WS2,chalcogenide_or_2D,WS2,Munkhbat-o,4.0,CP,CP,0.1033443042842927,2.3147698309080247,1.0000000000000009,FDTD_READY,poor,data/models/WS2_WS2_Munkhbat-o/CP_M4.json
WSe2_WSe2_Gu-1L,WSe2,chalcogenide_or_2D,WSe2,Gu-1L,3.0,RP,RP,0.1436796607599962,2.9662950702579414,1.0,SELECTED_FDTD_READY,poor,data/models/WSe2_WSe2_Gu-1L/RP_M3.json
WSe2_WSe2_Gu-2L,WSe2,chalcogenide_or_2D,WSe2,Gu-2L,5.0,RP,RP,0.0337067503769461,0.5775935932217946,1.0000000000000002,SELECTED_FDTD_READY,warning,data/models/WSe2_WSe2_Gu-2L/RP_M5.json
WSe2_WSe2_Gu-3L,WSe2,chalcogenide_or_2D,WSe2,Gu-3L,5.0,CP,SemiCP,0.096336067383983,1.949085750945936,1.0000000000000016,FDTD_READY,poor,data/models/WSe2_WSe2_Gu-3L/SemiCP_M5.json
WSe2_WSe2_Gu-4L,WSe2,chalcogenide_or_2D,WSe2,Gu-4L,4.0,CP,SemiCP,0.1013687835578784,2.3017597418880453,1.0000000000000002,FDTD_READY,poor,data/models/WSe2_WSe2_Gu-4L/SemiCP_M4.json
WSe2_WSe2_Gu-5L,WSe2,chalcogenide_or_2D,WSe2,Gu-5L,3.0,RP,RP,0.0782950697834055,1.8606688689398807,1.0000000000000009,SELECTED_FDTD_READY,poor,data/models/WSe2_WSe2_Gu-5L/RP_M3.json
WSe2_WSe2_Munkhbat-e,WSe2,chalcogenide_or_2D,WSe2,Munkhbat-e,,none,none,,,,NO_FDTD_READY_MODEL,no_model,
WSe2_WSe2_Munkhbat-o,WSe2,chalcogenide_or_2D,WSe2,Munkhbat-o,5.0,CP,CP,0.0211081922844363,0.4752841892201466,1.000000000000001,FDTD_READY,warning,data/models/WSe2_WSe2_Munkhbat-o/CP_M5.json
ZnO_ZnO_Aguilar,ZnO,TCO_or_semiconducting_oxide,ZnO,Aguilar,2.0,CP,SemiCP,0.0021932249462828,0.0074503470028145,1.0000000000000009,FDTD_READY,excellent,data/models/ZnO_ZnO_Aguilar/SemiCP_M2.json
ZnO_ZnO_Querry,ZnO,TCO_or_semiconducting_oxide,ZnO,Querry,3.0,CP,SemiCP,0.044675797087864,0.109039247993731,1.0,FDTD_READY,warning,
ZnS_ZnS_Querry,ZnS,semiconductor,ZnS,Querry,4.0,CP,CP,0.0023989421078501,0.0163154385100607,1.0000000000000018,FDTD_READY,excellent,data/models/ZnS_ZnS_Querry/CP_M4.json
ZrO2_ZrO2_Synowicki,ZrO2,high_k_oxide,ZrO2,Synowicki,1.0,CP,CP,6.838533628032604e-05,0.000341517755289,1.0000000000000009,FDTD_READY,excellent,
