record_key,material,book,page,raw_database_points,fitting_grid_points,raw_exists,fit_exists
Ag_Ag_Babar,Ag,Ag,Babar,data/experimental/Ag_Ag_Babar/raw_database_points.json,data/experimental/Ag_Ag_Babar/fitting_grid_points.json,True,True
Ag_Ag_Ciesielski,Ag,Ag,Ciesielski,data/experimental/Ag_Ag_Ciesielski/raw_database_points.json,data/experimental/Ag_Ag_Ciesielski/fitting_grid_points.json,True,True
Ag_Ag_Ciesielski-Ge,Ag,Ag,Ciesielski-Ge,data/experimental/Ag_Ag_Ciesielski-Ge/raw_database_points.json,data/experimental/Ag_Ag_Ciesielski-Ge/fitting_grid_points.json,True,True
Ag_Ag_Ciesielski-Ni,Ag,Ag,Ciesielski-Ni,data/experimental/Ag_Ag_Ciesielski-Ni/raw_database_points.json,data/experimental/Ag_Ag_Ciesielski-Ni/fitting_grid_points.json,True,True
Ag_Ag_Ferrera-298K,Ag,Ag,Ferrera-298K,data/experimental/Ag_Ag_Ferrera-298K/raw_database_points.json,data/experimental/Ag_Ag_Ferrera-298K/fitting_grid_points.json,True,True
Ag_Ag_Ferrera-404K,Ag,Ag,Ferrera-404K,data/experimental/Ag_Ag_Ferrera-404K/raw_database_points.json,data/experimental/Ag_Ag_Ferrera-404K/fitting_grid_points.json,True,True
Ag_Ag_Ferrera-501K,Ag,Ag,Ferrera-501K,data/experimental/Ag_Ag_Ferrera-501K/raw_database_points.json,data/experimental/Ag_Ag_Ferrera-501K/fitting_grid_points.json,True,True
Ag_Ag_Ferrera-600K,Ag,Ag,Ferrera-600K,data/experimental/Ag_Ag_Ferrera-600K/raw_database_points.json,data/experimental/Ag_Ag_Ferrera-600K/fitting_grid_points.json,True,True
Ag_Ag_Hagemann,Ag,Ag,Hagemann,data/experimental/Ag_Ag_Hagemann/raw_database_points.json,data/experimental/Ag_Ag_Hagemann/fitting_grid_points.json,True,True
Ag_Ag_Jiang,Ag,Ag,Jiang,data/experimental/Ag_Ag_Jiang/raw_database_points.json,data/experimental/Ag_Ag_Jiang/fitting_grid_points.json,True,True
Ag_Ag_Johnson,Ag,Ag,Johnson,data/experimental/Ag_Ag_Johnson/raw_database_points.json,data/experimental/Ag_Ag_Johnson/fitting_grid_points.json,True,True
Ag_Ag_McPeak,Ag,Ag,McPeak,data/experimental/Ag_Ag_McPeak/raw_database_points.json,data/experimental/Ag_Ag_McPeak/fitting_grid_points.json,True,True
Ag_Ag_Rakic-BB,Ag,Ag,Rakic-BB,data/experimental/Ag_Ag_Rakic-BB/raw_database_points.json,data/experimental/Ag_Ag_Rakic-BB/fitting_grid_points.json,True,True
Ag_Ag_Rakic-LD,Ag,Ag,Rakic-LD,data/experimental/Ag_Ag_Rakic-LD/raw_database_points.json,data/experimental/Ag_Ag_Rakic-LD/fitting_grid_points.json,True,True
Ag_Ag_Werner,Ag,Ag,Werner,data/experimental/Ag_Ag_Werner/raw_database_points.json,data/experimental/Ag_Ag_Werner/fitting_grid_points.json,True,True
Ag_Ag_Werner-DFT,Ag,Ag,Werner-DFT,data/experimental/Ag_Ag_Werner-DFT/raw_database_points.json,data/experimental/Ag_Ag_Werner-DFT/fitting_grid_points.json,True,True
Ag_Ag_Yang,Ag,Ag,Yang,data/experimental/Ag_Ag_Yang/raw_database_points.json,data/experimental/Ag_Ag_Yang/fitting_grid_points.json,True,True
Al2O3_Al2O3_Boidin,Al2O3,Al2O3,Boidin,data/experimental/Al2O3_Al2O3_Boidin/raw_database_points.json,data/experimental/Al2O3_Al2O3_Boidin/fitting_grid_points.json,True,True
Al2O3_Al2O3_Franta,Al2O3,Al2O3,Franta,data/experimental/Al2O3_Al2O3_Franta/raw_database_points.json,data/experimental/Al2O3_Al2O3_Franta/fitting_grid_points.json,True,True
Al2O3_Al2O3_Querry,Al2O3,Al2O3,Querry,data/experimental/Al2O3_Al2O3_Querry/raw_database_points.json,data/experimental/Al2O3_Al2O3_Querry/fitting_grid_points.json,True,True
Al2O3_Al2O3_Querry-e,Al2O3,Al2O3,Querry-e,data/experimental/Al2O3_Al2O3_Querry-e/raw_database_points.json,data/experimental/Al2O3_Al2O3_Querry-e/fitting_grid_points.json,True,True
Al2O3_Al2O3_Querry-o,Al2O3,Al2O3,Querry-o,data/experimental/Al2O3_Al2O3_Querry-o/raw_database_points.json,data/experimental/Al2O3_Al2O3_Querry-o/fitting_grid_points.json,True,True
Al2O3_Al2O3_Rodriguez_de_Marcos,Al2O3,Al2O3,Rodriguez de Marcos,data/experimental/Al2O3_Al2O3_Rodriguez_de_Marcos/raw_database_points.json,data/experimental/Al2O3_Al2O3_Rodriguez_de_Marcos/fitting_grid_points.json,True,True
Al2O3_Al2O3_Zhukovsky,Al2O3,Al2O3,Zhukovsky,data/experimental/Al2O3_Al2O3_Zhukovsky/raw_database_points.json,data/experimental/Al2O3_Al2O3_Zhukovsky/fitting_grid_points.json,True,True
AlAs_AlAs_Rakic,AlAs,AlAs,Rakic,data/experimental/AlAs_AlAs_Rakic/raw_database_points.json,data/experimental/AlAs_AlAs_Rakic/fitting_grid_points.json,True,True
AlN_AlN_Beliaev1,AlN,AlN,Beliaev1,data/experimental/AlN_AlN_Beliaev1/raw_database_points.json,data/experimental/AlN_AlN_Beliaev1/fitting_grid_points.json,True,True
Al_Al_Hagemann,Al,Al,Hagemann,data/experimental/Al_Al_Hagemann/raw_database_points.json,data/experimental/Al_Al_Hagemann/fitting_grid_points.json,True,True
Al_Al_McPeak,Al,Al,McPeak,data/experimental/Al_Al_McPeak/raw_database_points.json,data/experimental/Al_Al_McPeak/fitting_grid_points.json,True,True
Al_Al_Rakic,Al,Al,Rakic,data/experimental/Al_Al_Rakic/raw_database_points.json,data/experimental/Al_Al_Rakic/fitting_grid_points.json,True,True
Al_Al_Rakic-BB,Al,Al,Rakic-BB,data/experimental/Al_Al_Rakic-BB/raw_database_points.json,data/experimental/Al_Al_Rakic-BB/fitting_grid_points.json,True,True
Al_Al_Rakic-LD,Al,Al,Rakic-LD,data/experimental/Al_Al_Rakic-LD/raw_database_points.json,data/experimental/Al_Al_Rakic-LD/fitting_grid_points.json,True,True
As2S3_As2S3_Slavich-abinitio-alpha,As2S3,As2S3,Slavich-abinitio-alpha,data/experimental/As2S3_As2S3_Slavich-abinitio-alpha/raw_database_points.json,data/experimental/As2S3_As2S3_Slavich-abinitio-alpha/fitting_grid_points.json,True,True
As2S3_As2S3_Slavich-abinitio-beta,As2S3,As2S3,Slavich-abinitio-beta,data/experimental/As2S3_As2S3_Slavich-abinitio-beta/raw_database_points.json,data/experimental/As2S3_As2S3_Slavich-abinitio-beta/fitting_grid_points.json,True,True
As2S3_As2S3_Slavich-abinitio-gamma,As2S3,As2S3,Slavich-abinitio-gamma,data/experimental/As2S3_As2S3_Slavich-abinitio-gamma/raw_database_points.json,data/experimental/As2S3_As2S3_Slavich-abinitio-gamma/fitting_grid_points.json,True,True
As2S3_As2S3_Synowicki,As2S3,As2S3,Synowicki,data/experimental/As2S3_As2S3_Synowicki/raw_database_points.json,data/experimental/As2S3_As2S3_Synowicki/fitting_grid_points.json,True,True
As2Se3_As2Se3_Joseph-400nm,As2Se3,As2Se3,Joseph-400nm,data/experimental/As2Se3_As2Se3_Joseph-400nm/raw_database_points.json,data/experimental/As2Se3_As2Se3_Joseph-400nm/fitting_grid_points.json,True,True
As2Se3_As2Se3_Joseph-700nm,As2Se3,As2Se3,Joseph-700nm,data/experimental/As2Se3_As2Se3_Joseph-700nm/raw_database_points.json,data/experimental/As2Se3_As2Se3_Joseph-700nm/fitting_grid_points.json,True,True
Au_Au_Babar,Au,Au,Babar,data/experimental/Au_Au_Babar/raw_database_points.json,data/experimental/Au_Au_Babar/fitting_grid_points.json,True,True
Au_Au_Ciesielski,Au,Au,Ciesielski,data/experimental/Au_Au_Ciesielski/raw_database_points.json,data/experimental/Au_Au_Ciesielski/fitting_grid_points.json,True,True
Au_Au_Ciesielski-Ge,Au,Au,Ciesielski-Ge,data/experimental/Au_Au_Ciesielski-Ge/raw_database_points.json,data/experimental/Au_Au_Ciesielski-Ge/fitting_grid_points.json,True,True
Au_Au_Hagemann,Au,Au,Hagemann,data/experimental/Au_Au_Hagemann/raw_database_points.json,data/experimental/Au_Au_Hagemann/fitting_grid_points.json,True,True
Au_Au_Johnson,Au,Au,Johnson,data/experimental/Au_Au_Johnson/raw_database_points.json,data/experimental/Au_Au_Johnson/fitting_grid_points.json,True,True
Au_Au_Magnozzi-225C,Au,Au,Magnozzi-225C,data/experimental/Au_Au_Magnozzi-225C/raw_database_points.json,data/experimental/Au_Au_Magnozzi-225C/fitting_grid_points.json,True,True
Au_Au_Magnozzi-25C,Au,Au,Magnozzi-25C,data/experimental/Au_Au_Magnozzi-25C/raw_database_points.json,data/experimental/Au_Au_Magnozzi-25C/fitting_grid_points.json,True,True
Au_Au_Magnozzi-350C,Au,Au,Magnozzi-350C,data/experimental/Au_Au_Magnozzi-350C/raw_database_points.json,data/experimental/Au_Au_Magnozzi-350C/fitting_grid_points.json,True,True
Au_Au_McPeak,Au,Au,McPeak,data/experimental/Au_Au_McPeak/raw_database_points.json,data/experimental/Au_Au_McPeak/fitting_grid_points.json,True,True
Au_Au_Olmon-ev,Au,Au,Olmon-ev,data/experimental/Au_Au_Olmon-ev/raw_database_points.json,data/experimental/Au_Au_Olmon-ev/fitting_grid_points.json,True,True
Au_Au_Olmon-sc,Au,Au,Olmon-sc,data/experimental/Au_Au_Olmon-sc/raw_database_points.json,data/experimental/Au_Au_Olmon-sc/fitting_grid_points.json,True,True
Au_Au_Olmon-ts,Au,Au,Olmon-ts,data/experimental/Au_Au_Olmon-ts/raw_database_points.json,data/experimental/Au_Au_Olmon-ts/fitting_grid_points.json,True,True
Au_Au_Rakic-BB,Au,Au,Rakic-BB,data/experimental/Au_Au_Rakic-BB/raw_database_points.json,data/experimental/Au_Au_Rakic-BB/fitting_grid_points.json,True,True
Au_Au_Rakic-LD,Au,Au,Rakic-LD,data/experimental/Au_Au_Rakic-LD/raw_database_points.json,data/experimental/Au_Au_Rakic-LD/fitting_grid_points.json,True,True
Au_Au_Rosenblatt-11nm,Au,Au,Rosenblatt-11nm,data/experimental/Au_Au_Rosenblatt-11nm/raw_database_points.json,data/experimental/Au_Au_Rosenblatt-11nm/fitting_grid_points.json,True,True
Au_Au_Rosenblatt-21nm,Au,Au,Rosenblatt-21nm,data/experimental/Au_Au_Rosenblatt-21nm/raw_database_points.json,data/experimental/Au_Au_Rosenblatt-21nm/fitting_grid_points.json,True,True
Au_Au_Rosenblatt-44nm,Au,Au,Rosenblatt-44nm,data/experimental/Au_Au_Rosenblatt-44nm/raw_database_points.json,data/experimental/Au_Au_Rosenblatt-44nm/fitting_grid_points.json,True,True
Au_Au_Werner,Au,Au,Werner,data/experimental/Au_Au_Werner/raw_database_points.json,data/experimental/Au_Au_Werner/fitting_grid_points.json,True,True
Au_Au_Werner-DFT,Au,Au,Werner-DFT,data/experimental/Au_Au_Werner-DFT/raw_database_points.json,data/experimental/Au_Au_Werner-DFT/fitting_grid_points.json,True,True
Au_Au_Yakubovsky-117nm,Au,Au,Yakubovsky-117nm,data/experimental/Au_Au_Yakubovsky-117nm/raw_database_points.json,data/experimental/Au_Au_Yakubovsky-117nm/fitting_grid_points.json,True,True
Au_Au_Yakubovsky-25nm,Au,Au,Yakubovsky-25nm,data/experimental/Au_Au_Yakubovsky-25nm/raw_database_points.json,data/experimental/Au_Au_Yakubovsky-25nm/fitting_grid_points.json,True,True
Au_Au_Yakubovsky-4nm,Au,Au,Yakubovsky-4nm,data/experimental/Au_Au_Yakubovsky-4nm/raw_database_points.json,data/experimental/Au_Au_Yakubovsky-4nm/fitting_grid_points.json,True,True
Au_Au_Yakubovsky-53nm,Au,Au,Yakubovsky-53nm,data/experimental/Au_Au_Yakubovsky-53nm/raw_database_points.json,data/experimental/Au_Au_Yakubovsky-53nm/fitting_grid_points.json,True,True
Au_Au_Yakubovsky-6nm,Au,Au,Yakubovsky-6nm,data/experimental/Au_Au_Yakubovsky-6nm/raw_database_points.json,data/experimental/Au_Au_Yakubovsky-6nm/fitting_grid_points.json,True,True
Au_Au_Yakubovsky-9nm,Au,Au,Yakubovsky-9nm,data/experimental/Au_Au_Yakubovsky-9nm/raw_database_points.json,data/experimental/Au_Au_Yakubovsky-9nm/fitting_grid_points.json,True,True
BaF2_BaF2_Querry,BaF2,BaF2,Querry,data/experimental/BaF2_BaF2_Querry/raw_database_points.json,data/experimental/BaF2_BaF2_Querry/fitting_grid_points.json,True,True
C_C_Djurisic-o,C,C,Djurisic-o,data/experimental/C_C_Djurisic-o/raw_database_points.json,data/experimental/C_C_Djurisic-o/fitting_grid_points.json,True,True
C_C_Ermolaev,C,C,Ermolaev,data/experimental/C_C_Ermolaev/raw_database_points.json,data/experimental/C_C_Ermolaev/fitting_grid_points.json,True,True
C_C_Ermolaev-SWCNT-e,C,C,Ermolaev-SWCNT-e,data/experimental/C_C_Ermolaev-SWCNT-e/raw_database_points.json,data/experimental/C_C_Ermolaev-SWCNT-e/fitting_grid_points.json,True,True
C_C_Ermolaev-SWCNT-o,C,C,Ermolaev-SWCNT-o,data/experimental/C_C_Ermolaev-SWCNT-o/raw_database_points.json,data/experimental/C_C_Ermolaev-SWCNT-o/fitting_grid_points.json,True,True
C_C_Hagemann,C,C,Hagemann,data/experimental/C_C_Hagemann/raw_database_points.json,data/experimental/C_C_Hagemann/fitting_grid_points.json,True,True
C_C_Larruquert,C,C,Larruquert,data/experimental/C_C_Larruquert/raw_database_points.json,data/experimental/C_C_Larruquert/fitting_grid_points.json,True,True
C_C_Phillip,C,C,Phillip,data/experimental/C_C_Phillip/raw_database_points.json,data/experimental/C_C_Phillip/fitting_grid_points.json,True,True
C_C_Querry-Asbury3222,C,C,Querry-Asbury3222,data/experimental/C_C_Querry-Asbury3222/raw_database_points.json,data/experimental/C_C_Querry-Asbury3222/fitting_grid_points.json,True,True
C_C_Querry-AsburyMicro260,C,C,Querry-AsburyMicro260,data/experimental/C_C_Querry-AsburyMicro260/raw_database_points.json,data/experimental/C_C_Querry-AsburyMicro260/fitting_grid_points.json,True,True
C_C_Querry-Dixon1102,C,C,Querry-Dixon1102,data/experimental/C_C_Querry-Dixon1102/raw_database_points.json,data/experimental/C_C_Querry-Dixon1102/fitting_grid_points.json,True,True
C_C_Querry-Dixon200-10,C,C,Querry-Dixon200-10,data/experimental/C_C_Querry-Dixon200-10/raw_database_points.json,data/experimental/C_C_Querry-Dixon200-10/fitting_grid_points.json,True,True
C_C_Querry-DixonHPN2,C,C,Querry-DixonHPN2,data/experimental/C_C_Querry-DixonHPN2/raw_database_points.json,data/experimental/C_C_Querry-DixonHPN2/fitting_grid_points.json,True,True
C_C_Querry-DixonKS2,C,C,Querry-DixonKS2,data/experimental/C_C_Querry-DixonKS2/raw_database_points.json,data/experimental/C_C_Querry-DixonKS2/fitting_grid_points.json,True,True
C_C_Querry-Pyrolytic,C,C,Querry-Pyrolytic,data/experimental/C_C_Querry-Pyrolytic/raw_database_points.json,data/experimental/C_C_Querry-Pyrolytic/fitting_grid_points.json,True,True
C_C_Song,C,C,Song,data/experimental/C_C_Song/raw_database_points.json,data/experimental/C_C_Song/fitting_grid_points.json,True,True
C_C_Song-cHOPG-e,C,C,Song-cHOPG-e,data/experimental/C_C_Song-cHOPG-e/raw_database_points.json,data/experimental/C_C_Song-cHOPG-e/fitting_grid_points.json,True,True
C_C_Song-cHOPG-o,C,C,Song-cHOPG-o,data/experimental/C_C_Song-cHOPG-o/raw_database_points.json,data/experimental/C_C_Song-cHOPG-o/fitting_grid_points.json,True,True
C_C_Song-sHOPG-e,C,C,Song-sHOPG-e,data/experimental/C_C_Song-sHOPG-e/raw_database_points.json,data/experimental/C_C_Song-sHOPG-e/fitting_grid_points.json,True,True
C_C_Song-sHOPG-o,C,C,Song-sHOPG-o,data/experimental/C_C_Song-sHOPG-o/raw_database_points.json,data/experimental/C_C_Song-sHOPG-o/fitting_grid_points.json,True,True
C_C_Taylor,C,C,Taylor,data/experimental/C_C_Taylor/raw_database_points.json,data/experimental/C_C_Taylor/fitting_grid_points.json,True,True
C_C_Tikuisis,C,C,Tikuisis,data/experimental/C_C_Tikuisis/raw_database_points.json,data/experimental/C_C_Tikuisis/fitting_grid_points.json,True,True
CdTe_CdTe_Adachi,CdTe,CdTe,Adachi,data/experimental/CdTe_CdTe_Adachi/raw_database_points.json,data/experimental/CdTe_CdTe_Adachi/fitting_grid_points.json,True,True
Co_Co_Johnson,Co,Co,Johnson,data/experimental/Co_Co_Johnson/raw_database_points.json,data/experimental/Co_Co_Johnson/fitting_grid_points.json,True,True
Co_Co_Werner,Co,Co,Werner,data/experimental/Co_Co_Werner/raw_database_points.json,data/experimental/Co_Co_Werner/fitting_grid_points.json,True,True
Co_Co_Werner-DFT,Co,Co,Werner-DFT,data/experimental/Co_Co_Werner-DFT/raw_database_points.json,data/experimental/Co_Co_Werner-DFT/fitting_grid_points.json,True,True
Cr_Cr_Johnson,Cr,Cr,Johnson,data/experimental/Cr_Cr_Johnson/raw_database_points.json,data/experimental/Cr_Cr_Johnson/fitting_grid_points.json,True,True
Cr_Cr_Rakic-BB,Cr,Cr,Rakic-BB,data/experimental/Cr_Cr_Rakic-BB/raw_database_points.json,data/experimental/Cr_Cr_Rakic-BB/fitting_grid_points.json,True,True
Cr_Cr_Rakic-LD,Cr,Cr,Rakic-LD,data/experimental/Cr_Cr_Rakic-LD/raw_database_points.json,data/experimental/Cr_Cr_Rakic-LD/fitting_grid_points.json,True,True
Cr_Cr_Sytchkova,Cr,Cr,Sytchkova,data/experimental/Cr_Cr_Sytchkova/raw_database_points.json,data/experimental/Cr_Cr_Sytchkova/fitting_grid_points.json,True,True
Cu_Cu_Babar,Cu,Cu,Babar,data/experimental/Cu_Cu_Babar/raw_database_points.json,data/experimental/Cu_Cu_Babar/fitting_grid_points.json,True,True
Cu_Cu_Hagemann,Cu,Cu,Hagemann,data/experimental/Cu_Cu_Hagemann/raw_database_points.json,data/experimental/Cu_Cu_Hagemann/fitting_grid_points.json,True,True
Cu_Cu_Johnson,Cu,Cu,Johnson,data/experimental/Cu_Cu_Johnson/raw_database_points.json,data/experimental/Cu_Cu_Johnson/fitting_grid_points.json,True,True
Cu_Cu_McPeak,Cu,Cu,McPeak,data/experimental/Cu_Cu_McPeak/raw_database_points.json,data/experimental/Cu_Cu_McPeak/fitting_grid_points.json,True,True
Cu_Cu_Querry,Cu,Cu,Querry,data/experimental/Cu_Cu_Querry/raw_database_points.json,data/experimental/Cu_Cu_Querry/fitting_grid_points.json,True,True
Cu_Cu_Rakic-BB,Cu,Cu,Rakic-BB,data/experimental/Cu_Cu_Rakic-BB/raw_database_points.json,data/experimental/Cu_Cu_Rakic-BB/fitting_grid_points.json,True,True
Cu_Cu_Rakic-LD,Cu,Cu,Rakic-LD,data/experimental/Cu_Cu_Rakic-LD/raw_database_points.json,data/experimental/Cu_Cu_Rakic-LD/fitting_grid_points.json,True,True
Cu_Cu_Werner,Cu,Cu,Werner,data/experimental/Cu_Cu_Werner/raw_database_points.json,data/experimental/Cu_Cu_Werner/fitting_grid_points.json,True,True
Cu_Cu_Werner-DFT,Cu,Cu,Werner-DFT,data/experimental/Cu_Cu_Werner-DFT/raw_database_points.json,data/experimental/Cu_Cu_Werner-DFT/fitting_grid_points.json,True,True
Fe2O3_Fe2O3_Querry-e,Fe2O3,Fe2O3,Querry-e,data/experimental/Fe2O3_Fe2O3_Querry-e/raw_database_points.json,data/experimental/Fe2O3_Fe2O3_Querry-e/fitting_grid_points.json,True,True
Fe2O3_Fe2O3_Querry-o,Fe2O3,Fe2O3,Querry-o,data/experimental/Fe2O3_Fe2O3_Querry-o/raw_database_points.json,data/experimental/Fe2O3_Fe2O3_Querry-o/fitting_grid_points.json,True,True
Fe3O4_Fe3O4_Querry,Fe3O4,Fe3O4,Querry,data/experimental/Fe3O4_Fe3O4_Querry/raw_database_points.json,data/experimental/Fe3O4_Fe3O4_Querry/fitting_grid_points.json,True,True
Fe_Fe_Johnson,Fe,Fe,Johnson,data/experimental/Fe_Fe_Johnson/raw_database_points.json,data/experimental/Fe_Fe_Johnson/fitting_grid_points.json,True,True
Fe_Fe_Querry,Fe,Fe,Querry,data/experimental/Fe_Fe_Querry/raw_database_points.json,data/experimental/Fe_Fe_Querry/fitting_grid_points.json,True,True
Fe_Fe_Werner,Fe,Fe,Werner,data/experimental/Fe_Fe_Werner/raw_database_points.json,data/experimental/Fe_Fe_Werner/fitting_grid_points.json,True,True
Fe_Fe_Werner-DFT,Fe,Fe,Werner-DFT,data/experimental/Fe_Fe_Werner-DFT/raw_database_points.json,data/experimental/Fe_Fe_Werner-DFT/fitting_grid_points.json,True,True
GaAs_GaAs_Adachi,GaAs,GaAs,Adachi,data/experimental/GaAs_GaAs_Adachi/raw_database_points.json,data/experimental/GaAs_GaAs_Adachi/fitting_grid_points.json,True,True
GaAs_GaAs_Papatryfonos,GaAs,GaAs,Papatryfonos,data/experimental/GaAs_GaAs_Papatryfonos/raw_database_points.json,data/experimental/GaAs_GaAs_Papatryfonos/fitting_grid_points.json,True,True
GaAs_GaAs_Rakic,GaAs,GaAs,Rakic,data/experimental/GaAs_GaAs_Rakic/raw_database_points.json,data/experimental/GaAs_GaAs_Rakic/fitting_grid_points.json,True,True
GaP_GaP_Adachi,GaP,GaP,Adachi,data/experimental/GaP_GaP_Adachi/raw_database_points.json,data/experimental/GaP_GaP_Adachi/fitting_grid_points.json,True,True
GaP_GaP_Khmelevskaia,GaP,GaP,Khmelevskaia,data/experimental/GaP_GaP_Khmelevskaia/raw_database_points.json,data/experimental/GaP_GaP_Khmelevskaia/fitting_grid_points.json,True,True
GaSb_GaSb_Adachi,GaSb,GaSb,Adachi,data/experimental/GaSb_GaSb_Adachi/raw_database_points.json,data/experimental/GaSb_GaSb_Adachi/fitting_grid_points.json,True,True
GaSb_GaSb_Djurisic,GaSb,GaSb,Djurisic,data/experimental/GaSb_GaSb_Djurisic/raw_database_points.json,data/experimental/GaSb_GaSb_Djurisic/fitting_grid_points.json,True,True
GeS2_GeS2_Slavich-abinitio-alpha,GeS2,GeS2,Slavich-abinitio-alpha,data/experimental/GeS2_GeS2_Slavich-abinitio-alpha/raw_database_points.json,data/experimental/GeS2_GeS2_Slavich-abinitio-alpha/fitting_grid_points.json,True,True
GeS2_GeS2_Slavich-abinitio-beta,GeS2,GeS2,Slavich-abinitio-beta,data/experimental/GeS2_GeS2_Slavich-abinitio-beta/raw_database_points.json,data/experimental/GeS2_GeS2_Slavich-abinitio-beta/fitting_grid_points.json,True,True
GeS2_GeS2_Slavich-abinitio-gamma,GeS2,GeS2,Slavich-abinitio-gamma,data/experimental/GeS2_GeS2_Slavich-abinitio-gamma/raw_database_points.json,data/experimental/GeS2_GeS2_Slavich-abinitio-gamma/fitting_grid_points.json,True,True
GeS2_GeS2_Slavich-alpha,GeS2,GeS2,Slavich-alpha,data/experimental/GeS2_GeS2_Slavich-alpha/raw_database_points.json,data/experimental/GeS2_GeS2_Slavich-alpha/fitting_grid_points.json,True,True
GeS2_GeS2_Slavich-beta,GeS2,GeS2,Slavich-beta,data/experimental/GeS2_GeS2_Slavich-beta/raw_database_points.json,data/experimental/GeS2_GeS2_Slavich-beta/fitting_grid_points.json,True,True
GeS2_GeS2_Slavich-gamma,GeS2,GeS2,Slavich-gamma,data/experimental/GeS2_GeS2_Slavich-gamma/raw_database_points.json,data/experimental/GeS2_GeS2_Slavich-gamma/fitting_grid_points.json,True,True
Ge_Ge_Ciesielski-20nm,Ge,Ge,Ciesielski-20nm,data/experimental/Ge_Ge_Ciesielski-20nm/raw_database_points.json,data/experimental/Ge_Ge_Ciesielski-20nm/fitting_grid_points.json,True,True
Ge_Ge_Ciesielski-2nm,Ge,Ge,Ciesielski-2nm,data/experimental/Ge_Ge_Ciesielski-2nm/raw_database_points.json,data/experimental/Ge_Ge_Ciesielski-2nm/fitting_grid_points.json,True,True
Ge_Ge_Nunley,Ge,Ge,Nunley,data/experimental/Ge_Ge_Nunley/raw_database_points.json,data/experimental/Ge_Ge_Nunley/fitting_grid_points.json,True,True
HfO2_HfO2_Franta,HfO2,HfO2,Franta,data/experimental/HfO2_HfO2_Franta/raw_database_points.json,data/experimental/HfO2_HfO2_Franta/fitting_grid_points.json,True,True
InAs_InAs_Adachi,InAs,InAs,Adachi,data/experimental/InAs_InAs_Adachi/raw_database_points.json,data/experimental/InAs_InAs_Adachi/fitting_grid_points.json,True,True
InP_InP_Adachi,InP,InP,Adachi,data/experimental/InP_InP_Adachi/raw_database_points.json,data/experimental/InP_InP_Adachi/fitting_grid_points.json,True,True
InSb_InSb_Adachi,InSb,InSb,Adachi,data/experimental/InSb_InSb_Adachi/raw_database_points.json,data/experimental/InSb_InSb_Adachi/fitting_grid_points.json,True,True
InSb_InSb_Djurisic,InSb,InSb,Djurisic,data/experimental/InSb_InSb_Djurisic/raw_database_points.json,data/experimental/InSb_InSb_Djurisic/fitting_grid_points.json,True,True
MgF2_MgF2_Franta,MgF2,MgF2,Franta,data/experimental/MgF2_MgF2_Franta/raw_database_points.json,data/experimental/MgF2_MgF2_Franta/fitting_grid_points.json,True,True
MgF2_MgF2_Rodriguez-de_Marcos,MgF2,MgF2,Rodriguez-de Marcos,data/experimental/MgF2_MgF2_Rodriguez-de_Marcos/raw_database_points.json,data/experimental/MgF2_MgF2_Rodriguez-de_Marcos/fitting_grid_points.json,True,True
MgO_MgO_Synowicki,MgO,MgO,Synowicki,data/experimental/MgO_MgO_Synowicki/raw_database_points.json,data/experimental/MgO_MgO_Synowicki/fitting_grid_points.json,True,True
MoO3_MoO3_Lajaunie-alpha,MoO3,MoO3,Lajaunie-alpha,data/experimental/MoO3_MoO3_Lajaunie-alpha/raw_database_points.json,data/experimental/MoO3_MoO3_Lajaunie-alpha/fitting_grid_points.json,True,True
MoO3_MoO3_Lajaunie-beta,MoO3,MoO3,Lajaunie-beta,data/experimental/MoO3_MoO3_Lajaunie-beta/raw_database_points.json,data/experimental/MoO3_MoO3_Lajaunie-beta/fitting_grid_points.json,True,True
MoO3_MoO3_Lajaunie-gamma,MoO3,MoO3,Lajaunie-gamma,data/experimental/MoO3_MoO3_Lajaunie-gamma/raw_database_points.json,data/experimental/MoO3_MoO3_Lajaunie-gamma/fitting_grid_points.json,True,True
MoS2_MoS2_Beal,MoS2,MoS2,Beal,data/experimental/MoS2_MoS2_Beal/raw_database_points.json,data/experimental/MoS2_MoS2_Beal/fitting_grid_points.json,True,True
MoS2_MoS2_Ermolaev-1L,MoS2,MoS2,Ermolaev-1L,data/experimental/MoS2_MoS2_Ermolaev-1L/raw_database_points.json,data/experimental/MoS2_MoS2_Ermolaev-1L/fitting_grid_points.json,True,True
MoS2_MoS2_Ermolaev-o,MoS2,MoS2,Ermolaev-o,data/experimental/MoS2_MoS2_Ermolaev-o/raw_database_points.json,data/experimental/MoS2_MoS2_Ermolaev-o/fitting_grid_points.json,True,True
MoS2_MoS2_Islam-1L,MoS2,MoS2,Islam-1L,data/experimental/MoS2_MoS2_Islam-1L/raw_database_points.json,data/experimental/MoS2_MoS2_Islam-1L/fitting_grid_points.json,True,True
MoS2_MoS2_Islam-fewL,MoS2,MoS2,Islam-fewL,data/experimental/MoS2_MoS2_Islam-fewL/raw_database_points.json,data/experimental/MoS2_MoS2_Islam-fewL/fitting_grid_points.json,True,True
MoS2_MoS2_Islam-o,MoS2,MoS2,Islam-o,data/experimental/MoS2_MoS2_Islam-o/raw_database_points.json,data/experimental/MoS2_MoS2_Islam-o/fitting_grid_points.json,True,True
MoS2_MoS2_Munkhbat-e,MoS2,MoS2,Munkhbat-e,data/experimental/MoS2_MoS2_Munkhbat-e/raw_database_points.json,data/experimental/MoS2_MoS2_Munkhbat-e/fitting_grid_points.json,True,True
MoS2_MoS2_Munkhbat-o,MoS2,MoS2,Munkhbat-o,data/experimental/MoS2_MoS2_Munkhbat-o/raw_database_points.json,data/experimental/MoS2_MoS2_Munkhbat-o/fitting_grid_points.json,True,True
MoS2_MoS2_Song-10L,MoS2,MoS2,Song-10L,data/experimental/MoS2_MoS2_Song-10L/raw_database_points.json,data/experimental/MoS2_MoS2_Song-10L/fitting_grid_points.json,True,True
MoS2_MoS2_Song-13L,MoS2,MoS2,Song-13L,data/experimental/MoS2_MoS2_Song-13L/raw_database_points.json,data/experimental/MoS2_MoS2_Song-13L/fitting_grid_points.json,True,True
MoS2_MoS2_Song-1L,MoS2,MoS2,Song-1L,data/experimental/MoS2_MoS2_Song-1L/raw_database_points.json,data/experimental/MoS2_MoS2_Song-1L/fitting_grid_points.json,True,True
MoS2_MoS2_Song-3L,MoS2,MoS2,Song-3L,data/experimental/MoS2_MoS2_Song-3L/raw_database_points.json,data/experimental/MoS2_MoS2_Song-3L/fitting_grid_points.json,True,True
MoS2_MoS2_Song-4L,MoS2,MoS2,Song-4L,data/experimental/MoS2_MoS2_Song-4L/raw_database_points.json,data/experimental/MoS2_MoS2_Song-4L/fitting_grid_points.json,True,True
MoS2_MoS2_Song-6L,MoS2,MoS2,Song-6L,data/experimental/MoS2_MoS2_Song-6L/raw_database_points.json,data/experimental/MoS2_MoS2_Song-6L/fitting_grid_points.json,True,True
MoS2_MoS2_Song-8L,MoS2,MoS2,Song-8L,data/experimental/MoS2_MoS2_Song-8L/raw_database_points.json,data/experimental/MoS2_MoS2_Song-8L/fitting_grid_points.json,True,True
MoS2_MoS2_Song-bulk,MoS2,MoS2,Song-bulk,data/experimental/MoS2_MoS2_Song-bulk/raw_database_points.json,data/experimental/MoS2_MoS2_Song-bulk/fitting_grid_points.json,True,True
MoS2_MoS2_Ullberg,MoS2,MoS2,Ullberg,data/experimental/MoS2_MoS2_Ullberg/raw_database_points.json,data/experimental/MoS2_MoS2_Ullberg/fitting_grid_points.json,True,True
MoSe2_MoSe2_Beal,MoSe2,MoSe2,Beal,data/experimental/MoSe2_MoSe2_Beal/raw_database_points.json,data/experimental/MoSe2_MoSe2_Beal/fitting_grid_points.json,True,True
MoSe2_MoSe2_Munkhbat-e,MoSe2,MoSe2,Munkhbat-e,data/experimental/MoSe2_MoSe2_Munkhbat-e/raw_database_points.json,data/experimental/MoSe2_MoSe2_Munkhbat-e/fitting_grid_points.json,True,True
MoSe2_MoSe2_Munkhbat-o,MoSe2,MoSe2,Munkhbat-o,data/experimental/MoSe2_MoSe2_Munkhbat-o/raw_database_points.json,data/experimental/MoSe2_MoSe2_Munkhbat-o/fitting_grid_points.json,True,True
MoSe2_MoSe2_Pruszynska-Karbownik-e,MoSe2,MoSe2,Pruszynska-Karbownik-e,data/experimental/MoSe2_MoSe2_Pruszynska-Karbownik-e/raw_database_points.json,data/experimental/MoSe2_MoSe2_Pruszynska-Karbownik-e/fitting_grid_points.json,True,True
MoSe2_MoSe2_Pruszynska-Karbownik-o,MoSe2,MoSe2,Pruszynska-Karbownik-o,data/experimental/MoSe2_MoSe2_Pruszynska-Karbownik-o/raw_database_points.json,data/experimental/MoSe2_MoSe2_Pruszynska-Karbownik-o/fitting_grid_points.json,True,True
Mo_Mo_Kirillova,Mo,Mo,Kirillova,data/experimental/Mo_Mo_Kirillova/raw_database_points.json,data/experimental/Mo_Mo_Kirillova/fitting_grid_points.json,True,True
Mo_Mo_Querry,Mo,Mo,Querry,data/experimental/Mo_Mo_Querry/raw_database_points.json,data/experimental/Mo_Mo_Querry/fitting_grid_points.json,True,True
Mo_Mo_Werner,Mo,Mo,Werner,data/experimental/Mo_Mo_Werner/raw_database_points.json,data/experimental/Mo_Mo_Werner/fitting_grid_points.json,True,True
Mo_Mo_Werner-DFT,Mo,Mo,Werner-DFT,data/experimental/Mo_Mo_Werner-DFT/raw_database_points.json,data/experimental/Mo_Mo_Werner-DFT/fitting_grid_points.json,True,True
Nb2O5_Nb2O5_Franta,Nb2O5,Nb2O5,Franta,data/experimental/Nb2O5_Nb2O5_Franta/raw_database_points.json,data/experimental/Nb2O5_Nb2O5_Franta/fitting_grid_points.json,True,True
Nb2O5_Nb2O5_Lemarchand,Nb2O5,Nb2O5,Lemarchand,data/experimental/Nb2O5_Nb2O5_Lemarchand/raw_database_points.json,data/experimental/Nb2O5_Nb2O5_Lemarchand/fitting_grid_points.json,True,True
Ni_Ni_Johnson,Ni,Ni,Johnson,data/experimental/Ni_Ni_Johnson/raw_database_points.json,data/experimental/Ni_Ni_Johnson/fitting_grid_points.json,True,True
Ni_Ni_Rakic-BB,Ni,Ni,Rakic-BB,data/experimental/Ni_Ni_Rakic-BB/raw_database_points.json,data/experimental/Ni_Ni_Rakic-BB/fitting_grid_points.json,True,True
Ni_Ni_Rakic-LD,Ni,Ni,Rakic-LD,data/experimental/Ni_Ni_Rakic-LD/raw_database_points.json,data/experimental/Ni_Ni_Rakic-LD/fitting_grid_points.json,True,True
Ni_Ni_Werner,Ni,Ni,Werner,data/experimental/Ni_Ni_Werner/raw_database_points.json,data/experimental/Ni_Ni_Werner/fitting_grid_points.json,True,True
Ni_Ni_Werner-DFT,Ni,Ni,Werner-DFT,data/experimental/Ni_Ni_Werner-DFT/raw_database_points.json,data/experimental/Ni_Ni_Werner-DFT/fitting_grid_points.json,True,True
Pd_Pd_Johnson,Pd,Pd,Johnson,data/experimental/Pd_Pd_Johnson/raw_database_points.json,data/experimental/Pd_Pd_Johnson/fitting_grid_points.json,True,True
Pd_Pd_Palm,Pd,Pd,Palm,data/experimental/Pd_Pd_Palm/raw_database_points.json,data/experimental/Pd_Pd_Palm/fitting_grid_points.json,True,True
Pd_Pd_Rakic-BB,Pd,Pd,Rakic-BB,data/experimental/Pd_Pd_Rakic-BB/raw_database_points.json,data/experimental/Pd_Pd_Rakic-BB/fitting_grid_points.json,True,True
Pd_Pd_Rakic-LD,Pd,Pd,Rakic-LD,data/experimental/Pd_Pd_Rakic-LD/raw_database_points.json,data/experimental/Pd_Pd_Rakic-LD/fitting_grid_points.json,True,True
Pd_Pd_Werner,Pd,Pd,Werner,data/experimental/Pd_Pd_Werner/raw_database_points.json,data/experimental/Pd_Pd_Werner/fitting_grid_points.json,True,True
Pd_Pd_Werner-DFT,Pd,Pd,Werner-DFT,data/experimental/Pd_Pd_Werner-DFT/raw_database_points.json,data/experimental/Pd_Pd_Werner-DFT/fitting_grid_points.json,True,True
Pt_Pt_Rakic-BB,Pt,Pt,Rakic-BB,data/experimental/Pt_Pt_Rakic-BB/raw_database_points.json,data/experimental/Pt_Pt_Rakic-BB/fitting_grid_points.json,True,True
Pt_Pt_Rakic-LD,Pt,Pt,Rakic-LD,data/experimental/Pt_Pt_Rakic-LD/raw_database_points.json,data/experimental/Pt_Pt_Rakic-LD/fitting_grid_points.json,True,True
Pt_Pt_Tselin,Pt,Pt,Tselin,data/experimental/Pt_Pt_Tselin/raw_database_points.json,data/experimental/Pt_Pt_Tselin/fitting_grid_points.json,True,True
Pt_Pt_Werner,Pt,Pt,Werner,data/experimental/Pt_Pt_Werner/raw_database_points.json,data/experimental/Pt_Pt_Werner/fitting_grid_points.json,True,True
Pt_Pt_Werner-DFT,Pt,Pt,Werner-DFT,data/experimental/Pt_Pt_Werner-DFT/raw_database_points.json,data/experimental/Pt_Pt_Werner-DFT/fitting_grid_points.json,True,True
Sc2O3_Sc2O3_Belosludtsev,Sc2O3,Sc2O3,Belosludtsev,data/experimental/Sc2O3_Sc2O3_Belosludtsev/raw_database_points.json,data/experimental/Sc2O3_Sc2O3_Belosludtsev/fitting_grid_points.json,True,True
Si3N4_Si3N4_Beliaev,Si3N4,Si3N4,Beliaev,data/experimental/Si3N4_Si3N4_Beliaev/raw_database_points.json,data/experimental/Si3N4_Si3N4_Beliaev/fitting_grid_points.json,True,True
Si3N4_Si3N4_Vogt-1,Si3N4,Si3N4,Vogt-1,data/experimental/Si3N4_Si3N4_Vogt-1/raw_database_points.json,data/experimental/Si3N4_Si3N4_Vogt-1/fitting_grid_points.json,True,True
Si3N4_Si3N4_Vogt-2,Si3N4,Si3N4,Vogt-2,data/experimental/Si3N4_Si3N4_Vogt-2/raw_database_points.json,data/experimental/Si3N4_Si3N4_Vogt-2/fitting_grid_points.json,True,True
Si3N4_Si3N4_Vogt-3,Si3N4,Si3N4,Vogt-3,data/experimental/Si3N4_Si3N4_Vogt-3/raw_database_points.json,data/experimental/Si3N4_Si3N4_Vogt-3/fitting_grid_points.json,True,True
SiC_SiC_Larruquert,SiC,SiC,Larruquert,data/experimental/SiC_SiC_Larruquert/raw_database_points.json,data/experimental/SiC_SiC_Larruquert/fitting_grid_points.json,True,True
SiO2_SiO2_Franta,SiO2,SiO2,Franta,data/experimental/SiO2_SiO2_Franta/raw_database_points.json,data/experimental/SiO2_SiO2_Franta/fitting_grid_points.json,True,True
SiO2_SiO2_Franta-25C,SiO2,SiO2,Franta-25C,data/experimental/SiO2_SiO2_Franta-25C/raw_database_points.json,data/experimental/SiO2_SiO2_Franta-25C/fitting_grid_points.json,True,True
SiO2_SiO2_Franta-300C,SiO2,SiO2,Franta-300C,data/experimental/SiO2_SiO2_Franta-300C/raw_database_points.json,data/experimental/SiO2_SiO2_Franta-300C/fitting_grid_points.json,True,True
SiO2_SiO2_Gao,SiO2,SiO2,Gao,data/experimental/SiO2_SiO2_Gao/raw_database_points.json,data/experimental/SiO2_SiO2_Gao/fitting_grid_points.json,True,True
SiO2_SiO2_Lemarchand,SiO2,SiO2,Lemarchand,data/experimental/SiO2_SiO2_Lemarchand/raw_database_points.json,data/experimental/SiO2_SiO2_Lemarchand/fitting_grid_points.json,True,True
SiO2_SiO2_Rodriguez-de_Marcos,SiO2,SiO2,Rodriguez-de Marcos,data/experimental/SiO2_SiO2_Rodriguez-de_Marcos/raw_database_points.json,data/experimental/SiO2_SiO2_Rodriguez-de_Marcos/fitting_grid_points.json,True,True
Si_Si_Franta,Si,Si,Franta,data/experimental/Si_Si_Franta/raw_database_points.json,data/experimental/Si_Si_Franta/fitting_grid_points.json,True,True
Si_Si_Franta-100K,Si,Si,Franta-100K,data/experimental/Si_Si_Franta-100K/raw_database_points.json,data/experimental/Si_Si_Franta-100K/fitting_grid_points.json,True,True
Si_Si_Franta-10K,Si,Si,Franta-10K,data/experimental/Si_Si_Franta-10K/raw_database_points.json,data/experimental/Si_Si_Franta-10K/fitting_grid_points.json,True,True
Si_Si_Franta-150K,Si,Si,Franta-150K,data/experimental/Si_Si_Franta-150K/raw_database_points.json,data/experimental/Si_Si_Franta-150K/fitting_grid_points.json,True,True
Si_Si_Franta-200K,Si,Si,Franta-200K,data/experimental/Si_Si_Franta-200K/raw_database_points.json,data/experimental/Si_Si_Franta-200K/fitting_grid_points.json,True,True
Si_Si_Franta-20C,Si,Si,Franta-20C,data/experimental/Si_Si_Franta-20C/raw_database_points.json,data/experimental/Si_Si_Franta-20C/fitting_grid_points.json,True,True
Si_Si_Franta-250K,Si,Si,Franta-250K,data/experimental/Si_Si_Franta-250K/raw_database_points.json,data/experimental/Si_Si_Franta-250K/fitting_grid_points.json,True,True
Si_Si_Franta-25C,Si,Si,Franta-25C,data/experimental/Si_Si_Franta-25C/raw_database_points.json,data/experimental/Si_Si_Franta-25C/fitting_grid_points.json,True,True
Si_Si_Franta-300K,Si,Si,Franta-300K,data/experimental/Si_Si_Franta-300K/raw_database_points.json,data/experimental/Si_Si_Franta-300K/fitting_grid_points.json,True,True
Si_Si_Franta-350K,Si,Si,Franta-350K,data/experimental/Si_Si_Franta-350K/raw_database_points.json,data/experimental/Si_Si_Franta-350K/fitting_grid_points.json,True,True
Si_Si_Franta-400K,Si,Si,Franta-400K,data/experimental/Si_Si_Franta-400K/raw_database_points.json,data/experimental/Si_Si_Franta-400K/fitting_grid_points.json,True,True
Si_Si_Franta-450K,Si,Si,Franta-450K,data/experimental/Si_Si_Franta-450K/raw_database_points.json,data/experimental/Si_Si_Franta-450K/fitting_grid_points.json,True,True
Si_Si_Franta-500K,Si,Si,Franta-500K,data/experimental/Si_Si_Franta-500K/raw_database_points.json,data/experimental/Si_Si_Franta-500K/fitting_grid_points.json,True,True
Si_Si_Franta-50K,Si,Si,Franta-50K,data/experimental/Si_Si_Franta-50K/raw_database_points.json,data/experimental/Si_Si_Franta-50K/fitting_grid_points.json,True,True
Si_Si_Green-1995,Si,Si,Green-1995,data/experimental/Si_Si_Green-1995/raw_database_points.json,data/experimental/Si_Si_Green-1995/fitting_grid_points.json,True,True
Si_Si_Green-2008,Si,Si,Green-2008,data/experimental/Si_Si_Green-2008/raw_database_points.json,data/experimental/Si_Si_Green-2008/fitting_grid_points.json,True,True
Si_Si_Karaman-120C,Si,Si,Karaman-120C,data/experimental/Si_Si_Karaman-120C/raw_database_points.json,data/experimental/Si_Si_Karaman-120C/fitting_grid_points.json,True,True
Si_Si_Karaman-170C,Si,Si,Karaman-170C,data/experimental/Si_Si_Karaman-170C/raw_database_points.json,data/experimental/Si_Si_Karaman-170C/fitting_grid_points.json,True,True
Si_Si_Karaman-20C,Si,Si,Karaman-20C,data/experimental/Si_Si_Karaman-20C/raw_database_points.json,data/experimental/Si_Si_Karaman-20C/fitting_grid_points.json,True,True
Si_Si_Karaman-220C,Si,Si,Karaman-220C,data/experimental/Si_Si_Karaman-220C/raw_database_points.json,data/experimental/Si_Si_Karaman-220C/fitting_grid_points.json,True,True
Si_Si_Karaman-70C,Si,Si,Karaman-70C,data/experimental/Si_Si_Karaman-70C/raw_database_points.json,data/experimental/Si_Si_Karaman-70C/fitting_grid_points.json,True,True
Si_Si_Pierce,Si,Si,Pierce,data/experimental/Si_Si_Pierce/raw_database_points.json,data/experimental/Si_Si_Pierce/fitting_grid_points.json,True,True
Si_Si_Schinke,Si,Si,Schinke,data/experimental/Si_Si_Schinke/raw_database_points.json,data/experimental/Si_Si_Schinke/fitting_grid_points.json,True,True
Ta2O5_Ta2O5_Cheikh-amorphous-3.28-12-25,Ta2O5,Ta2O5,Cheikh-amorphous-3.28-12-25,data/experimental/Ta2O5_Ta2O5_Cheikh-amorphous-3.28-12-25/raw_database_points.json,data/experimental/Ta2O5_Ta2O5_Cheikh-amorphous-3.28-12-25/fitting_grid_points.json,True,True
Ta2O5_Ta2O5_Cheikh-amorphous-3.28-16-25,Ta2O5,Ta2O5,Cheikh-amorphous-3.28-16-25,data/experimental/Ta2O5_Ta2O5_Cheikh-amorphous-3.28-16-25/raw_database_points.json,data/experimental/Ta2O5_Ta2O5_Cheikh-amorphous-3.28-16-25/fitting_grid_points.json,True,True
Ta2O5_Ta2O5_Cheikh-amorphous-3.28-4-25,Ta2O5,Ta2O5,Cheikh-amorphous-3.28-4-25,data/experimental/Ta2O5_Ta2O5_Cheikh-amorphous-3.28-4-25/raw_database_points.json,data/experimental/Ta2O5_Ta2O5_Cheikh-amorphous-3.28-4-25/fitting_grid_points.json,True,True
Ta2O5_Ta2O5_Cheikh-amorphous-3.28-8-25,Ta2O5,Ta2O5,Cheikh-amorphous-3.28-8-25,data/experimental/Ta2O5_Ta2O5_Cheikh-amorphous-3.28-8-25/raw_database_points.json,data/experimental/Ta2O5_Ta2O5_Cheikh-amorphous-3.28-8-25/fitting_grid_points.json,True,True
Ta2O5_Ta2O5_Cheikh-amorphous-3.28-8-450,Ta2O5,Ta2O5,Cheikh-amorphous-3.28-8-450,data/experimental/Ta2O5_Ta2O5_Cheikh-amorphous-3.28-8-450/raw_database_points.json,data/experimental/Ta2O5_Ta2O5_Cheikh-amorphous-3.28-8-450/fitting_grid_points.json,True,True
Ta2O5_Ta2O5_Cheikh-amorphous-3.28-8-550,Ta2O5,Ta2O5,Cheikh-amorphous-3.28-8-550,data/experimental/Ta2O5_Ta2O5_Cheikh-amorphous-3.28-8-550/raw_database_points.json,data/experimental/Ta2O5_Ta2O5_Cheikh-amorphous-3.28-8-550/fitting_grid_points.json,True,True
Ta2O5_Ta2O5_Cheikh-amorphous-4.38-12-25,Ta2O5,Ta2O5,Cheikh-amorphous-4.38-12-25,data/experimental/Ta2O5_Ta2O5_Cheikh-amorphous-4.38-12-25/raw_database_points.json,data/experimental/Ta2O5_Ta2O5_Cheikh-amorphous-4.38-12-25/fitting_grid_points.json,True,True
Ta2O5_Ta2O5_Cheikh-amorphous-5.48-12-25,Ta2O5,Ta2O5,Cheikh-amorphous-5.48-12-25,data/experimental/Ta2O5_Ta2O5_Cheikh-amorphous-5.48-12-25/raw_database_points.json,data/experimental/Ta2O5_Ta2O5_Cheikh-amorphous-5.48-12-25/fitting_grid_points.json,True,True
Ta2O5_Ta2O5_Cheikh-amorphous-6.75-12-25,Ta2O5,Ta2O5,Cheikh-amorphous-6.75-12-25,data/experimental/Ta2O5_Ta2O5_Cheikh-amorphous-6.75-12-25/raw_database_points.json,data/experimental/Ta2O5_Ta2O5_Cheikh-amorphous-6.75-12-25/fitting_grid_points.json,True,True
Ta2O5_Ta2O5_Cheikh-crystalline-3.28-8-650,Ta2O5,Ta2O5,Cheikh-crystalline-3.28-8-650,data/experimental/Ta2O5_Ta2O5_Cheikh-crystalline-3.28-8-650/raw_database_points.json,data/experimental/Ta2O5_Ta2O5_Cheikh-crystalline-3.28-8-650/fitting_grid_points.json,True,True
Ta2O5_Ta2O5_Cheikh-crystalline-3.28-8-750,Ta2O5,Ta2O5,Cheikh-crystalline-3.28-8-750,data/experimental/Ta2O5_Ta2O5_Cheikh-crystalline-3.28-8-750/raw_database_points.json,data/experimental/Ta2O5_Ta2O5_Cheikh-crystalline-3.28-8-750/fitting_grid_points.json,True,True
Ta2O5_Ta2O5_Cheikh-crystalline-3.28-8-850,Ta2O5,Ta2O5,Cheikh-crystalline-3.28-8-850,data/experimental/Ta2O5_Ta2O5_Cheikh-crystalline-3.28-8-850/raw_database_points.json,data/experimental/Ta2O5_Ta2O5_Cheikh-crystalline-3.28-8-850/fitting_grid_points.json,True,True
Ta2O5_Ta2O5_Franta-2015,Ta2O5,Ta2O5,Franta-2015,data/experimental/Ta2O5_Ta2O5_Franta-2015/raw_database_points.json,data/experimental/Ta2O5_Ta2O5_Franta-2015/fitting_grid_points.json,True,True
Ta2O5_Ta2O5_Franta-2025,Ta2O5,Ta2O5,Franta-2025,data/experimental/Ta2O5_Ta2O5_Franta-2025/raw_database_points.json,data/experimental/Ta2O5_Ta2O5_Franta-2025/fitting_grid_points.json,True,True
Ta2O5_Ta2O5_Rodriguez-de_Marcos,Ta2O5,Ta2O5,Rodriguez-de Marcos,data/experimental/Ta2O5_Ta2O5_Rodriguez-de_Marcos/raw_database_points.json,data/experimental/Ta2O5_Ta2O5_Rodriguez-de_Marcos/fitting_grid_points.json,True,True
Ta_Ta_Werner,Ta,Ta,Werner,data/experimental/Ta_Ta_Werner/raw_database_points.json,data/experimental/Ta_Ta_Werner/fitting_grid_points.json,True,True
Ta_Ta_Werner-DFT,Ta,Ta,Werner-DFT,data/experimental/Ta_Ta_Werner-DFT/raw_database_points.json,data/experimental/Ta_Ta_Werner-DFT/fitting_grid_points.json,True,True
TiN_TiN_Beliaev-sputtering,TiN,TiN,Beliaev-sputtering,data/experimental/TiN_TiN_Beliaev-sputtering/raw_database_points.json,data/experimental/TiN_TiN_Beliaev-sputtering/fitting_grid_points.json,True,True
TiN_TiN_Pfluger,TiN,TiN,Pfluger,data/experimental/TiN_TiN_Pfluger/raw_database_points.json,data/experimental/TiN_TiN_Pfluger/fitting_grid_points.json,True,True
TiN_TiN_Shkondin,TiN,TiN,Shkondin,data/experimental/TiN_TiN_Shkondin/raw_database_points.json,data/experimental/TiN_TiN_Shkondin/fitting_grid_points.json,True,True
TiN_TiN_Shkondin-700,TiN,TiN,Shkondin-700,data/experimental/TiN_TiN_Shkondin-700/raw_database_points.json,data/experimental/TiN_TiN_Shkondin-700/fitting_grid_points.json,True,True
TiN_TiN_Shkondin-800,TiN,TiN,Shkondin-800,data/experimental/TiN_TiN_Shkondin-800/raw_database_points.json,data/experimental/TiN_TiN_Shkondin-800/fitting_grid_points.json,True,True
TiN_TiN_Shkondin-900,TiN,TiN,Shkondin-900,data/experimental/TiN_TiN_Shkondin-900/raw_database_points.json,data/experimental/TiN_TiN_Shkondin-900/fitting_grid_points.json,True,True
TiO2_TiO2_Franta,TiO2,TiO2,Franta,data/experimental/TiO2_TiO2_Franta/raw_database_points.json,data/experimental/TiO2_TiO2_Franta/fitting_grid_points.json,True,True
TiO2_TiO2_Sarkar,TiO2,TiO2,Sarkar,data/experimental/TiO2_TiO2_Sarkar/raw_database_points.json,data/experimental/TiO2_TiO2_Sarkar/fitting_grid_points.json,True,True
TiO2_TiO2_Siefke,TiO2,TiO2,Siefke,data/experimental/TiO2_TiO2_Siefke/raw_database_points.json,data/experimental/TiO2_TiO2_Siefke/fitting_grid_points.json,True,True
TiO2_TiO2_Zhukovsky,TiO2,TiO2,Zhukovsky,data/experimental/TiO2_TiO2_Zhukovsky/raw_database_points.json,data/experimental/TiO2_TiO2_Zhukovsky/fitting_grid_points.json,True,True
Ti_Ti_Johnson,Ti,Ti,Johnson,data/experimental/Ti_Ti_Johnson/raw_database_points.json,data/experimental/Ti_Ti_Johnson/fitting_grid_points.json,True,True
Ti_Ti_Palm,Ti,Ti,Palm,data/experimental/Ti_Ti_Palm/raw_database_points.json,data/experimental/Ti_Ti_Palm/fitting_grid_points.json,True,True
Ti_Ti_Rakic-BB,Ti,Ti,Rakic-BB,data/experimental/Ti_Ti_Rakic-BB/raw_database_points.json,data/experimental/Ti_Ti_Rakic-BB/fitting_grid_points.json,True,True
Ti_Ti_Rakic-LD,Ti,Ti,Rakic-LD,data/experimental/Ti_Ti_Rakic-LD/raw_database_points.json,data/experimental/Ti_Ti_Rakic-LD/fitting_grid_points.json,True,True
Ti_Ti_Werner,Ti,Ti,Werner,data/experimental/Ti_Ti_Werner/raw_database_points.json,data/experimental/Ti_Ti_Werner/fitting_grid_points.json,True,True
Ti_Ti_Werner-DFT,Ti,Ti,Werner-DFT,data/experimental/Ti_Ti_Werner-DFT/raw_database_points.json,data/experimental/Ti_Ti_Werner-DFT/fitting_grid_points.json,True,True
VO2_VO2_Oguntoye-20C,VO2,VO2,Oguntoye-20C,data/experimental/VO2_VO2_Oguntoye-20C/raw_database_points.json,data/experimental/VO2_VO2_Oguntoye-20C/fitting_grid_points.json,True,True
VO2_VO2_Oguntoye-30C,VO2,VO2,Oguntoye-30C,data/experimental/VO2_VO2_Oguntoye-30C/raw_database_points.json,data/experimental/VO2_VO2_Oguntoye-30C/fitting_grid_points.json,True,True
VO2_VO2_Oguntoye-40C,VO2,VO2,Oguntoye-40C,data/experimental/VO2_VO2_Oguntoye-40C/raw_database_points.json,data/experimental/VO2_VO2_Oguntoye-40C/fitting_grid_points.json,True,True
VO2_VO2_Oguntoye-50C,VO2,VO2,Oguntoye-50C,data/experimental/VO2_VO2_Oguntoye-50C/raw_database_points.json,data/experimental/VO2_VO2_Oguntoye-50C/fitting_grid_points.json,True,True
VO2_VO2_Oguntoye-55C,VO2,VO2,Oguntoye-55C,data/experimental/VO2_VO2_Oguntoye-55C/raw_database_points.json,data/experimental/VO2_VO2_Oguntoye-55C/fitting_grid_points.json,True,True
VO2_VO2_Oguntoye-60C,VO2,VO2,Oguntoye-60C,data/experimental/VO2_VO2_Oguntoye-60C/raw_database_points.json,data/experimental/VO2_VO2_Oguntoye-60C/fitting_grid_points.json,True,True
VO2_VO2_Oguntoye-70C,VO2,VO2,Oguntoye-70C,data/experimental/VO2_VO2_Oguntoye-70C/raw_database_points.json,data/experimental/VO2_VO2_Oguntoye-70C/fitting_grid_points.json,True,True
VO2_VO2_Oguntoye-80C,VO2,VO2,Oguntoye-80C,data/experimental/VO2_VO2_Oguntoye-80C/raw_database_points.json,data/experimental/VO2_VO2_Oguntoye-80C/fitting_grid_points.json,True,True
V_V_Johnson,V,V,Johnson,data/experimental/V_V_Johnson/raw_database_points.json,data/experimental/V_V_Johnson/fitting_grid_points.json,True,True
V_V_Werner,V,V,Werner,data/experimental/V_V_Werner/raw_database_points.json,data/experimental/V_V_Werner/fitting_grid_points.json,True,True
V_V_Werner-DFT,V,V,Werner-DFT,data/experimental/V_V_Werner-DFT/raw_database_points.json,data/experimental/V_V_Werner-DFT/fitting_grid_points.json,True,True
WS2_WS2_Munkhbat-e,WS2,WS2,Munkhbat-e,data/experimental/WS2_WS2_Munkhbat-e/raw_database_points.json,data/experimental/WS2_WS2_Munkhbat-e/fitting_grid_points.json,True,True
WS2_WS2_Munkhbat-o,WS2,WS2,Munkhbat-o,data/experimental/WS2_WS2_Munkhbat-o/raw_database_points.json,data/experimental/WS2_WS2_Munkhbat-o/fitting_grid_points.json,True,True
WSe2_WSe2_Gu-1L,WSe2,WSe2,Gu-1L,data/experimental/WSe2_WSe2_Gu-1L/raw_database_points.json,data/experimental/WSe2_WSe2_Gu-1L/fitting_grid_points.json,True,True
WSe2_WSe2_Gu-2L,WSe2,WSe2,Gu-2L,data/experimental/WSe2_WSe2_Gu-2L/raw_database_points.json,data/experimental/WSe2_WSe2_Gu-2L/fitting_grid_points.json,True,True
WSe2_WSe2_Gu-3L,WSe2,WSe2,Gu-3L,data/experimental/WSe2_WSe2_Gu-3L/raw_database_points.json,data/experimental/WSe2_WSe2_Gu-3L/fitting_grid_points.json,True,True
WSe2_WSe2_Gu-4L,WSe2,WSe2,Gu-4L,data/experimental/WSe2_WSe2_Gu-4L/raw_database_points.json,data/experimental/WSe2_WSe2_Gu-4L/fitting_grid_points.json,True,True
WSe2_WSe2_Gu-5L,WSe2,WSe2,Gu-5L,data/experimental/WSe2_WSe2_Gu-5L/raw_database_points.json,data/experimental/WSe2_WSe2_Gu-5L/fitting_grid_points.json,True,True
WSe2_WSe2_Munkhbat-e,WSe2,WSe2,Munkhbat-e,data/experimental/WSe2_WSe2_Munkhbat-e/raw_database_points.json,data/experimental/WSe2_WSe2_Munkhbat-e/fitting_grid_points.json,True,True
WSe2_WSe2_Munkhbat-o,WSe2,WSe2,Munkhbat-o,data/experimental/WSe2_WSe2_Munkhbat-o/raw_database_points.json,data/experimental/WSe2_WSe2_Munkhbat-o/fitting_grid_points.json,True,True
W_W_Rakic-BB,W,W,Rakic-BB,data/experimental/W_W_Rakic-BB/raw_database_points.json,data/experimental/W_W_Rakic-BB/fitting_grid_points.json,True,True
W_W_Rakic-LD,W,W,Rakic-LD,data/experimental/W_W_Rakic-LD/raw_database_points.json,data/experimental/W_W_Rakic-LD/fitting_grid_points.json,True,True
W_W_Weaver,W,W,Weaver,data/experimental/W_W_Weaver/raw_database_points.json,data/experimental/W_W_Weaver/fitting_grid_points.json,True,True
W_W_Werner,W,W,Werner,data/experimental/W_W_Werner/raw_database_points.json,data/experimental/W_W_Werner/fitting_grid_points.json,True,True
W_W_Werner-DFT,W,W,Werner-DFT,data/experimental/W_W_Werner-DFT/raw_database_points.json,data/experimental/W_W_Werner-DFT/fitting_grid_points.json,True,True
ZnO_ZnO_Aguilar,ZnO,ZnO,Aguilar,data/experimental/ZnO_ZnO_Aguilar/raw_database_points.json,data/experimental/ZnO_ZnO_Aguilar/fitting_grid_points.json,True,True
ZnO_ZnO_Querry,ZnO,ZnO,Querry,data/experimental/ZnO_ZnO_Querry/raw_database_points.json,data/experimental/ZnO_ZnO_Querry/fitting_grid_points.json,True,True
ZnS_ZnS_Querry,ZnS,ZnS,Querry,data/experimental/ZnS_ZnS_Querry/raw_database_points.json,data/experimental/ZnS_ZnS_Querry/fitting_grid_points.json,True,True
ZrO2_ZrO2_Synowicki,ZrO2,ZrO2,Synowicki,data/experimental/ZrO2_ZrO2_Synowicki/raw_database_points.json,data/experimental/ZrO2_ZrO2_Synowicki/fitting_grid_points.json,True,True
