material,record_key,record_label,book,page,material_class,record_json,raw_database_points,fitting_grid_points,fdtd_ready_exported_model_count,recommended_N,recommended_public_family,recommended_model_code,recommended_epsilon_rms,model_order_count
Ag,Ag_Ag_Babar,Ag / Babar,Ag,Babar,,data/records/Ag_Ag_Babar.json,data/experimental/Ag_Ag_Babar/raw_database_points.json,data/experimental/Ag_Ag_Babar/fitting_grid_points.json,13,5.0,CP,CP_M5,0.0100493917517415,5
Ag,Ag_Ag_Ciesielski,Ag / Ciesielski,Ag,Ciesielski,,data/records/Ag_Ag_Ciesielski.json,data/experimental/Ag_Ag_Ciesielski/raw_database_points.json,data/experimental/Ag_Ag_Ciesielski/fitting_grid_points.json,13,4.0,CP,CP_M4,0.003517228224677,5
Ag,Ag_Ag_Ciesielski-Ge,Ag / Ciesielski-Ge,Ag,Ciesielski-Ge,,data/records/Ag_Ag_Ciesielski-Ge.json,data/experimental/Ag_Ag_Ciesielski-Ge/raw_database_points.json,data/experimental/Ag_Ag_Ciesielski-Ge/fitting_grid_points.json,11,4.0,CP,CP_M4,0.0020474164095391,5
Ag,Ag_Ag_Ciesielski-Ni,Ag / Ciesielski-Ni,Ag,Ciesielski-Ni,,data/records/Ag_Ag_Ciesielski-Ni.json,data/experimental/Ag_Ag_Ciesielski-Ni/raw_database_points.json,data/experimental/Ag_Ag_Ciesielski-Ni/fitting_grid_points.json,12,4.0,CP,CP_M4,0.0037957736334946,5
Ag,Ag_Ag_Ferrera-298K,Ag / Ferrera-298K,Ag,Ferrera-298K,,data/records/Ag_Ag_Ferrera-298K.json,data/experimental/Ag_Ag_Ferrera-298K/raw_database_points.json,data/experimental/Ag_Ag_Ferrera-298K/fitting_grid_points.json,13,2.0,CP,CP_M2,0.0397976611640384,5
Ag,Ag_Ag_Ferrera-404K,Ag / Ferrera-404K,Ag,Ferrera-404K,,data/records/Ag_Ag_Ferrera-404K.json,data/experimental/Ag_Ag_Ferrera-404K/raw_database_points.json,data/experimental/Ag_Ag_Ferrera-404K/fitting_grid_points.json,10,2.0,CP,CP_M2,0.02921852527477,5
Ag,Ag_Ag_Ferrera-501K,Ag / Ferrera-501K,Ag,Ferrera-501K,,data/records/Ag_Ag_Ferrera-501K.json,data/experimental/Ag_Ag_Ferrera-501K/raw_database_points.json,data/experimental/Ag_Ag_Ferrera-501K/fitting_grid_points.json,9,2.0,CP,CP_M2,0.021977405941958,5
Ag,Ag_Ag_Ferrera-600K,Ag / Ferrera-600K,Ag,Ferrera-600K,,data/records/Ag_Ag_Ferrera-600K.json,data/experimental/Ag_Ag_Ferrera-600K/raw_database_points.json,data/experimental/Ag_Ag_Ferrera-600K/fitting_grid_points.json,12,3.0,CP,CP_M3,0.0160079299098117,5
Ag,Ag_Ag_Hagemann,Ag / Hagemann,Ag,Hagemann,,data/records/Ag_Ag_Hagemann.json,data/experimental/Ag_Ag_Hagemann/raw_database_points.json,data/experimental/Ag_Ag_Hagemann/fitting_grid_points.json,15,4.0,CP,CP_M4,0.0104443609636023,5
Ag,Ag_Ag_Jiang,Ag / Jiang,Ag,Jiang,,data/records/Ag_Ag_Jiang.json,data/experimental/Ag_Ag_Jiang/raw_database_points.json,data/experimental/Ag_Ag_Jiang/fitting_grid_points.json,12,4.0,CP,CP_M4,0.0035896730684492,5
Ag,Ag_Ag_Johnson,Ag / Johnson,Ag,Johnson,,data/records/Ag_Ag_Johnson.json,data/experimental/Ag_Ag_Johnson/raw_database_points.json,data/experimental/Ag_Ag_Johnson/fitting_grid_points.json,11,3.0,CP,CP_M3,0.0254852896402148,5
Ag,Ag_Ag_McPeak,Ag / McPeak,Ag,McPeak,,data/records/Ag_Ag_McPeak.json,data/experimental/Ag_Ag_McPeak/raw_database_points.json,data/experimental/Ag_Ag_McPeak/fitting_grid_points.json,12,5.0,CP,CP_M5,0.0146530657001646,5
Ag,Ag_Ag_Rakic-BB,Ag / Rakic-BB,Ag,Rakic-BB,,data/records/Ag_Ag_Rakic-BB.json,data/experimental/Ag_Ag_Rakic-BB/raw_database_points.json,data/experimental/Ag_Ag_Rakic-BB/fitting_grid_points.json,13,3.0,CP,CP_M3,0.0017377409089628,5
Ag,Ag_Ag_Rakic-LD,Ag / Rakic-LD,Ag,Rakic-LD,,data/records/Ag_Ag_Rakic-LD.json,data/experimental/Ag_Ag_Rakic-LD/raw_database_points.json,data/experimental/Ag_Ag_Rakic-LD/fitting_grid_points.json,15,2.0,CP,CP_M2,0.0025660531064581,5
Ag,Ag_Ag_Werner,Ag / Werner,Ag,Werner,,data/records/Ag_Ag_Werner.json,data/experimental/Ag_Ag_Werner/raw_database_points.json,data/experimental/Ag_Ag_Werner/fitting_grid_points.json,12,3.0,CP,CP_M3,0.0016325747628449,5
Ag,Ag_Ag_Werner-DFT,Ag / Werner-DFT,Ag,Werner-DFT,,data/records/Ag_Ag_Werner-DFT.json,data/experimental/Ag_Ag_Werner-DFT/raw_database_points.json,data/experimental/Ag_Ag_Werner-DFT/fitting_grid_points.json,11,5.0,CP,CP_M5,0.0147363132640264,5
Ag,Ag_Ag_Yang,Ag / Yang,Ag,Yang,,data/records/Ag_Ag_Yang.json,data/experimental/Ag_Ag_Yang/raw_database_points.json,data/experimental/Ag_Ag_Yang/fitting_grid_points.json,12,5.0,CP,CP_M5,0.0118140678876368,5
Al2O3,Al2O3_Al2O3_Boidin,Al2O3 / Boidin,Al2O3,Boidin,,data/records/Al2O3_Al2O3_Boidin.json,data/experimental/Al2O3_Al2O3_Boidin/raw_database_points.json,data/experimental/Al2O3_Al2O3_Boidin/fitting_grid_points.json,7,1.0,CP,CP_M1,0.0004513952683689,5
Al2O3,Al2O3_Al2O3_Franta,Al2O3 / Franta,Al2O3,Franta,,data/records/Al2O3_Al2O3_Franta.json,data/experimental/Al2O3_Al2O3_Franta/raw_database_points.json,data/experimental/Al2O3_Al2O3_Franta/fitting_grid_points.json,12,1.0,CP,CP_M1,0.0005651844190725,5
Al2O3,Al2O3_Al2O3_Querry,Al2O3 / Querry,Al2O3,Querry,,data/records/Al2O3_Al2O3_Querry.json,data/experimental/Al2O3_Al2O3_Querry/raw_database_points.json,data/experimental/Al2O3_Al2O3_Querry/fitting_grid_points.json,4,3.0,CP,CP_M3,0.0014062860075767,5
Al2O3,Al2O3_Al2O3_Querry-e,Al2O3 / Querry-e,Al2O3,Querry-e,,data/records/Al2O3_Al2O3_Querry-e.json,data/experimental/Al2O3_Al2O3_Querry-e/raw_database_points.json,data/experimental/Al2O3_Al2O3_Querry-e/fitting_grid_points.json,10,2.0,CP,CP_M2,0.0031583728942603,5
Al2O3,Al2O3_Al2O3_Querry-o,Al2O3 / Querry-o,Al2O3,Querry-o,,data/records/Al2O3_Al2O3_Querry-o.json,data/experimental/Al2O3_Al2O3_Querry-o/raw_database_points.json,data/experimental/Al2O3_Al2O3_Querry-o/fitting_grid_points.json,10,2.0,CP,CP_M2,0.0035127389482023,5
Al2O3,Al2O3_Al2O3_Rodriguez_de_Marcos,Al2O3 / Rodriguez de Marcos,Al2O3,Rodriguez de Marcos,,data/records/Al2O3_Al2O3_Rodriguez_de_Marcos.json,data/experimental/Al2O3_Al2O3_Rodriguez_de_Marcos/raw_database_points.json,data/experimental/Al2O3_Al2O3_Rodriguez_de_Marcos/fitting_grid_points.json,13,1.0,CP,CP_M1,0.0009541971918973,5
Al2O3,Al2O3_Al2O3_Zhukovsky,Al2O3 / Zhukovsky,Al2O3,Zhukovsky,,data/records/Al2O3_Al2O3_Zhukovsky.json,data/experimental/Al2O3_Al2O3_Zhukovsky/raw_database_points.json,data/experimental/Al2O3_Al2O3_Zhukovsky/fitting_grid_points.json,11,1.0,CP,CP_M1,1.9431042932392536e-05,5
AlAs,AlAs_AlAs_Rakic,AlAs / Rakic,AlAs,Rakic,,data/records/AlAs_AlAs_Rakic.json,data/experimental/AlAs_AlAs_Rakic/raw_database_points.json,data/experimental/AlAs_AlAs_Rakic/fitting_grid_points.json,11,5.0,CP,CP_M5,0.0057361328072147,5
AlN,AlN_AlN_Beliaev1,AlN / Beliaev1,AlN,Beliaev1,,data/records/AlN_AlN_Beliaev1.json,data/experimental/AlN_AlN_Beliaev1/raw_database_points.json,data/experimental/AlN_AlN_Beliaev1/fitting_grid_points.json,12,1.0,CP,CP_M1,0.0005997300635804,5
Al,Al_Al_Hagemann,Al / Hagemann,Al,Hagemann,,data/records/Al_Al_Hagemann.json,data/experimental/Al_Al_Hagemann/raw_database_points.json,data/experimental/Al_Al_Hagemann/fitting_grid_points.json,3,5.0,CP,CP_M5,0.0098530474406886,5
Al,Al_Al_McPeak,Al / McPeak,Al,McPeak,,data/records/Al_Al_McPeak.json,data/experimental/Al_Al_McPeak/raw_database_points.json,data/experimental/Al_Al_McPeak/fitting_grid_points.json,4,3.0,CP,CP_M3,0.0015054820520643,5
Al,Al_Al_Rakic,Al / Rakic,Al,Rakic,,data/records/Al_Al_Rakic.json,data/experimental/Al_Al_Rakic/raw_database_points.json,data/experimental/Al_Al_Rakic/fitting_grid_points.json,3,4.0,CP,CP_M4,0.00282718315662,5
Al,Al_Al_Rakic-BB,Al / Rakic-BB,Al,Rakic-BB,,data/records/Al_Al_Rakic-BB.json,data/experimental/Al_Al_Rakic-BB/raw_database_points.json,data/experimental/Al_Al_Rakic-BB/fitting_grid_points.json,4,3.0,CP,CP_M3,0.0015819284549765,5
Al,Al_Al_Rakic-LD,Al / Rakic-LD,Al,Rakic-LD,,data/records/Al_Al_Rakic-LD.json,data/experimental/Al_Al_Rakic-LD/raw_database_points.json,data/experimental/Al_Al_Rakic-LD/fitting_grid_points.json,5,3.0,CP,CP_M3,0.0010324510102676,5
As2S3,As2S3_As2S3_Slavich-abinitio-alpha,As2S3 / Slavich-abinitio-alpha,As2S3,Slavich-abinitio-alpha,,data/records/As2S3_As2S3_Slavich-abinitio-alpha.json,data/experimental/As2S3_As2S3_Slavich-abinitio-alpha/raw_database_points.json,data/experimental/As2S3_As2S3_Slavich-abinitio-alpha/fitting_grid_points.json,12,5.0,CP,CP_M5,0.003159263292805,5
As2S3,As2S3_As2S3_Slavich-abinitio-beta,As2S3 / Slavich-abinitio-beta,As2S3,Slavich-abinitio-beta,,data/records/As2S3_As2S3_Slavich-abinitio-beta.json,data/experimental/As2S3_As2S3_Slavich-abinitio-beta/raw_database_points.json,data/experimental/As2S3_As2S3_Slavich-abinitio-beta/fitting_grid_points.json,11,5.0,CP,CP_M5,0.0035979860906328,5
As2S3,As2S3_As2S3_Slavich-abinitio-gamma,As2S3 / Slavich-abinitio-gamma,As2S3,Slavich-abinitio-gamma,,data/records/As2S3_As2S3_Slavich-abinitio-gamma.json,data/experimental/As2S3_As2S3_Slavich-abinitio-gamma/raw_database_points.json,data/experimental/As2S3_As2S3_Slavich-abinitio-gamma/fitting_grid_points.json,11,4.0,CP,CP_M4,0.003028757260441,5
As2S3,As2S3_As2S3_Synowicki,As2S3 / Synowicki,As2S3,Synowicki,,data/records/As2S3_As2S3_Synowicki.json,data/experimental/As2S3_As2S3_Synowicki/raw_database_points.json,data/experimental/As2S3_As2S3_Synowicki/fitting_grid_points.json,12,3.0,CP,CP_M3,0.0019118889499631,5
As2Se3,As2Se3_As2Se3_Joseph-400nm,As2Se3 / Joseph-400nm,As2Se3,Joseph-400nm,,data/records/As2Se3_As2Se3_Joseph-400nm.json,data/experimental/As2Se3_As2Se3_Joseph-400nm/raw_database_points.json,data/experimental/As2Se3_As2Se3_Joseph-400nm/fitting_grid_points.json,11,3.0,CP,CP_M3,0.028813863488475,5
As2Se3,As2Se3_As2Se3_Joseph-700nm,As2Se3 / Joseph-700nm,As2Se3,Joseph-700nm,,data/records/As2Se3_As2Se3_Joseph-700nm.json,data/experimental/As2Se3_As2Se3_Joseph-700nm/raw_database_points.json,data/experimental/As2Se3_As2Se3_Joseph-700nm/fitting_grid_points.json,1,2.0,CP,CP_M2,0.4729176857157428,5
Au,Au_Au_Babar,Au / Babar,Au,Babar,,data/records/Au_Au_Babar.json,data/experimental/Au_Au_Babar/raw_database_points.json,data/experimental/Au_Au_Babar/fitting_grid_points.json,11,5.0,CP,CP_M5,0.0052558720368797,5
Au,Au_Au_Ciesielski,Au / Ciesielski,Au,Ciesielski,,data/records/Au_Au_Ciesielski.json,data/experimental/Au_Au_Ciesielski/raw_database_points.json,data/experimental/Au_Au_Ciesielski/fitting_grid_points.json,11,4.0,CP,CP_M4,0.0016316256229314,5
Au,Au_Au_Ciesielski-Ge,Au / Ciesielski-Ge,Au,Ciesielski-Ge,,data/records/Au_Au_Ciesielski-Ge.json,data/experimental/Au_Au_Ciesielski-Ge/raw_database_points.json,data/experimental/Au_Au_Ciesielski-Ge/fitting_grid_points.json,10,4.0,CP,CP_M4,0.0010325657948689,5
Au,Au_Au_Hagemann,Au / Hagemann,Au,Hagemann,,data/records/Au_Au_Hagemann.json,data/experimental/Au_Au_Hagemann/raw_database_points.json,data/experimental/Au_Au_Hagemann/fitting_grid_points.json,11,5.0,CP,CP_M5,0.0119937962419519,5
Au,Au_Au_Johnson,Au / Johnson,Au,Johnson,,data/records/Au_Au_Johnson.json,data/experimental/Au_Au_Johnson/raw_database_points.json,data/experimental/Au_Au_Johnson/fitting_grid_points.json,10,5.0,CP,CP_M5,0.0276491722584691,5
Au,Au_Au_Magnozzi-225C,Au / Magnozzi-225C,Au,Magnozzi-225C,,data/records/Au_Au_Magnozzi-225C.json,data/experimental/Au_Au_Magnozzi-225C/raw_database_points.json,data/experimental/Au_Au_Magnozzi-225C/fitting_grid_points.json,7,4.0,CP,CP_M4,0.0039316220742721,5
Au,Au_Au_Magnozzi-25C,Au / Magnozzi-25C,Au,Magnozzi-25C,,data/records/Au_Au_Magnozzi-25C.json,data/experimental/Au_Au_Magnozzi-25C/raw_database_points.json,data/experimental/Au_Au_Magnozzi-25C/fitting_grid_points.json,6,4.0,CP,CP_M4,0.0039314038117389,5
Au,Au_Au_Magnozzi-350C,Au / Magnozzi-350C,Au,Magnozzi-350C,,data/records/Au_Au_Magnozzi-350C.json,data/experimental/Au_Au_Magnozzi-350C/raw_database_points.json,data/experimental/Au_Au_Magnozzi-350C/fitting_grid_points.json,6,4.0,CP,CP_M4,0.0041014939409566,5
Au,Au_Au_McPeak,Au / McPeak,Au,McPeak,,data/records/Au_Au_McPeak.json,data/experimental/Au_Au_McPeak/raw_database_points.json,data/experimental/Au_Au_McPeak/fitting_grid_points.json,10,5.0,CP,CP_M5,0.0016816665960043,5
Au,Au_Au_Olmon-ev,Au / Olmon-ev,Au,Olmon-ev,,data/records/Au_Au_Olmon-ev.json,data/experimental/Au_Au_Olmon-ev/raw_database_points.json,data/experimental/Au_Au_Olmon-ev/fitting_grid_points.json,12,4.0,CP,CP_M4,0.0015245983428957,5
Au,Au_Au_Olmon-sc,Au / Olmon-sc,Au,Olmon-sc,,data/records/Au_Au_Olmon-sc.json,data/experimental/Au_Au_Olmon-sc/raw_database_points.json,data/experimental/Au_Au_Olmon-sc/fitting_grid_points.json,12,4.0,CP,CP_M4,0.0017313262513336,5
Au,Au_Au_Olmon-ts,Au / Olmon-ts,Au,Olmon-ts,,data/records/Au_Au_Olmon-ts.json,data/experimental/Au_Au_Olmon-ts/raw_database_points.json,data/experimental/Au_Au_Olmon-ts/fitting_grid_points.json,12,4.0,CP,CP_M4,0.0015106187372145,5
Au,Au_Au_Rakic-BB,Au / Rakic-BB,Au,Rakic-BB,,data/records/Au_Au_Rakic-BB.json,data/experimental/Au_Au_Rakic-BB/raw_database_points.json,data/experimental/Au_Au_Rakic-BB/fitting_grid_points.json,5,3.0,CP,CP_M3,0.043997452367803,5
Au,Au_Au_Rakic-LD,Au / Rakic-LD,Au,Rakic-LD,,data/records/Au_Au_Rakic-LD.json,data/experimental/Au_Au_Rakic-LD/raw_database_points.json,data/experimental/Au_Au_Rakic-LD/fitting_grid_points.json,8,4.0,CP,CP_M4,0.0009968898631541,5
Au,Au_Au_Rosenblatt-11nm,Au / Rosenblatt-11nm,Au,Rosenblatt-11nm,,data/records/Au_Au_Rosenblatt-11nm.json,data/experimental/Au_Au_Rosenblatt-11nm/raw_database_points.json,data/experimental/Au_Au_Rosenblatt-11nm/fitting_grid_points.json,12,5.0,CP,CP_M5,0.0013275407628616,5
Au,Au_Au_Rosenblatt-21nm,Au / Rosenblatt-21nm,Au,Rosenblatt-21nm,,data/records/Au_Au_Rosenblatt-21nm.json,data/experimental/Au_Au_Rosenblatt-21nm/raw_database_points.json,data/experimental/Au_Au_Rosenblatt-21nm/fitting_grid_points.json,11,5.0,CP,CP_M5,0.0008048715180665,5
Au,Au_Au_Rosenblatt-44nm,Au / Rosenblatt-44nm,Au,Rosenblatt-44nm,,data/records/Au_Au_Rosenblatt-44nm.json,data/experimental/Au_Au_Rosenblatt-44nm/raw_database_points.json,data/experimental/Au_Au_Rosenblatt-44nm/fitting_grid_points.json,10,4.0,CP,CP_M4,0.0007073216985015,5
Au,Au_Au_Werner,Au / Werner,Au,Werner,,data/records/Au_Au_Werner.json,data/experimental/Au_Au_Werner/raw_database_points.json,data/experimental/Au_Au_Werner/fitting_grid_points.json,10,3.0,CP,CP_M3,0.0033442193503221,5
Au,Au_Au_Werner-DFT,Au / Werner-DFT,Au,Werner-DFT,,data/records/Au_Au_Werner-DFT.json,data/experimental/Au_Au_Werner-DFT/raw_database_points.json,data/experimental/Au_Au_Werner-DFT/fitting_grid_points.json,9,5.0,CP,CP_M5,0.0082677954955404,5
Au,Au_Au_Yakubovsky-117nm,Au / Yakubovsky-117nm,Au,Yakubovsky-117nm,,data/records/Au_Au_Yakubovsky-117nm.json,data/experimental/Au_Au_Yakubovsky-117nm/raw_database_points.json,data/experimental/Au_Au_Yakubovsky-117nm/fitting_grid_points.json,7,4.0,CP,CP_M4,0.0021710510680331,5
Au,Au_Au_Yakubovsky-25nm,Au / Yakubovsky-25nm,Au,Yakubovsky-25nm,,data/records/Au_Au_Yakubovsky-25nm.json,data/experimental/Au_Au_Yakubovsky-25nm/raw_database_points.json,data/experimental/Au_Au_Yakubovsky-25nm/fitting_grid_points.json,6,4.0,CP,CP_M4,0.0023808612433724,5
Au,Au_Au_Yakubovsky-4nm,Au / Yakubovsky-4nm,Au,Yakubovsky-4nm,,data/records/Au_Au_Yakubovsky-4nm.json,data/experimental/Au_Au_Yakubovsky-4nm/raw_database_points.json,data/experimental/Au_Au_Yakubovsky-4nm/fitting_grid_points.json,14,5.0,CP,CP_M5,0.0640063860199064,5
Au,Au_Au_Yakubovsky-53nm,Au / Yakubovsky-53nm,Au,Yakubovsky-53nm,,data/records/Au_Au_Yakubovsky-53nm.json,data/experimental/Au_Au_Yakubovsky-53nm/raw_database_points.json,data/experimental/Au_Au_Yakubovsky-53nm/fitting_grid_points.json,7,4.0,CP,CP_M4,0.0021078503058876,5
Au,Au_Au_Yakubovsky-6nm,Au / Yakubovsky-6nm,Au,Yakubovsky-6nm,,data/records/Au_Au_Yakubovsky-6nm.json,data/experimental/Au_Au_Yakubovsky-6nm/raw_database_points.json,data/experimental/Au_Au_Yakubovsky-6nm/fitting_grid_points.json,14,5.0,CP,CP_M5,0.0421730276709207,5
Au,Au_Au_Yakubovsky-9nm,Au / Yakubovsky-9nm,Au,Yakubovsky-9nm,,data/records/Au_Au_Yakubovsky-9nm.json,data/experimental/Au_Au_Yakubovsky-9nm/raw_database_points.json,data/experimental/Au_Au_Yakubovsky-9nm/fitting_grid_points.json,12,5.0,CP,CP_M5,0.0159889902156572,5
BaF2,BaF2_BaF2_Querry,BaF2 / Querry,BaF2,Querry,,data/records/BaF2_BaF2_Querry.json,data/experimental/BaF2_BaF2_Querry/raw_database_points.json,data/experimental/BaF2_BaF2_Querry/fitting_grid_points.json,11,1.0,CP,CP_M1,0.0016100764098536,5
C,C_C_Djurisic-o,C / Djurisic-o,C,Djurisic-o,,data/records/C_C_Djurisic-o.json,data/experimental/C_C_Djurisic-o/raw_database_points.json,data/experimental/C_C_Djurisic-o/fitting_grid_points.json,15,4.0,CP,CP_M4,0.0016642823278494,5
C,C_C_Ermolaev,C / Ermolaev,C,Ermolaev,,data/records/C_C_Ermolaev.json,data/experimental/C_C_Ermolaev/raw_database_points.json,data/experimental/C_C_Ermolaev/fitting_grid_points.json,12,4.0,CP,CP_M4,0.0017521872890753,5
C,C_C_Ermolaev-SWCNT-e,C / Ermolaev-SWCNT-e,C,Ermolaev-SWCNT-e,,data/records/C_C_Ermolaev-SWCNT-e.json,data/experimental/C_C_Ermolaev-SWCNT-e/raw_database_points.json,data/experimental/C_C_Ermolaev-SWCNT-e/fitting_grid_points.json,15,2.0,CP,CP_M2,0.0001490971647197,5
C,C_C_Ermolaev-SWCNT-o,C / Ermolaev-SWCNT-o,C,Ermolaev-SWCNT-o,,data/records/C_C_Ermolaev-SWCNT-o.json,data/experimental/C_C_Ermolaev-SWCNT-o/raw_database_points.json,data/experimental/C_C_Ermolaev-SWCNT-o/fitting_grid_points.json,15,2.0,CP,CP_M2,0.0005561529454009,5
C,C_C_Hagemann,C / Hagemann,C,Hagemann,,data/records/C_C_Hagemann.json,data/experimental/C_C_Hagemann/raw_database_points.json,data/experimental/C_C_Hagemann/fitting_grid_points.json,11,3.0,CP,CP_M3,0.0031972900778046,5
C,C_C_Larruquert,C / Larruquert,C,Larruquert,,data/records/C_C_Larruquert.json,data/experimental/C_C_Larruquert/raw_database_points.json,data/experimental/C_C_Larruquert/fitting_grid_points.json,14,1.0,CP,CP_M1,0.0048392748163631,5
C,C_C_Phillip,C / Phillip,C,Phillip,,data/records/C_C_Phillip.json,data/experimental/C_C_Phillip/raw_database_points.json,data/experimental/C_C_Phillip/fitting_grid_points.json,11,1.0,CP,CP_M1,0.0017942450723246,5
C,C_C_Querry-Asbury3222,C / Querry-Asbury3222,C,Querry-Asbury3222,,data/records/C_C_Querry-Asbury3222.json,data/experimental/C_C_Querry-Asbury3222/raw_database_points.json,data/experimental/C_C_Querry-Asbury3222/fitting_grid_points.json,12,3.0,CP,CP_M3,0.0031808103970784,5
C,C_C_Querry-AsburyMicro260,C / Querry-AsburyMicro260,C,Querry-AsburyMicro260,,data/records/C_C_Querry-AsburyMicro260.json,data/experimental/C_C_Querry-AsburyMicro260/raw_database_points.json,data/experimental/C_C_Querry-AsburyMicro260/fitting_grid_points.json,9,3.0,CP,CP_M3,0.0034033379657769,5
C,C_C_Querry-Dixon1102,C / Querry-Dixon1102,C,Querry-Dixon1102,,data/records/C_C_Querry-Dixon1102.json,data/experimental/C_C_Querry-Dixon1102/raw_database_points.json,data/experimental/C_C_Querry-Dixon1102/fitting_grid_points.json,12,3.0,CP,CP_M3,0.0021655717924257,5
C,C_C_Querry-Dixon200-10,C / Querry-Dixon200-10,C,Querry-Dixon200-10,,data/records/C_C_Querry-Dixon200-10.json,data/experimental/C_C_Querry-Dixon200-10/raw_database_points.json,data/experimental/C_C_Querry-Dixon200-10/fitting_grid_points.json,11,3.0,CP,CP_M3,0.0045320838075435,5
C,C_C_Querry-DixonHPN2,C / Querry-DixonHPN2,C,Querry-DixonHPN2,,data/records/C_C_Querry-DixonHPN2.json,data/experimental/C_C_Querry-DixonHPN2/raw_database_points.json,data/experimental/C_C_Querry-DixonHPN2/fitting_grid_points.json,11,3.0,CP,CP_M3,0.0028638126403958,5
C,C_C_Querry-DixonKS2,C / Querry-DixonKS2,C,Querry-DixonKS2,,data/records/C_C_Querry-DixonKS2.json,data/experimental/C_C_Querry-DixonKS2/raw_database_points.json,data/experimental/C_C_Querry-DixonKS2/fitting_grid_points.json,11,3.0,CP,CP_M3,0.0027421123884377,5
C,C_C_Querry-Pyrolytic,C / Querry-Pyrolytic,C,Querry-Pyrolytic,,data/records/C_C_Querry-Pyrolytic.json,data/experimental/C_C_Querry-Pyrolytic/raw_database_points.json,data/experimental/C_C_Querry-Pyrolytic/fitting_grid_points.json,15,2.0,CP,CP_M2,0.0039622999057835,5
C,C_C_Song,C / Song,C,Song,,data/records/C_C_Song.json,data/experimental/C_C_Song/raw_database_points.json,data/experimental/C_C_Song/fitting_grid_points.json,0,,,,,5
C,C_C_Song-cHOPG-e,C / Song-cHOPG-e,C,Song-cHOPG-e,,data/records/C_C_Song-cHOPG-e.json,data/experimental/C_C_Song-cHOPG-e/raw_database_points.json,data/experimental/C_C_Song-cHOPG-e/fitting_grid_points.json,3,1.0,CP,CP_M1,0.001088437961269,5
C,C_C_Song-cHOPG-o,C / Song-cHOPG-o,C,Song-cHOPG-o,,data/records/C_C_Song-cHOPG-o.json,data/experimental/C_C_Song-cHOPG-o/raw_database_points.json,data/experimental/C_C_Song-cHOPG-o/fitting_grid_points.json,3,4.0,RP,RP_M4,0.0010678661393963,5
C,C_C_Song-sHOPG-e,C / Song-sHOPG-e,C,Song-sHOPG-e,,data/records/C_C_Song-sHOPG-e.json,data/experimental/C_C_Song-sHOPG-e/raw_database_points.json,data/experimental/C_C_Song-sHOPG-e/fitting_grid_points.json,5,1.0,CP,CP_M1,0.0074213948173937,5
C,C_C_Song-sHOPG-o,C / Song-sHOPG-o,C,Song-sHOPG-o,,data/records/C_C_Song-sHOPG-o.json,data/experimental/C_C_Song-sHOPG-o/raw_database_points.json,data/experimental/C_C_Song-sHOPG-o/fitting_grid_points.json,5,2.0,CP,CP_M2,0.0150200155080849,5
C,C_C_Taylor,C / Taylor,C,Taylor,,data/records/C_C_Taylor.json,data/experimental/C_C_Taylor/raw_database_points.json,data/experimental/C_C_Taylor/fitting_grid_points.json,7,1.0,CP,CP_M1,1.4096304104580478e-05,5
C,C_C_Tikuisis,C / Tikuisis,C,Tikuisis,,data/records/C_C_Tikuisis.json,data/experimental/C_C_Tikuisis/raw_database_points.json,data/experimental/C_C_Tikuisis/fitting_grid_points.json,13,3.0,CP,CP_M3,0.0012734864980782,5
CdTe,CdTe_CdTe_Adachi,CdTe / Adachi,CdTe,Adachi,,data/records/CdTe_CdTe_Adachi.json,data/experimental/CdTe_CdTe_Adachi/raw_database_points.json,data/experimental/CdTe_CdTe_Adachi/fitting_grid_points.json,9,5.0,RP,RP_M5,0.0053066025602807,5
Co,Co_Co_Johnson,Co / Johnson,Co,Johnson,,data/records/Co_Co_Johnson.json,data/experimental/Co_Co_Johnson/raw_database_points.json,data/experimental/Co_Co_Johnson/fitting_grid_points.json,7,5.0,CP,CP_M5,0.0090582991952042,5
Co,Co_Co_Werner,Co / Werner,Co,Werner,,data/records/Co_Co_Werner.json,data/experimental/Co_Co_Werner/raw_database_points.json,data/experimental/Co_Co_Werner/fitting_grid_points.json,9,3.0,CP,CP_M3,0.0039813318170572,5
Co,Co_Co_Werner-DFT,Co / Werner-DFT,Co,Werner-DFT,,data/records/Co_Co_Werner-DFT.json,data/experimental/Co_Co_Werner-DFT/raw_database_points.json,data/experimental/Co_Co_Werner-DFT/fitting_grid_points.json,5,4.0,CP,CP_M4,0.0142927529410384,5
Cr,Cr_Cr_Johnson,Cr / Johnson,Cr,Johnson,,data/records/Cr_Cr_Johnson.json,data/experimental/Cr_Cr_Johnson/raw_database_points.json,data/experimental/Cr_Cr_Johnson/fitting_grid_points.json,4,3.0,CP,CP_M3,0.0397581749833584,5
Cr,Cr_Cr_Rakic-BB,Cr / Rakic-BB,Cr,Rakic-BB,,data/records/Cr_Cr_Rakic-BB.json,data/experimental/Cr_Cr_Rakic-BB/raw_database_points.json,data/experimental/Cr_Cr_Rakic-BB/fitting_grid_points.json,8,2.0,CP,CP_M2,0.0005933223988476,5
Cr,Cr_Cr_Rakic-LD,Cr / Rakic-LD,Cr,Rakic-LD,,data/records/Cr_Cr_Rakic-LD.json,data/experimental/Cr_Cr_Rakic-LD/raw_database_points.json,data/experimental/Cr_Cr_Rakic-LD/fitting_grid_points.json,11,2.0,CP,CP_M2,0.0015214404537129,5
Cr,Cr_Cr_Sytchkova,Cr / Sytchkova,Cr,Sytchkova,,data/records/Cr_Cr_Sytchkova.json,data/experimental/Cr_Cr_Sytchkova/raw_database_points.json,data/experimental/Cr_Cr_Sytchkova/fitting_grid_points.json,8,4.0,CP,CP_M4,0.000942746402567,5
Cu,Cu_Cu_Babar,Cu / Babar,Cu,Babar,,data/records/Cu_Cu_Babar.json,data/experimental/Cu_Cu_Babar/raw_database_points.json,data/experimental/Cu_Cu_Babar/fitting_grid_points.json,11,5.0,CP,CP_M5,0.0074793744328638,5
Cu,Cu_Cu_Hagemann,Cu / Hagemann,Cu,Hagemann,,data/records/Cu_Cu_Hagemann.json,data/experimental/Cu_Cu_Hagemann/raw_database_points.json,data/experimental/Cu_Cu_Hagemann/fitting_grid_points.json,10,4.0,CP,CP_M4,0.0054674341517973,5
Cu,Cu_Cu_Johnson,Cu / Johnson,Cu,Johnson,,data/records/Cu_Cu_Johnson.json,data/experimental/Cu_Cu_Johnson/raw_database_points.json,data/experimental/Cu_Cu_Johnson/fitting_grid_points.json,13,5.0,CP,CP_M5,0.0126305867535319,5
Cu,Cu_Cu_McPeak,Cu / McPeak,Cu,McPeak,,data/records/Cu_Cu_McPeak.json,data/experimental/Cu_Cu_McPeak/raw_database_points.json,data/experimental/Cu_Cu_McPeak/fitting_grid_points.json,13,4.0,CP,CP_M4,0.0409908475293525,5
Cu,Cu_Cu_Querry,Cu / Querry,Cu,Querry,,data/records/Cu_Cu_Querry.json,data/experimental/Cu_Cu_Querry/raw_database_points.json,data/experimental/Cu_Cu_Querry/fitting_grid_points.json,15,4.0,CP,CP_M4,0.0032169227405623,5
Cu,Cu_Cu_Rakic-BB,Cu / Rakic-BB,Cu,Rakic-BB,,data/records/Cu_Cu_Rakic-BB.json,data/experimental/Cu_Cu_Rakic-BB/raw_database_points.json,data/experimental/Cu_Cu_Rakic-BB/fitting_grid_points.json,6,3.0,CP,CP_M3,0.0185507690342746,5
Cu,Cu_Cu_Rakic-LD,Cu / Rakic-LD,Cu,Rakic-LD,,data/records/Cu_Cu_Rakic-LD.json,data/experimental/Cu_Cu_Rakic-LD/raw_database_points.json,data/experimental/Cu_Cu_Rakic-LD/fitting_grid_points.json,12,4.0,CP,CP_M4,0.000243593391511,5
Cu,Cu_Cu_Werner,Cu / Werner,Cu,Werner,,data/records/Cu_Cu_Werner.json,data/experimental/Cu_Cu_Werner/raw_database_points.json,data/experimental/Cu_Cu_Werner/fitting_grid_points.json,9,5.0,CP,CP_M5,0.0070944289792978,5
Cu,Cu_Cu_Werner-DFT,Cu / Werner-DFT,Cu,Werner-DFT,,data/records/Cu_Cu_Werner-DFT.json,data/experimental/Cu_Cu_Werner-DFT/raw_database_points.json,data/experimental/Cu_Cu_Werner-DFT/fitting_grid_points.json,11,5.0,CP,CP_M5,0.0077827208922983,5
Fe2O3,Fe2O3_Fe2O3_Querry-e,Fe2O3 / Querry-e,Fe2O3,Querry-e,,data/records/Fe2O3_Fe2O3_Querry-e.json,data/experimental/Fe2O3_Fe2O3_Querry-e/raw_database_points.json,data/experimental/Fe2O3_Fe2O3_Querry-e/fitting_grid_points.json,13,4.0,CP,CP_M4,0.0027166877069367,5
Fe2O3,Fe2O3_Fe2O3_Querry-o,Fe2O3 / Querry-o,Fe2O3,Querry-o,,data/records/Fe2O3_Fe2O3_Querry-o.json,data/experimental/Fe2O3_Fe2O3_Querry-o/raw_database_points.json,data/experimental/Fe2O3_Fe2O3_Querry-o/fitting_grid_points.json,9,5.0,CP,CP_M5,0.0058595989923419,5
Fe3O4,Fe3O4_Fe3O4_Querry,Fe3O4 / Querry,Fe3O4,Querry,,data/records/Fe3O4_Fe3O4_Querry.json,data/experimental/Fe3O4_Fe3O4_Querry/raw_database_points.json,data/experimental/Fe3O4_Fe3O4_Querry/fitting_grid_points.json,14,3.0,CP,CP_M3,0.0035787120542199,5
Fe,Fe_Fe_Johnson,Fe / Johnson,Fe,Johnson,,data/records/Fe_Fe_Johnson.json,data/experimental/Fe_Fe_Johnson/raw_database_points.json,data/experimental/Fe_Fe_Johnson/fitting_grid_points.json,11,5.0,CP,CP_M5,0.0240863002580888,5
Fe,Fe_Fe_Querry,Fe / Querry,Fe,Querry,,data/records/Fe_Fe_Querry.json,data/experimental/Fe_Fe_Querry/raw_database_points.json,data/experimental/Fe_Fe_Querry/fitting_grid_points.json,8,2.0,CP,CP_M2,0.0047096775825711,5
Fe,Fe_Fe_Werner,Fe / Werner,Fe,Werner,,data/records/Fe_Fe_Werner.json,data/experimental/Fe_Fe_Werner/raw_database_points.json,data/experimental/Fe_Fe_Werner/fitting_grid_points.json,12,4.0,CP,CP_M4,0.018833387429605,5
Fe,Fe_Fe_Werner-DFT,Fe / Werner-DFT,Fe,Werner-DFT,,data/records/Fe_Fe_Werner-DFT.json,data/experimental/Fe_Fe_Werner-DFT/raw_database_points.json,data/experimental/Fe_Fe_Werner-DFT/fitting_grid_points.json,11,5.0,CP,CP_M5,0.0045356066649988,5
GaAs,GaAs_GaAs_Adachi,GaAs / Adachi,GaAs,Adachi,,data/records/GaAs_GaAs_Adachi.json,data/experimental/GaAs_GaAs_Adachi/raw_database_points.json,data/experimental/GaAs_GaAs_Adachi/fitting_grid_points.json,6,5.0,CP,CP_M5,0.0531661189502353,5
GaAs,GaAs_GaAs_Papatryfonos,GaAs / Papatryfonos,GaAs,Papatryfonos,,data/records/GaAs_GaAs_Papatryfonos.json,data/experimental/GaAs_GaAs_Papatryfonos/raw_database_points.json,data/experimental/GaAs_GaAs_Papatryfonos/fitting_grid_points.json,5,5.0,CP,CP_M5,0.0299053150491849,5
GaAs,GaAs_GaAs_Rakic,GaAs / Rakic,GaAs,Rakic,,data/records/GaAs_GaAs_Rakic.json,data/experimental/GaAs_GaAs_Rakic/raw_database_points.json,data/experimental/GaAs_GaAs_Rakic/fitting_grid_points.json,7,5.0,CP,CP_M5,0.0165693785514687,5
GaP,GaP_GaP_Adachi,GaP / Adachi,GaP,Adachi,,data/records/GaP_GaP_Adachi.json,data/experimental/GaP_GaP_Adachi/raw_database_points.json,data/experimental/GaP_GaP_Adachi/fitting_grid_points.json,8,3.0,CP,CP_M3,0.0402477079531135,5
GaP,GaP_GaP_Khmelevskaia,GaP / Khmelevskaia,GaP,Khmelevskaia,,data/records/GaP_GaP_Khmelevskaia.json,data/experimental/GaP_GaP_Khmelevskaia/raw_database_points.json,data/experimental/GaP_GaP_Khmelevskaia/fitting_grid_points.json,6,3.0,CP,CP_M3,0.0046498184769314,5
GaSb,GaSb_GaSb_Adachi,GaSb / Adachi,GaSb,Adachi,,data/records/GaSb_GaSb_Adachi.json,data/experimental/GaSb_GaSb_Adachi/raw_database_points.json,data/experimental/GaSb_GaSb_Adachi/fitting_grid_points.json,5,3.0,CP,CP_M3,0.0769515214848408,5
GaSb,GaSb_GaSb_Djurisic,GaSb / Djurisic,GaSb,Djurisic,,data/records/GaSb_GaSb_Djurisic.json,data/experimental/GaSb_GaSb_Djurisic/raw_database_points.json,data/experimental/GaSb_GaSb_Djurisic/fitting_grid_points.json,8,5.0,CP,CP_M5,0.0019382339877703,5
GeS2,GeS2_GeS2_Slavich-abinitio-alpha,GeS2 / Slavich-abinitio-alpha,GeS2,Slavich-abinitio-alpha,,data/records/GeS2_GeS2_Slavich-abinitio-alpha.json,data/experimental/GeS2_GeS2_Slavich-abinitio-alpha/raw_database_points.json,data/experimental/GeS2_GeS2_Slavich-abinitio-alpha/fitting_grid_points.json,12,3.0,CP,CP_M3,0.0029786598064166,5
GeS2,GeS2_GeS2_Slavich-abinitio-beta,GeS2 / Slavich-abinitio-beta,GeS2,Slavich-abinitio-beta,,data/records/GeS2_GeS2_Slavich-abinitio-beta.json,data/experimental/GeS2_GeS2_Slavich-abinitio-beta/raw_database_points.json,data/experimental/GeS2_GeS2_Slavich-abinitio-beta/fitting_grid_points.json,13,3.0,CP,CP_M3,0.0022953987057828,5
GeS2,GeS2_GeS2_Slavich-abinitio-gamma,GeS2 / Slavich-abinitio-gamma,GeS2,Slavich-abinitio-gamma,,data/records/GeS2_GeS2_Slavich-abinitio-gamma.json,data/experimental/GeS2_GeS2_Slavich-abinitio-gamma/raw_database_points.json,data/experimental/GeS2_GeS2_Slavich-abinitio-gamma/fitting_grid_points.json,8,3.0,CP,CP_M3,0.0016330231931553,5
GeS2,GeS2_GeS2_Slavich-alpha,GeS2 / Slavich-alpha,GeS2,Slavich-alpha,,data/records/GeS2_GeS2_Slavich-alpha.json,data/experimental/GeS2_GeS2_Slavich-alpha/raw_database_points.json,data/experimental/GeS2_GeS2_Slavich-alpha/fitting_grid_points.json,10,2.0,CP,CP_M2,0.0036447664418419,5
GeS2,GeS2_GeS2_Slavich-beta,GeS2 / Slavich-beta,GeS2,Slavich-beta,,data/records/GeS2_GeS2_Slavich-beta.json,data/experimental/GeS2_GeS2_Slavich-beta/raw_database_points.json,data/experimental/GeS2_GeS2_Slavich-beta/fitting_grid_points.json,11,2.0,CP,CP_M2,0.0028744278039132,5
GeS2,GeS2_GeS2_Slavich-gamma,GeS2 / Slavich-gamma,GeS2,Slavich-gamma,,data/records/GeS2_GeS2_Slavich-gamma.json,data/experimental/GeS2_GeS2_Slavich-gamma/raw_database_points.json,data/experimental/GeS2_GeS2_Slavich-gamma/fitting_grid_points.json,3,1.0,CP,CP_M1,0.0053652481074105,5
Ge,Ge_Ge_Ciesielski-20nm,Ge / Ciesielski-20nm,Ge,Ciesielski-20nm,,data/records/Ge_Ge_Ciesielski-20nm.json,data/experimental/Ge_Ge_Ciesielski-20nm/raw_database_points.json,data/experimental/Ge_Ge_Ciesielski-20nm/fitting_grid_points.json,1,5.0,RP,RP_M5,0.0023902260628127,5
Ge,Ge_Ge_Ciesielski-2nm,Ge / Ciesielski-2nm,Ge,Ciesielski-2nm,,data/records/Ge_Ge_Ciesielski-2nm.json,data/experimental/Ge_Ge_Ciesielski-2nm/raw_database_points.json,data/experimental/Ge_Ge_Ciesielski-2nm/fitting_grid_points.json,11,3.0,CP,CP_M3,0.0026263534148194,5
Ge,Ge_Ge_Nunley,Ge / Nunley,Ge,Nunley,,data/records/Ge_Ge_Nunley.json,data/experimental/Ge_Ge_Nunley/raw_database_points.json,data/experimental/Ge_Ge_Nunley/fitting_grid_points.json,4,5.0,CP,CP_M5,0.0359863514974525,5
HfO2,HfO2_HfO2_Franta,HfO2 / Franta,HfO2,Franta,,data/records/HfO2_HfO2_Franta.json,data/experimental/HfO2_HfO2_Franta/raw_database_points.json,data/experimental/HfO2_HfO2_Franta/fitting_grid_points.json,12,1.0,CP,CP_M1,0.0007224210977304,5
InAs,InAs_InAs_Adachi,InAs / Adachi,InAs,Adachi,,data/records/InAs_InAs_Adachi.json,data/experimental/InAs_InAs_Adachi/raw_database_points.json,data/experimental/InAs_InAs_Adachi/fitting_grid_points.json,7,3.0,CP,CP_M3,0.1244443375789024,5
InP,InP_InP_Adachi,InP / Adachi,InP,Adachi,,data/records/InP_InP_Adachi.json,data/experimental/InP_InP_Adachi/raw_database_points.json,data/experimental/InP_InP_Adachi/fitting_grid_points.json,10,5.0,CP,CP_M5,0.087436844679493,5
InSb,InSb_InSb_Adachi,InSb / Adachi,InSb,Adachi,,data/records/InSb_InSb_Adachi.json,data/experimental/InSb_InSb_Adachi/raw_database_points.json,data/experimental/InSb_InSb_Adachi/fitting_grid_points.json,9,5.0,CP,CP_M5,0.1034363910715858,5
InSb,InSb_InSb_Djurisic,InSb / Djurisic,InSb,Djurisic,,data/records/InSb_InSb_Djurisic.json,data/experimental/InSb_InSb_Djurisic/raw_database_points.json,data/experimental/InSb_InSb_Djurisic/fitting_grid_points.json,10,5.0,CP,CP_M5,0.0075626619412251,5
MgF2,MgF2_MgF2_Franta,MgF2 / Franta,MgF2,Franta,,data/records/MgF2_MgF2_Franta.json,data/experimental/MgF2_MgF2_Franta/raw_database_points.json,data/experimental/MgF2_MgF2_Franta/fitting_grid_points.json,7,1.0,CP,CP_M1,0.0003795299870673,5
MgF2,MgF2_MgF2_Rodriguez-de_Marcos,MgF2 / Rodriguez-de Marcos,MgF2,Rodriguez-de Marcos,,data/records/MgF2_MgF2_Rodriguez-de_Marcos.json,data/experimental/MgF2_MgF2_Rodriguez-de_Marcos/raw_database_points.json,data/experimental/MgF2_MgF2_Rodriguez-de_Marcos/fitting_grid_points.json,4,1.0,CP,CP_M1,3.411593581790129e-05,5
MgO,MgO_MgO_Synowicki,MgO / Synowicki,MgO,Synowicki,,data/records/MgO_MgO_Synowicki.json,data/experimental/MgO_MgO_Synowicki/raw_database_points.json,data/experimental/MgO_MgO_Synowicki/fitting_grid_points.json,11,1.0,CP,CP_M1,3.290137080657388e-05,5
MoO3,MoO3_MoO3_Lajaunie-alpha,MoO3 / Lajaunie-alpha,MoO3,Lajaunie-alpha,,data/records/MoO3_MoO3_Lajaunie-alpha.json,data/experimental/MoO3_MoO3_Lajaunie-alpha/raw_database_points.json,data/experimental/MoO3_MoO3_Lajaunie-alpha/fitting_grid_points.json,11,3.0,CP,CP_M3,0.0028177236023737,5
MoO3,MoO3_MoO3_Lajaunie-beta,MoO3 / Lajaunie-beta,MoO3,Lajaunie-beta,,data/records/MoO3_MoO3_Lajaunie-beta.json,data/experimental/MoO3_MoO3_Lajaunie-beta/raw_database_points.json,data/experimental/MoO3_MoO3_Lajaunie-beta/fitting_grid_points.json,11,3.0,CP,CP_M3,0.0026783448532883,5
MoO3,MoO3_MoO3_Lajaunie-gamma,MoO3 / Lajaunie-gamma,MoO3,Lajaunie-gamma,,data/records/MoO3_MoO3_Lajaunie-gamma.json,data/experimental/MoO3_MoO3_Lajaunie-gamma/raw_database_points.json,data/experimental/MoO3_MoO3_Lajaunie-gamma/fitting_grid_points.json,7,4.0,CP,CP_M4,0.0022661686153322,5
MoS2,MoS2_MoS2_Beal,MoS2 / Beal,MoS2,Beal,,data/records/MoS2_MoS2_Beal.json,data/experimental/MoS2_MoS2_Beal/raw_database_points.json,data/experimental/MoS2_MoS2_Beal/fitting_grid_points.json,5,5.0,CP,CP_M5,0.0756669701625952,5
MoS2,MoS2_MoS2_Ermolaev-1L,MoS2 / Ermolaev-1L,MoS2,Ermolaev-1L,,data/records/MoS2_MoS2_Ermolaev-1L.json,data/experimental/MoS2_MoS2_Ermolaev-1L/raw_database_points.json,data/experimental/MoS2_MoS2_Ermolaev-1L/fitting_grid_points.json,8,5.0,CP,CP_M5,0.03644666551197,5
MoS2,MoS2_MoS2_Ermolaev-o,MoS2 / Ermolaev-o,MoS2,Ermolaev-o,,data/records/MoS2_MoS2_Ermolaev-o.json,data/experimental/MoS2_MoS2_Ermolaev-o/raw_database_points.json,data/experimental/MoS2_MoS2_Ermolaev-o/fitting_grid_points.json,7,5.0,CP,CP_M5,0.0076629510595101,5
MoS2,MoS2_MoS2_Islam-1L,MoS2 / Islam-1L,MoS2,Islam-1L,,data/records/MoS2_MoS2_Islam-1L.json,data/experimental/MoS2_MoS2_Islam-1L/raw_database_points.json,data/experimental/MoS2_MoS2_Islam-1L/fitting_grid_points.json,13,5.0,CP,CP_M5,0.0431228221058281,5
MoS2,MoS2_MoS2_Islam-fewL,MoS2 / Islam-fewL,MoS2,Islam-fewL,,data/records/MoS2_MoS2_Islam-fewL.json,data/experimental/MoS2_MoS2_Islam-fewL/raw_database_points.json,data/experimental/MoS2_MoS2_Islam-fewL/fitting_grid_points.json,8,5.0,CP,CP_M5,0.022954495336057,5
MoS2,MoS2_MoS2_Islam-o,MoS2 / Islam-o,MoS2,Islam-o,,data/records/MoS2_MoS2_Islam-o.json,data/experimental/MoS2_MoS2_Islam-o/raw_database_points.json,data/experimental/MoS2_MoS2_Islam-o/fitting_grid_points.json,13,5.0,CP,CP_M5,0.0080775952506156,5
MoS2,MoS2_MoS2_Munkhbat-e,MoS2 / Munkhbat-e,MoS2,Munkhbat-e,,data/records/MoS2_MoS2_Munkhbat-e.json,data/experimental/MoS2_MoS2_Munkhbat-e/raw_database_points.json,data/experimental/MoS2_MoS2_Munkhbat-e/fitting_grid_points.json,7,1.0,CP,CP_M1,6.098832545983248e-07,5
MoS2,MoS2_MoS2_Munkhbat-o,MoS2 / Munkhbat-o,MoS2,Munkhbat-o,,data/records/MoS2_MoS2_Munkhbat-o.json,data/experimental/MoS2_MoS2_Munkhbat-o/raw_database_points.json,data/experimental/MoS2_MoS2_Munkhbat-o/fitting_grid_points.json,6,5.0,RP,RP_M5,0.0201807840863301,5
MoS2,MoS2_MoS2_Song-10L,MoS2 / Song-10L,MoS2,Song-10L,,data/records/MoS2_MoS2_Song-10L.json,data/experimental/MoS2_MoS2_Song-10L/raw_database_points.json,data/experimental/MoS2_MoS2_Song-10L/fitting_grid_points.json,13,4.0,CP,CP_M4,0.0270387616444864,5
MoS2,MoS2_MoS2_Song-13L,MoS2 / Song-13L,MoS2,Song-13L,,data/records/MoS2_MoS2_Song-13L.json,data/experimental/MoS2_MoS2_Song-13L/raw_database_points.json,data/experimental/MoS2_MoS2_Song-13L/fitting_grid_points.json,11,5.0,CP,CP_M5,0.0087319200417365,5
MoS2,MoS2_MoS2_Song-1L,MoS2 / Song-1L,MoS2,Song-1L,,data/records/MoS2_MoS2_Song-1L.json,data/experimental/MoS2_MoS2_Song-1L/raw_database_points.json,data/experimental/MoS2_MoS2_Song-1L/fitting_grid_points.json,11,5.0,CP,CP_M5,0.0073926986368386,5
MoS2,MoS2_MoS2_Song-3L,MoS2 / Song-3L,MoS2,Song-3L,,data/records/MoS2_MoS2_Song-3L.json,data/experimental/MoS2_MoS2_Song-3L/raw_database_points.json,data/experimental/MoS2_MoS2_Song-3L/fitting_grid_points.json,9,5.0,CP,CP_M5,0.0178740928318083,5
MoS2,MoS2_MoS2_Song-4L,MoS2 / Song-4L,MoS2,Song-4L,,data/records/MoS2_MoS2_Song-4L.json,data/experimental/MoS2_MoS2_Song-4L/raw_database_points.json,data/experimental/MoS2_MoS2_Song-4L/fitting_grid_points.json,8,5.0,CP,CP_M5,0.0170175994015248,5
MoS2,MoS2_MoS2_Song-6L,MoS2 / Song-6L,MoS2,Song-6L,,data/records/MoS2_MoS2_Song-6L.json,data/experimental/MoS2_MoS2_Song-6L/raw_database_points.json,data/experimental/MoS2_MoS2_Song-6L/fitting_grid_points.json,8,5.0,RP,RP_M5,0.0295636837214278,5
MoS2,MoS2_MoS2_Song-8L,MoS2 / Song-8L,MoS2,Song-8L,,data/records/MoS2_MoS2_Song-8L.json,data/experimental/MoS2_MoS2_Song-8L/raw_database_points.json,data/experimental/MoS2_MoS2_Song-8L/fitting_grid_points.json,6,5.0,CP,CP_M5,0.0152090631480601,5
MoS2,MoS2_MoS2_Song-bulk,MoS2 / Song-bulk,MoS2,Song-bulk,,data/records/MoS2_MoS2_Song-bulk.json,data/experimental/MoS2_MoS2_Song-bulk/raw_database_points.json,data/experimental/MoS2_MoS2_Song-bulk/fitting_grid_points.json,6,5.0,CP,CP_M5,0.0273264629369757,5
MoS2,MoS2_MoS2_Ullberg,MoS2 / Ullberg,MoS2,Ullberg,,data/records/MoS2_MoS2_Ullberg.json,data/experimental/MoS2_MoS2_Ullberg/raw_database_points.json,data/experimental/MoS2_MoS2_Ullberg/fitting_grid_points.json,10,4.0,CP,CP_M4,0.0286413970540419,5
MoSe2,MoSe2_MoSe2_Beal,MoSe2 / Beal,MoSe2,Beal,,data/records/MoSe2_MoSe2_Beal.json,data/experimental/MoSe2_MoSe2_Beal/raw_database_points.json,data/experimental/MoSe2_MoSe2_Beal/fitting_grid_points.json,11,5.0,CP,CP_M5,0.0266008229873102,5
MoSe2,MoSe2_MoSe2_Munkhbat-e,MoSe2 / Munkhbat-e,MoSe2,Munkhbat-e,,data/records/MoSe2_MoSe2_Munkhbat-e.json,data/experimental/MoSe2_MoSe2_Munkhbat-e/raw_database_points.json,data/experimental/MoSe2_MoSe2_Munkhbat-e/fitting_grid_points.json,3,1.0,CP,CP_M1,0.0051200721661472,5
MoSe2,MoSe2_MoSe2_Munkhbat-o,MoSe2 / Munkhbat-o,MoSe2,Munkhbat-o,,data/records/MoSe2_MoSe2_Munkhbat-o.json,data/experimental/MoSe2_MoSe2_Munkhbat-o/raw_database_points.json,data/experimental/MoSe2_MoSe2_Munkhbat-o/fitting_grid_points.json,7,5.0,RP,RP_M5,0.020726083668809,5
MoSe2,MoSe2_MoSe2_Pruszynska-Karbownik-e,MoSe2 / Pruszynska-Karbownik-e,MoSe2,Pruszynska-Karbownik-e,,data/records/MoSe2_MoSe2_Pruszynska-Karbownik-e.json,data/experimental/MoSe2_MoSe2_Pruszynska-Karbownik-e/raw_database_points.json,data/experimental/MoSe2_MoSe2_Pruszynska-Karbownik-e/fitting_grid_points.json,11,1.0,CP,CP_M1,0.0003126632366317,5
MoSe2,MoSe2_MoSe2_Pruszynska-Karbownik-o,MoSe2 / Pruszynska-Karbownik-o,MoSe2,Pruszynska-Karbownik-o,,data/records/MoSe2_MoSe2_Pruszynska-Karbownik-o.json,data/experimental/MoSe2_MoSe2_Pruszynska-Karbownik-o/raw_database_points.json,data/experimental/MoSe2_MoSe2_Pruszynska-Karbownik-o/fitting_grid_points.json,6,5.0,CP,CP_M5,0.0123011906623464,5
Mo,Mo_Mo_Kirillova,Mo / Kirillova,Mo,Kirillova,,data/records/Mo_Mo_Kirillova.json,data/experimental/Mo_Mo_Kirillova/raw_database_points.json,data/experimental/Mo_Mo_Kirillova/fitting_grid_points.json,1,5.0,CP,CP_M5,0.0150454171550821,5
Mo,Mo_Mo_Querry,Mo / Querry,Mo,Querry,,data/records/Mo_Mo_Querry.json,data/experimental/Mo_Mo_Querry/raw_database_points.json,data/experimental/Mo_Mo_Querry/fitting_grid_points.json,6,4.0,CP,CP_M4,0.0030748641592311,5
Mo,Mo_Mo_Werner,Mo / Werner,Mo,Werner,,data/records/Mo_Mo_Werner.json,data/experimental/Mo_Mo_Werner/raw_database_points.json,data/experimental/Mo_Mo_Werner/fitting_grid_points.json,6,3.0,CP,CP_M3,0.0073069897850861,5
Mo,Mo_Mo_Werner-DFT,Mo / Werner-DFT,Mo,Werner-DFT,,data/records/Mo_Mo_Werner-DFT.json,data/experimental/Mo_Mo_Werner-DFT/raw_database_points.json,data/experimental/Mo_Mo_Werner-DFT/fitting_grid_points.json,10,5.0,CP,CP_M5,0.0116835970752826,5
Nb2O5,Nb2O5_Nb2O5_Franta,Nb2O5 / Franta,Nb2O5,Franta,,data/records/Nb2O5_Nb2O5_Franta.json,data/experimental/Nb2O5_Nb2O5_Franta/raw_database_points.json,data/experimental/Nb2O5_Nb2O5_Franta/fitting_grid_points.json,11,2.0,CP,CP_M2,0.0034596527728313,5
Nb2O5,Nb2O5_Nb2O5_Lemarchand,Nb2O5 / Lemarchand,Nb2O5,Lemarchand,,data/records/Nb2O5_Nb2O5_Lemarchand.json,data/experimental/Nb2O5_Nb2O5_Lemarchand/raw_database_points.json,data/experimental/Nb2O5_Nb2O5_Lemarchand/fitting_grid_points.json,11,2.0,CP,CP_M2,0.0044223919814993,5
Ni,Ni_Ni_Johnson,Ni / Johnson,Ni,Johnson,,data/records/Ni_Ni_Johnson.json,data/experimental/Ni_Ni_Johnson/raw_database_points.json,data/experimental/Ni_Ni_Johnson/fitting_grid_points.json,8,4.0,CP,CP_M4,0.0192211234437147,5
Ni,Ni_Ni_Rakic-BB,Ni / Rakic-BB,Ni,Rakic-BB,,data/records/Ni_Ni_Rakic-BB.json,data/experimental/Ni_Ni_Rakic-BB/raw_database_points.json,data/experimental/Ni_Ni_Rakic-BB/fitting_grid_points.json,8,3.0,CP,CP_M3,0.002931742251802,5
Ni,Ni_Ni_Rakic-LD,Ni / Rakic-LD,Ni,Rakic-LD,,data/records/Ni_Ni_Rakic-LD.json,data/experimental/Ni_Ni_Rakic-LD/raw_database_points.json,data/experimental/Ni_Ni_Rakic-LD/fitting_grid_points.json,4,4.0,CP,CP_M4,2.183441458962553e-05,5
Ni,Ni_Ni_Werner,Ni / Werner,Ni,Werner,,data/records/Ni_Ni_Werner.json,data/experimental/Ni_Ni_Werner/raw_database_points.json,data/experimental/Ni_Ni_Werner/fitting_grid_points.json,10,5.0,CP,CP_M5,0.0091784115135463,5
Ni,Ni_Ni_Werner-DFT,Ni / Werner-DFT,Ni,Werner-DFT,,data/records/Ni_Ni_Werner-DFT.json,data/experimental/Ni_Ni_Werner-DFT/raw_database_points.json,data/experimental/Ni_Ni_Werner-DFT/fitting_grid_points.json,10,5.0,CP,CP_M5,0.0057879138167819,5
Pd,Pd_Pd_Johnson,Pd / Johnson,Pd,Johnson,,data/records/Pd_Pd_Johnson.json,data/experimental/Pd_Pd_Johnson/raw_database_points.json,data/experimental/Pd_Pd_Johnson/fitting_grid_points.json,1,3.0,CP,CP_M3,0.0264428869936192,5
Pd,Pd_Pd_Palm,Pd / Palm,Pd,Palm,,data/records/Pd_Pd_Palm.json,data/experimental/Pd_Pd_Palm/raw_database_points.json,data/experimental/Pd_Pd_Palm/fitting_grid_points.json,11,3.0,CP,CP_M3,0.0040278627011863,5
Pd,Pd_Pd_Rakic-BB,Pd / Rakic-BB,Pd,Rakic-BB,,data/records/Pd_Pd_Rakic-BB.json,data/experimental/Pd_Pd_Rakic-BB/raw_database_points.json,data/experimental/Pd_Pd_Rakic-BB/fitting_grid_points.json,5,5.0,CP,CP_M5,0.0003955692602751,5
Pd,Pd_Pd_Rakic-LD,Pd / Rakic-LD,Pd,Rakic-LD,,data/records/Pd_Pd_Rakic-LD.json,data/experimental/Pd_Pd_Rakic-LD/raw_database_points.json,data/experimental/Pd_Pd_Rakic-LD/fitting_grid_points.json,2,4.0,CP,CP_M4,0.0002540052764597,5
Pd,Pd_Pd_Werner,Pd / Werner,Pd,Werner,,data/records/Pd_Pd_Werner.json,data/experimental/Pd_Pd_Werner/raw_database_points.json,data/experimental/Pd_Pd_Werner/fitting_grid_points.json,10,2.0,CP,CP_M2,0.0021012423680042,5
Pd,Pd_Pd_Werner-DFT,Pd / Werner-DFT,Pd,Werner-DFT,,data/records/Pd_Pd_Werner-DFT.json,data/experimental/Pd_Pd_Werner-DFT/raw_database_points.json,data/experimental/Pd_Pd_Werner-DFT/fitting_grid_points.json,10,3.0,CP,CP_M3,0.0033633890889335,5
Pt,Pt_Pt_Rakic-BB,Pt / Rakic-BB,Pt,Rakic-BB,,data/records/Pt_Pt_Rakic-BB.json,data/experimental/Pt_Pt_Rakic-BB/raw_database_points.json,data/experimental/Pt_Pt_Rakic-BB/fitting_grid_points.json,10,3.0,CP,CP_M3,0.0041798738496418,5
Pt,Pt_Pt_Rakic-LD,Pt / Rakic-LD,Pt,Rakic-LD,,data/records/Pt_Pt_Rakic-LD.json,data/experimental/Pt_Pt_Rakic-LD/raw_database_points.json,data/experimental/Pt_Pt_Rakic-LD/fitting_grid_points.json,11,3.0,CP,CP_M3,0.0027962601145936,5
Pt,Pt_Pt_Tselin,Pt / Tselin,Pt,Tselin,,data/records/Pt_Pt_Tselin.json,data/experimental/Pt_Pt_Tselin/raw_database_points.json,data/experimental/Pt_Pt_Tselin/fitting_grid_points.json,12,3.0,CP,CP_M3,0.001204606234022,5
Pt,Pt_Pt_Werner,Pt / Werner,Pt,Werner,,data/records/Pt_Pt_Werner.json,data/experimental/Pt_Pt_Werner/raw_database_points.json,data/experimental/Pt_Pt_Werner/fitting_grid_points.json,13,3.0,CP,CP_M3,0.004701377029167,5
Pt,Pt_Pt_Werner-DFT,Pt / Werner-DFT,Pt,Werner-DFT,,data/records/Pt_Pt_Werner-DFT.json,data/experimental/Pt_Pt_Werner-DFT/raw_database_points.json,data/experimental/Pt_Pt_Werner-DFT/fitting_grid_points.json,10,4.0,CP,CP_M4,0.0030015284865931,5
Sc2O3,Sc2O3_Sc2O3_Belosludtsev,Sc2O3 / Belosludtsev,Sc2O3,Belosludtsev,,data/records/Sc2O3_Sc2O3_Belosludtsev.json,data/experimental/Sc2O3_Sc2O3_Belosludtsev/raw_database_points.json,data/experimental/Sc2O3_Sc2O3_Belosludtsev/fitting_grid_points.json,6,1.0,CP,CP_M1,0.0004101230767338,5
Si3N4,Si3N4_Si3N4_Beliaev,Si3N4 / Beliaev,Si3N4,Beliaev,,data/records/Si3N4_Si3N4_Beliaev.json,data/experimental/Si3N4_Si3N4_Beliaev/raw_database_points.json,data/experimental/Si3N4_Si3N4_Beliaev/fitting_grid_points.json,11,1.0,CP,CP_M1,0.0001165326612554,5
Si3N4,Si3N4_Si3N4_Vogt-1,Si3N4 / Vogt-1,Si3N4,Vogt-1,,data/records/Si3N4_Si3N4_Vogt-1.json,data/experimental/Si3N4_Si3N4_Vogt-1/raw_database_points.json,data/experimental/Si3N4_Si3N4_Vogt-1/fitting_grid_points.json,13,1.0,CP,CP_M1,0.0018117401268094,5
Si3N4,Si3N4_Si3N4_Vogt-2,Si3N4 / Vogt-2,Si3N4,Vogt-2,,data/records/Si3N4_Si3N4_Vogt-2.json,data/experimental/Si3N4_Si3N4_Vogt-2/raw_database_points.json,data/experimental/Si3N4_Si3N4_Vogt-2/fitting_grid_points.json,14,2.0,CP,CP_M2,0.0015399114165572,5
Si3N4,Si3N4_Si3N4_Vogt-3,Si3N4 / Vogt-3,Si3N4,Vogt-3,,data/records/Si3N4_Si3N4_Vogt-3.json,data/experimental/Si3N4_Si3N4_Vogt-3/raw_database_points.json,data/experimental/Si3N4_Si3N4_Vogt-3/fitting_grid_points.json,9,2.0,CP,CP_M2,0.0036393353557687,5
SiC,SiC_SiC_Larruquert,SiC / Larruquert,SiC,Larruquert,,data/records/SiC_SiC_Larruquert.json,data/experimental/SiC_SiC_Larruquert/raw_database_points.json,data/experimental/SiC_SiC_Larruquert/fitting_grid_points.json,6,4.0,CP,CP_M4,0.0007631713072377,5
SiO2,SiO2_SiO2_Franta,SiO2 / Franta,SiO2,Franta,,data/records/SiO2_SiO2_Franta.json,data/experimental/SiO2_SiO2_Franta/raw_database_points.json,data/experimental/SiO2_SiO2_Franta/fitting_grid_points.json,9,1.0,CP,CP_M1,0.0007271958877213,5
SiO2,SiO2_SiO2_Franta-25C,SiO2 / Franta-25C,SiO2,Franta-25C,,data/records/SiO2_SiO2_Franta-25C.json,data/experimental/SiO2_SiO2_Franta-25C/raw_database_points.json,data/experimental/SiO2_SiO2_Franta-25C/fitting_grid_points.json,14,1.0,CP,CP_M1,0.0009580779799072,5
SiO2,SiO2_SiO2_Franta-300C,SiO2 / Franta-300C,SiO2,Franta-300C,,data/records/SiO2_SiO2_Franta-300C.json,data/experimental/SiO2_SiO2_Franta-300C/raw_database_points.json,data/experimental/SiO2_SiO2_Franta-300C/fitting_grid_points.json,14,1.0,CP,CP_M1,0.0007783390621376,5
SiO2,SiO2_SiO2_Gao,SiO2 / Gao,SiO2,Gao,,data/records/SiO2_SiO2_Gao.json,data/experimental/SiO2_SiO2_Gao/raw_database_points.json,data/experimental/SiO2_SiO2_Gao/fitting_grid_points.json,8,1.0,CP,CP_M1,0.0004537897336495,5
SiO2,SiO2_SiO2_Lemarchand,SiO2 / Lemarchand,SiO2,Lemarchand,,data/records/SiO2_SiO2_Lemarchand.json,data/experimental/SiO2_SiO2_Lemarchand/raw_database_points.json,data/experimental/SiO2_SiO2_Lemarchand/fitting_grid_points.json,10,1.0,CP,CP_M1,0.0005207066394578,5
SiO2,SiO2_SiO2_Rodriguez-de_Marcos,SiO2 / Rodriguez-de Marcos,SiO2,Rodriguez-de Marcos,,data/records/SiO2_SiO2_Rodriguez-de_Marcos.json,data/experimental/SiO2_SiO2_Rodriguez-de_Marcos/raw_database_points.json,data/experimental/SiO2_SiO2_Rodriguez-de_Marcos/fitting_grid_points.json,4,1.0,CP,CP_M1,0.0001159746145995,5
Si,Si_Si_Franta,Si / Franta,Si,Franta,,data/records/Si_Si_Franta.json,data/experimental/Si_Si_Franta/raw_database_points.json,data/experimental/Si_Si_Franta/fitting_grid_points.json,8,3.0,CP,CP_M3,0.0019969085876237,5
Si,Si_Si_Franta-100K,Si / Franta-100K,Si,Franta-100K,,data/records/Si_Si_Franta-100K.json,data/experimental/Si_Si_Franta-100K/raw_database_points.json,data/experimental/Si_Si_Franta-100K/fitting_grid_points.json,12,4.0,CP,CP_M4,0.002151731679515,5
Si,Si_Si_Franta-10K,Si / Franta-10K,Si,Franta-10K,,data/records/Si_Si_Franta-10K.json,data/experimental/Si_Si_Franta-10K/raw_database_points.json,data/experimental/Si_Si_Franta-10K/fitting_grid_points.json,9,3.0,CP,CP_M3,0.0029295794698612,5
Si,Si_Si_Franta-150K,Si / Franta-150K,Si,Franta-150K,,data/records/Si_Si_Franta-150K.json,data/experimental/Si_Si_Franta-150K/raw_database_points.json,data/experimental/Si_Si_Franta-150K/fitting_grid_points.json,5,5.0,CP,CP_M5,0.0033918246988492,5
Si,Si_Si_Franta-200K,Si / Franta-200K,Si,Franta-200K,,data/records/Si_Si_Franta-200K.json,data/experimental/Si_Si_Franta-200K/raw_database_points.json,data/experimental/Si_Si_Franta-200K/fitting_grid_points.json,6,5.0,CP,CP_M5,0.0027606968096748,5
Si,Si_Si_Franta-20C,Si / Franta-20C,Si,Franta-20C,,data/records/Si_Si_Franta-20C.json,data/experimental/Si_Si_Franta-20C/raw_database_points.json,data/experimental/Si_Si_Franta-20C/fitting_grid_points.json,5,5.0,CP,CP_M5,0.003744900465554,5
Si,Si_Si_Franta-250K,Si / Franta-250K,Si,Franta-250K,,data/records/Si_Si_Franta-250K.json,data/experimental/Si_Si_Franta-250K/raw_database_points.json,data/experimental/Si_Si_Franta-250K/fitting_grid_points.json,10,5.0,RP,RP_M5,0.0012937632760889,5
Si,Si_Si_Franta-25C,Si / Franta-25C,Si,Franta-25C,,data/records/Si_Si_Franta-25C.json,data/experimental/Si_Si_Franta-25C/raw_database_points.json,data/experimental/Si_Si_Franta-25C/fitting_grid_points.json,5,5.0,CP,CP_M5,0.0024962323283377,5
Si,Si_Si_Franta-300K,Si / Franta-300K,Si,Franta-300K,,data/records/Si_Si_Franta-300K.json,data/experimental/Si_Si_Franta-300K/raw_database_points.json,data/experimental/Si_Si_Franta-300K/fitting_grid_points.json,6,5.0,CP,CP_M5,0.0031200452188509,5
Si,Si_Si_Franta-350K,Si / Franta-350K,Si,Franta-350K,,data/records/Si_Si_Franta-350K.json,data/experimental/Si_Si_Franta-350K/raw_database_points.json,data/experimental/Si_Si_Franta-350K/fitting_grid_points.json,6,4.0,RP,RP_M4,0.0037829769143021,5
Si,Si_Si_Franta-400K,Si / Franta-400K,Si,Franta-400K,,data/records/Si_Si_Franta-400K.json,data/experimental/Si_Si_Franta-400K/raw_database_points.json,data/experimental/Si_Si_Franta-400K/fitting_grid_points.json,9,3.0,CP,CP_M3,0.0028212404958763,5
Si,Si_Si_Franta-450K,Si / Franta-450K,Si,Franta-450K,,data/records/Si_Si_Franta-450K.json,data/experimental/Si_Si_Franta-450K/raw_database_points.json,data/experimental/Si_Si_Franta-450K/fitting_grid_points.json,8,3.0,CP,CP_M3,0.0035005079558709,5
Si,Si_Si_Franta-500K,Si / Franta-500K,Si,Franta-500K,,data/records/Si_Si_Franta-500K.json,data/experimental/Si_Si_Franta-500K/raw_database_points.json,data/experimental/Si_Si_Franta-500K/fitting_grid_points.json,5,3.0,CP,CP_M3,0.0037085264251182,5
Si,Si_Si_Franta-50K,Si / Franta-50K,Si,Franta-50K,,data/records/Si_Si_Franta-50K.json,data/experimental/Si_Si_Franta-50K/raw_database_points.json,data/experimental/Si_Si_Franta-50K/fitting_grid_points.json,8,4.0,CP,CP_M4,0.0020942583742182,5
Si,Si_Si_Green-1995,Si / Green-1995,Si,Green-1995,,data/records/Si_Si_Green-1995.json,data/experimental/Si_Si_Green-1995/raw_database_points.json,data/experimental/Si_Si_Green-1995/fitting_grid_points.json,11,1.0,CP,CP_M1,0.1490307499944543,5
Si,Si_Si_Green-2008,Si / Green-2008,Si,Green-2008,,data/records/Si_Si_Green-2008.json,data/experimental/Si_Si_Green-2008/raw_database_points.json,data/experimental/Si_Si_Green-2008/fitting_grid_points.json,10,3.0,CP,CP_M3,0.0046139069133356,5
Si,Si_Si_Karaman-120C,Si / Karaman-120C,Si,Karaman-120C,,data/records/Si_Si_Karaman-120C.json,data/experimental/Si_Si_Karaman-120C/raw_database_points.json,data/experimental/Si_Si_Karaman-120C/fitting_grid_points.json,8,2.0,CP,CP_M2,0.0041975731133937,5
Si,Si_Si_Karaman-170C,Si / Karaman-170C,Si,Karaman-170C,,data/records/Si_Si_Karaman-170C.json,data/experimental/Si_Si_Karaman-170C/raw_database_points.json,data/experimental/Si_Si_Karaman-170C/fitting_grid_points.json,8,2.0,CP,CP_M2,0.0040385849862702,5
Si,Si_Si_Karaman-20C,Si / Karaman-20C,Si,Karaman-20C,,data/records/Si_Si_Karaman-20C.json,data/experimental/Si_Si_Karaman-20C/raw_database_points.json,data/experimental/Si_Si_Karaman-20C/fitting_grid_points.json,11,2.0,CP,CP_M2,0.0040726201846828,5
Si,Si_Si_Karaman-220C,Si / Karaman-220C,Si,Karaman-220C,,data/records/Si_Si_Karaman-220C.json,data/experimental/Si_Si_Karaman-220C/raw_database_points.json,data/experimental/Si_Si_Karaman-220C/fitting_grid_points.json,7,2.0,CP,CP_M2,0.0025507440694532,5
Si,Si_Si_Karaman-70C,Si / Karaman-70C,Si,Karaman-70C,,data/records/Si_Si_Karaman-70C.json,data/experimental/Si_Si_Karaman-70C/raw_database_points.json,data/experimental/Si_Si_Karaman-70C/fitting_grid_points.json,10,2.0,CP,CP_M2,0.0040819957788903,5
Si,Si_Si_Pierce,Si / Pierce,Si,Pierce,,data/records/Si_Si_Pierce.json,data/experimental/Si_Si_Pierce/raw_database_points.json,data/experimental/Si_Si_Pierce/fitting_grid_points.json,3,2.0,CP,CP_M2,0.0035179101544554,5
Si,Si_Si_Schinke,Si / Schinke,Si,Schinke,,data/records/Si_Si_Schinke.json,data/experimental/Si_Si_Schinke/raw_database_points.json,data/experimental/Si_Si_Schinke/fitting_grid_points.json,6,3.0,CP,CP_M3,0.0047431027949224,5
Ta2O5,Ta2O5_Ta2O5_Cheikh-amorphous-3.28-12-25,Ta2O5 / Cheikh-amorphous-3.28-12-25,Ta2O5,Cheikh-amorphous-3.28-12-25,,data/records/Ta2O5_Ta2O5_Cheikh-amorphous-3.28-12-25.json,data/experimental/Ta2O5_Ta2O5_Cheikh-amorphous-3.28-12-25/raw_database_points.json,data/experimental/Ta2O5_Ta2O5_Cheikh-amorphous-3.28-12-25/fitting_grid_points.json,15,1.0,CP,CP_M1,0.004484962903482,5
Ta2O5,Ta2O5_Ta2O5_Cheikh-amorphous-3.28-16-25,Ta2O5 / Cheikh-amorphous-3.28-16-25,Ta2O5,Cheikh-amorphous-3.28-16-25,,data/records/Ta2O5_Ta2O5_Cheikh-amorphous-3.28-16-25.json,data/experimental/Ta2O5_Ta2O5_Cheikh-amorphous-3.28-16-25/raw_database_points.json,data/experimental/Ta2O5_Ta2O5_Cheikh-amorphous-3.28-16-25/fitting_grid_points.json,11,1.0,CP,CP_M1,0.0007429998470309,5
Ta2O5,Ta2O5_Ta2O5_Cheikh-amorphous-3.28-4-25,Ta2O5 / Cheikh-amorphous-3.28-4-25,Ta2O5,Cheikh-amorphous-3.28-4-25,,data/records/Ta2O5_Ta2O5_Cheikh-amorphous-3.28-4-25.json,data/experimental/Ta2O5_Ta2O5_Cheikh-amorphous-3.28-4-25/raw_database_points.json,data/experimental/Ta2O5_Ta2O5_Cheikh-amorphous-3.28-4-25/fitting_grid_points.json,13,1.0,CP,CP_M1,0.0007613246874339,5
Ta2O5,Ta2O5_Ta2O5_Cheikh-amorphous-3.28-8-25,Ta2O5 / Cheikh-amorphous-3.28-8-25,Ta2O5,Cheikh-amorphous-3.28-8-25,,data/records/Ta2O5_Ta2O5_Cheikh-amorphous-3.28-8-25.json,data/experimental/Ta2O5_Ta2O5_Cheikh-amorphous-3.28-8-25/raw_database_points.json,data/experimental/Ta2O5_Ta2O5_Cheikh-amorphous-3.28-8-25/fitting_grid_points.json,11,1.0,CP,CP_M1,0.0007495339293955,5
Ta2O5,Ta2O5_Ta2O5_Cheikh-amorphous-3.28-8-450,Ta2O5 / Cheikh-amorphous-3.28-8-450,Ta2O5,Cheikh-amorphous-3.28-8-450,,data/records/Ta2O5_Ta2O5_Cheikh-amorphous-3.28-8-450.json,data/experimental/Ta2O5_Ta2O5_Cheikh-amorphous-3.28-8-450/raw_database_points.json,data/experimental/Ta2O5_Ta2O5_Cheikh-amorphous-3.28-8-450/fitting_grid_points.json,12,1.0,CP,CP_M1,0.0006509808603358,5
Ta2O5,Ta2O5_Ta2O5_Cheikh-amorphous-3.28-8-550,Ta2O5 / Cheikh-amorphous-3.28-8-550,Ta2O5,Cheikh-amorphous-3.28-8-550,,data/records/Ta2O5_Ta2O5_Cheikh-amorphous-3.28-8-550.json,data/experimental/Ta2O5_Ta2O5_Cheikh-amorphous-3.28-8-550/raw_database_points.json,data/experimental/Ta2O5_Ta2O5_Cheikh-amorphous-3.28-8-550/fitting_grid_points.json,8,1.0,CP,CP_M1,0.0006599492907541,5
Ta2O5,Ta2O5_Ta2O5_Cheikh-amorphous-4.38-12-25,Ta2O5 / Cheikh-amorphous-4.38-12-25,Ta2O5,Cheikh-amorphous-4.38-12-25,,data/records/Ta2O5_Ta2O5_Cheikh-amorphous-4.38-12-25.json,data/experimental/Ta2O5_Ta2O5_Cheikh-amorphous-4.38-12-25/raw_database_points.json,data/experimental/Ta2O5_Ta2O5_Cheikh-amorphous-4.38-12-25/fitting_grid_points.json,14,1.0,CP,CP_M1,0.0020223375826169,5
Ta2O5,Ta2O5_Ta2O5_Cheikh-amorphous-5.48-12-25,Ta2O5 / Cheikh-amorphous-5.48-12-25,Ta2O5,Cheikh-amorphous-5.48-12-25,,data/records/Ta2O5_Ta2O5_Cheikh-amorphous-5.48-12-25.json,data/experimental/Ta2O5_Ta2O5_Cheikh-amorphous-5.48-12-25/raw_database_points.json,data/experimental/Ta2O5_Ta2O5_Cheikh-amorphous-5.48-12-25/fitting_grid_points.json,14,1.0,CP,CP_M1,0.0039622784984654,5
Ta2O5,Ta2O5_Ta2O5_Cheikh-amorphous-6.75-12-25,Ta2O5 / Cheikh-amorphous-6.75-12-25,Ta2O5,Cheikh-amorphous-6.75-12-25,,data/records/Ta2O5_Ta2O5_Cheikh-amorphous-6.75-12-25.json,data/experimental/Ta2O5_Ta2O5_Cheikh-amorphous-6.75-12-25/raw_database_points.json,data/experimental/Ta2O5_Ta2O5_Cheikh-amorphous-6.75-12-25/fitting_grid_points.json,14,1.0,CP,CP_M1,0.0008056906743963,5
Ta2O5,Ta2O5_Ta2O5_Cheikh-crystalline-3.28-8-650,Ta2O5 / Cheikh-crystalline-3.28-8-650,Ta2O5,Cheikh-crystalline-3.28-8-650,,data/records/Ta2O5_Ta2O5_Cheikh-crystalline-3.28-8-650.json,data/experimental/Ta2O5_Ta2O5_Cheikh-crystalline-3.28-8-650/raw_database_points.json,data/experimental/Ta2O5_Ta2O5_Cheikh-crystalline-3.28-8-650/fitting_grid_points.json,11,2.0,CP,CP_M2,0.0006363549974932,5
Ta2O5,Ta2O5_Ta2O5_Cheikh-crystalline-3.28-8-750,Ta2O5 / Cheikh-crystalline-3.28-8-750,Ta2O5,Cheikh-crystalline-3.28-8-750,,data/records/Ta2O5_Ta2O5_Cheikh-crystalline-3.28-8-750.json,data/experimental/Ta2O5_Ta2O5_Cheikh-crystalline-3.28-8-750/raw_database_points.json,data/experimental/Ta2O5_Ta2O5_Cheikh-crystalline-3.28-8-750/fitting_grid_points.json,11,2.0,CP,CP_M2,0.001023885076798,5
Ta2O5,Ta2O5_Ta2O5_Cheikh-crystalline-3.28-8-850,Ta2O5 / Cheikh-crystalline-3.28-8-850,Ta2O5,Cheikh-crystalline-3.28-8-850,,data/records/Ta2O5_Ta2O5_Cheikh-crystalline-3.28-8-850.json,data/experimental/Ta2O5_Ta2O5_Cheikh-crystalline-3.28-8-850/raw_database_points.json,data/experimental/Ta2O5_Ta2O5_Cheikh-crystalline-3.28-8-850/fitting_grid_points.json,12,1.0,CP,CP_M1,0.0042728648296133,5
Ta2O5,Ta2O5_Ta2O5_Franta-2015,Ta2O5 / Franta-2015,Ta2O5,Franta-2015,,data/records/Ta2O5_Ta2O5_Franta-2015.json,data/experimental/Ta2O5_Ta2O5_Franta-2015/raw_database_points.json,data/experimental/Ta2O5_Ta2O5_Franta-2015/fitting_grid_points.json,12,1.0,CP,CP_M1,0.0013621094836865,5
Ta2O5,Ta2O5_Ta2O5_Franta-2025,Ta2O5 / Franta-2025,Ta2O5,Franta-2025,,data/records/Ta2O5_Ta2O5_Franta-2025.json,data/experimental/Ta2O5_Ta2O5_Franta-2025/raw_database_points.json,data/experimental/Ta2O5_Ta2O5_Franta-2025/fitting_grid_points.json,13,1.0,CP,CP_M1,0.0013460290391023,5
Ta2O5,Ta2O5_Ta2O5_Rodriguez-de_Marcos,Ta2O5 / Rodriguez-de Marcos,Ta2O5,Rodriguez-de Marcos,,data/records/Ta2O5_Ta2O5_Rodriguez-de_Marcos.json,data/experimental/Ta2O5_Ta2O5_Rodriguez-de_Marcos/raw_database_points.json,data/experimental/Ta2O5_Ta2O5_Rodriguez-de_Marcos/fitting_grid_points.json,12,1.0,CP,CP_M1,0.0012620144589616,5
Ta,Ta_Ta_Werner,Ta / Werner,Ta,Werner,,data/records/Ta_Ta_Werner.json,data/experimental/Ta_Ta_Werner/raw_database_points.json,data/experimental/Ta_Ta_Werner/fitting_grid_points.json,10,2.0,CP,CP_M2,0.000360835150147,5
Ta,Ta_Ta_Werner-DFT,Ta / Werner-DFT,Ta,Werner-DFT,,data/records/Ta_Ta_Werner-DFT.json,data/experimental/Ta_Ta_Werner-DFT/raw_database_points.json,data/experimental/Ta_Ta_Werner-DFT/fitting_grid_points.json,10,5.0,CP,CP_M5,0.0090430439739593,5
TiN,TiN_TiN_Beliaev-sputtering,TiN / Beliaev-sputtering,TiN,Beliaev-sputtering,,data/records/TiN_TiN_Beliaev-sputtering.json,data/experimental/TiN_TiN_Beliaev-sputtering/raw_database_points.json,data/experimental/TiN_TiN_Beliaev-sputtering/fitting_grid_points.json,5,3.0,CP,CP_M3,0.0175713235261552,5
TiN,TiN_TiN_Pfluger,TiN / Pfluger,TiN,Pfluger,,data/records/TiN_TiN_Pfluger.json,data/experimental/TiN_TiN_Pfluger/raw_database_points.json,data/experimental/TiN_TiN_Pfluger/fitting_grid_points.json,11,5.0,CP,CP_M5,0.0194096710819349,5
TiN,TiN_TiN_Shkondin,TiN / Shkondin,TiN,Shkondin,,data/records/TiN_TiN_Shkondin.json,data/experimental/TiN_TiN_Shkondin/raw_database_points.json,data/experimental/TiN_TiN_Shkondin/fitting_grid_points.json,6,4.0,CP,CP_M4,0.0022424823692196,5
TiN,TiN_TiN_Shkondin-700,TiN / Shkondin-700,TiN,Shkondin-700,,data/records/TiN_TiN_Shkondin-700.json,data/experimental/TiN_TiN_Shkondin-700/raw_database_points.json,data/experimental/TiN_TiN_Shkondin-700/fitting_grid_points.json,7,4.0,CP,CP_M4,0.0029997376261676,5
TiN,TiN_TiN_Shkondin-800,TiN / Shkondin-800,TiN,Shkondin-800,,data/records/TiN_TiN_Shkondin-800.json,data/experimental/TiN_TiN_Shkondin-800/raw_database_points.json,data/experimental/TiN_TiN_Shkondin-800/fitting_grid_points.json,10,5.0,CP,CP_M5,0.0011719947641959,5
TiN,TiN_TiN_Shkondin-900,TiN / Shkondin-900,TiN,Shkondin-900,,data/records/TiN_TiN_Shkondin-900.json,data/experimental/TiN_TiN_Shkondin-900/raw_database_points.json,data/experimental/TiN_TiN_Shkondin-900/fitting_grid_points.json,13,5.0,CP,CP_M5,0.0013042016805378,5
TiO2,TiO2_TiO2_Franta,TiO2 / Franta,TiO2,Franta,,data/records/TiO2_TiO2_Franta.json,data/experimental/TiO2_TiO2_Franta/raw_database_points.json,data/experimental/TiO2_TiO2_Franta/fitting_grid_points.json,12,2.0,CP,CP_M2,0.0044502993209513,5
TiO2,TiO2_TiO2_Sarkar,TiO2 / Sarkar,TiO2,Sarkar,,data/records/TiO2_TiO2_Sarkar.json,data/experimental/TiO2_TiO2_Sarkar/raw_database_points.json,data/experimental/TiO2_TiO2_Sarkar/fitting_grid_points.json,5,4.0,CP,CP_M4,0.0018837667657116,5
TiO2,TiO2_TiO2_Siefke,TiO2 / Siefke,TiO2,Siefke,,data/records/TiO2_TiO2_Siefke.json,data/experimental/TiO2_TiO2_Siefke/raw_database_points.json,data/experimental/TiO2_TiO2_Siefke/fitting_grid_points.json,10,3.0,CP,CP_M3,0.0015852489349911,5
TiO2,TiO2_TiO2_Zhukovsky,TiO2 / Zhukovsky,TiO2,Zhukovsky,,data/records/TiO2_TiO2_Zhukovsky.json,data/experimental/TiO2_TiO2_Zhukovsky/raw_database_points.json,data/experimental/TiO2_TiO2_Zhukovsky/fitting_grid_points.json,12,2.0,CP,CP_M2,0.0029989929799633,5
Ti,Ti_Ti_Johnson,Ti / Johnson,Ti,Johnson,,data/records/Ti_Ti_Johnson.json,data/experimental/Ti_Ti_Johnson/raw_database_points.json,data/experimental/Ti_Ti_Johnson/fitting_grid_points.json,3,5.0,CP,CP_M5,0.025634150740388,5
Ti,Ti_Ti_Palm,Ti / Palm,Ti,Palm,,data/records/Ti_Ti_Palm.json,data/experimental/Ti_Ti_Palm/raw_database_points.json,data/experimental/Ti_Ti_Palm/fitting_grid_points.json,6,4.0,CP,CP_M4,0.0009813505320361,5
Ti,Ti_Ti_Rakic-BB,Ti / Rakic-BB,Ti,Rakic-BB,,data/records/Ti_Ti_Rakic-BB.json,data/experimental/Ti_Ti_Rakic-BB/raw_database_points.json,data/experimental/Ti_Ti_Rakic-BB/fitting_grid_points.json,8,3.0,CP,CP_M3,0.0013119525595746,5
Ti,Ti_Ti_Rakic-LD,Ti / Rakic-LD,Ti,Rakic-LD,,data/records/Ti_Ti_Rakic-LD.json,data/experimental/Ti_Ti_Rakic-LD/raw_database_points.json,data/experimental/Ti_Ti_Rakic-LD/fitting_grid_points.json,7,3.0,CP,CP_M3,0.0003781459730425,5
Ti,Ti_Ti_Werner,Ti / Werner,Ti,Werner,,data/records/Ti_Ti_Werner.json,data/experimental/Ti_Ti_Werner/raw_database_points.json,data/experimental/Ti_Ti_Werner/fitting_grid_points.json,9,4.0,CP,CP_M4,0.0039147181621151,5
Ti,Ti_Ti_Werner-DFT,Ti / Werner-DFT,Ti,Werner-DFT,,data/records/Ti_Ti_Werner-DFT.json,data/experimental/Ti_Ti_Werner-DFT/raw_database_points.json,data/experimental/Ti_Ti_Werner-DFT/fitting_grid_points.json,4,5.0,CP,CP_M5,0.0132182983010915,5
VO2,VO2_VO2_Oguntoye-20C,VO2 / Oguntoye-20C,VO2,Oguntoye-20C,,data/records/VO2_VO2_Oguntoye-20C.json,data/experimental/VO2_VO2_Oguntoye-20C/raw_database_points.json,data/experimental/VO2_VO2_Oguntoye-20C/fitting_grid_points.json,12,3.0,CP,CP_M3,0.004488908126694,5
VO2,VO2_VO2_Oguntoye-30C,VO2 / Oguntoye-30C,VO2,Oguntoye-30C,,data/records/VO2_VO2_Oguntoye-30C.json,data/experimental/VO2_VO2_Oguntoye-30C/raw_database_points.json,data/experimental/VO2_VO2_Oguntoye-30C/fitting_grid_points.json,12,3.0,CP,CP_M3,0.0043287309209869,5
VO2,VO2_VO2_Oguntoye-40C,VO2 / Oguntoye-40C,VO2,Oguntoye-40C,,data/records/VO2_VO2_Oguntoye-40C.json,data/experimental/VO2_VO2_Oguntoye-40C/raw_database_points.json,data/experimental/VO2_VO2_Oguntoye-40C/fitting_grid_points.json,13,3.0,CP,CP_M3,0.004031259546519,5
VO2,VO2_VO2_Oguntoye-50C,VO2 / Oguntoye-50C,VO2,Oguntoye-50C,,data/records/VO2_VO2_Oguntoye-50C.json,data/experimental/VO2_VO2_Oguntoye-50C/raw_database_points.json,data/experimental/VO2_VO2_Oguntoye-50C/fitting_grid_points.json,13,3.0,CP,CP_M3,0.0038475623525767,5
VO2,VO2_VO2_Oguntoye-55C,VO2 / Oguntoye-55C,VO2,Oguntoye-55C,,data/records/VO2_VO2_Oguntoye-55C.json,data/experimental/VO2_VO2_Oguntoye-55C/raw_database_points.json,data/experimental/VO2_VO2_Oguntoye-55C/fitting_grid_points.json,13,4.0,CP,CP_M4,0.003316050541066,5
VO2,VO2_VO2_Oguntoye-60C,VO2 / Oguntoye-60C,VO2,Oguntoye-60C,,data/records/VO2_VO2_Oguntoye-60C.json,data/experimental/VO2_VO2_Oguntoye-60C/raw_database_points.json,data/experimental/VO2_VO2_Oguntoye-60C/fitting_grid_points.json,14,4.0,CP,CP_M4,0.0015751745679824,5
VO2,VO2_VO2_Oguntoye-70C,VO2 / Oguntoye-70C,VO2,Oguntoye-70C,,data/records/VO2_VO2_Oguntoye-70C.json,data/experimental/VO2_VO2_Oguntoye-70C/raw_database_points.json,data/experimental/VO2_VO2_Oguntoye-70C/fitting_grid_points.json,12,4.0,CP,CP_M4,0.0036774628398734,5
VO2,VO2_VO2_Oguntoye-80C,VO2 / Oguntoye-80C,VO2,Oguntoye-80C,,data/records/VO2_VO2_Oguntoye-80C.json,data/experimental/VO2_VO2_Oguntoye-80C/raw_database_points.json,data/experimental/VO2_VO2_Oguntoye-80C/fitting_grid_points.json,13,4.0,CP,CP_M4,0.0034134816639971,5
V,V_V_Johnson,V / Johnson,V,Johnson,,data/records/V_V_Johnson.json,data/experimental/V_V_Johnson/raw_database_points.json,data/experimental/V_V_Johnson/fitting_grid_points.json,5,5.0,CP,CP_M5,0.0551959967815854,5
V,V_V_Werner,V / Werner,V,Werner,,data/records/V_V_Werner.json,data/experimental/V_V_Werner/raw_database_points.json,data/experimental/V_V_Werner/fitting_grid_points.json,13,2.0,CP,CP_M2,0.0012794261595382,5
V,V_V_Werner-DFT,V / Werner-DFT,V,Werner-DFT,,data/records/V_V_Werner-DFT.json,data/experimental/V_V_Werner-DFT/raw_database_points.json,data/experimental/V_V_Werner-DFT/fitting_grid_points.json,7,5.0,CP,CP_M5,0.0175388931841403,5
WS2,WS2_WS2_Munkhbat-e,WS2 / Munkhbat-e,WS2,Munkhbat-e,,data/records/WS2_WS2_Munkhbat-e.json,data/experimental/WS2_WS2_Munkhbat-e/raw_database_points.json,data/experimental/WS2_WS2_Munkhbat-e/fitting_grid_points.json,2,1.0,CP,CP_M1,0.0080258274747573,5
WS2,WS2_WS2_Munkhbat-o,WS2 / Munkhbat-o,WS2,Munkhbat-o,,data/records/WS2_WS2_Munkhbat-o.json,data/experimental/WS2_WS2_Munkhbat-o/raw_database_points.json,data/experimental/WS2_WS2_Munkhbat-o/fitting_grid_points.json,5,4.0,CP,CP_M4,0.1033443042842927,5
WSe2,WSe2_WSe2_Gu-1L,WSe2 / Gu-1L,WSe2,Gu-1L,,data/records/WSe2_WSe2_Gu-1L.json,data/experimental/WSe2_WSe2_Gu-1L/raw_database_points.json,data/experimental/WSe2_WSe2_Gu-1L/fitting_grid_points.json,5,3.0,RP,RP_M3,0.1436796607599962,5
WSe2,WSe2_WSe2_Gu-2L,WSe2 / Gu-2L,WSe2,Gu-2L,,data/records/WSe2_WSe2_Gu-2L.json,data/experimental/WSe2_WSe2_Gu-2L/raw_database_points.json,data/experimental/WSe2_WSe2_Gu-2L/fitting_grid_points.json,7,5.0,RP,RP_M5,0.0337067503769461,5
WSe2,WSe2_WSe2_Gu-3L,WSe2 / Gu-3L,WSe2,Gu-3L,,data/records/WSe2_WSe2_Gu-3L.json,data/experimental/WSe2_WSe2_Gu-3L/raw_database_points.json,data/experimental/WSe2_WSe2_Gu-3L/fitting_grid_points.json,7,5.0,CP,CP_M5,0.096336067383983,5
WSe2,WSe2_WSe2_Gu-4L,WSe2 / Gu-4L,WSe2,Gu-4L,,data/records/WSe2_WSe2_Gu-4L.json,data/experimental/WSe2_WSe2_Gu-4L/raw_database_points.json,data/experimental/WSe2_WSe2_Gu-4L/fitting_grid_points.json,2,4.0,CP,CP_M4,0.1013687835578784,5
WSe2,WSe2_WSe2_Gu-5L,WSe2 / Gu-5L,WSe2,Gu-5L,,data/records/WSe2_WSe2_Gu-5L.json,data/experimental/WSe2_WSe2_Gu-5L/raw_database_points.json,data/experimental/WSe2_WSe2_Gu-5L/fitting_grid_points.json,3,3.0,RP,RP_M3,0.0782950697834055,5
WSe2,WSe2_WSe2_Munkhbat-e,WSe2 / Munkhbat-e,WSe2,Munkhbat-e,,data/records/WSe2_WSe2_Munkhbat-e.json,data/experimental/WSe2_WSe2_Munkhbat-e/raw_database_points.json,data/experimental/WSe2_WSe2_Munkhbat-e/fitting_grid_points.json,0,,,,,5
WSe2,WSe2_WSe2_Munkhbat-o,WSe2 / Munkhbat-o,WSe2,Munkhbat-o,,data/records/WSe2_WSe2_Munkhbat-o.json,data/experimental/WSe2_WSe2_Munkhbat-o/raw_database_points.json,data/experimental/WSe2_WSe2_Munkhbat-o/fitting_grid_points.json,8,5.0,CP,CP_M5,0.0211081922844363,5
W,W_W_Rakic-BB,W / Rakic-BB,W,Rakic-BB,,data/records/W_W_Rakic-BB.json,data/experimental/W_W_Rakic-BB/raw_database_points.json,data/experimental/W_W_Rakic-BB/fitting_grid_points.json,6,3.0,CP,CP_M3,0.0416432761358639,5
W,W_W_Rakic-LD,W / Rakic-LD,W,Rakic-LD,,data/records/W_W_Rakic-LD.json,data/experimental/W_W_Rakic-LD/raw_database_points.json,data/experimental/W_W_Rakic-LD/fitting_grid_points.json,5,4.0,CP,CP_M4,0.0180819477113279,5
W,W_W_Weaver,W / Weaver,W,Weaver,,data/records/W_W_Weaver.json,data/experimental/W_W_Weaver/raw_database_points.json,data/experimental/W_W_Weaver/fitting_grid_points.json,12,5.0,CP,CP_M5,0.0233042005969718,5
W,W_W_Werner,W / Werner,W,Werner,,data/records/W_W_Werner.json,data/experimental/W_W_Werner/raw_database_points.json,data/experimental/W_W_Werner/fitting_grid_points.json,10,5.0,CP,CP_M5,0.0132358401664221,5
W,W_W_Werner-DFT,W / Werner-DFT,W,Werner-DFT,,data/records/W_W_Werner-DFT.json,data/experimental/W_W_Werner-DFT/raw_database_points.json,data/experimental/W_W_Werner-DFT/fitting_grid_points.json,10,5.0,CP,CP_M5,0.0074396190884032,5
ZnO,ZnO_ZnO_Aguilar,ZnO / Aguilar,ZnO,Aguilar,,data/records/ZnO_ZnO_Aguilar.json,data/experimental/ZnO_ZnO_Aguilar/raw_database_points.json,data/experimental/ZnO_ZnO_Aguilar/fitting_grid_points.json,12,2.0,CP,CP_M2,0.0021932249462828,5
ZnO,ZnO_ZnO_Querry,ZnO / Querry,ZnO,Querry,,data/records/ZnO_ZnO_Querry.json,data/experimental/ZnO_ZnO_Querry/raw_database_points.json,data/experimental/ZnO_ZnO_Querry/fitting_grid_points.json,6,3.0,CP,CP_M3,0.044675797087864,5
ZnS,ZnS_ZnS_Querry,ZnS / Querry,ZnS,Querry,,data/records/ZnS_ZnS_Querry.json,data/experimental/ZnS_ZnS_Querry/raw_database_points.json,data/experimental/ZnS_ZnS_Querry/fitting_grid_points.json,12,4.0,CP,CP_M4,0.0023989421078501,5
ZrO2,ZrO2_ZrO2_Synowicki,ZrO2 / Synowicki,ZrO2,Synowicki,,data/records/ZrO2_ZrO2_Synowicki.json,data/experimental/ZrO2_ZrO2_Synowicki/raw_database_points.json,data/experimental/ZrO2_ZrO2_Synowicki/fitting_grid_points.json,9,1.0,CP,CP_M1,6.838533628032604e-05,5
