record_key,material,book,page,recommended,N,family,public_family,public_model_code,internal_model_code,epsilon_rms,absolute_rms,G_rho,model_json,model_curve,selection_mode,reason
Ag_Ag_Babar,Ag,Ag,Babar,True,5.0,SCP,CP,CP_M5,CP_M5_B,0.0100493917517415,0.0340532894473061,1.0000000000000004,data/models/Ag_Ag_Babar/CP_M5_B.json,data/model_curves/Ag_Ag_Babar/CP_M5_B.json,lowest_RMS_no_primary_target,
Ag_Ag_Ciesielski,Ag,Ag,Ciesielski,True,4.0,SCP,CP,CP_M4,CP_M4_B,0.003517228224677,0.027829157962377,1.0,data/models/Ag_Ag_Ciesielski/CP_M4_B.json,data/model_curves/Ag_Ag_Ciesielski/CP_M4_B.json,smallest_N_meeting_primary_target_0.005,
Ag_Ag_Ciesielski-Ge,Ag,Ag,Ciesielski-Ge,True,4.0,SCP,CP,CP_M4,CP_M4_B,0.0020474164095391,0.0161802834129295,1.0000000000000009,data/models/Ag_Ag_Ciesielski-Ge/CP_M4_B.json,data/model_curves/Ag_Ag_Ciesielski-Ge/CP_M4_B.json,smallest_N_meeting_primary_target_0.005,
Ag_Ag_Ciesielski-Ni,Ag,Ag,Ciesielski-Ni,True,4.0,SCP,CP,CP_M4,CP_M4_B,0.0037957736334946,0.0198222964297222,1.0000000000000016,data/models/Ag_Ag_Ciesielski-Ni/CP_M4_B.json,data/model_curves/Ag_Ag_Ciesielski-Ni/CP_M4_B.json,smallest_N_meeting_primary_target_0.005,
Ag_Ag_Ferrera-298K,Ag,Ag,Ferrera-298K,True,2.0,SCP,CP,CP_M2,CP_M2_B,0.0397976611640384,0.598150354140094,1.0000002272519537,data/models/Ag_Ag_Ferrera-298K/CP_M2_B.json,data/model_curves/Ag_Ag_Ferrera-298K/CP_M2_B.json,lowest_RMS_no_primary_target,
Ag_Ag_Ferrera-404K,Ag,Ag,Ferrera-404K,True,2.0,SCP,CP,CP_M2,CP_M2_B,0.02921852527477,0.5458273633101567,1.0000002501886651,data/models/Ag_Ag_Ferrera-404K/CP_M2_B.json,data/model_curves/Ag_Ag_Ferrera-404K/CP_M2_B.json,lowest_RMS_no_primary_target,
Ag_Ag_Ferrera-501K,Ag,Ag,Ferrera-501K,True,2.0,SCP,CP,CP_M2,CP_M2_B,0.021977405941958,0.3747194766390178,1.0000002864370678,data/models/Ag_Ag_Ferrera-501K/CP_M2_B.json,data/model_curves/Ag_Ag_Ferrera-501K/CP_M2_B.json,lowest_RMS_no_primary_target,
Ag_Ag_Ferrera-600K,Ag,Ag,Ferrera-600K,True,3.0,SCP,CP,CP_M3,CP_M3_B,0.0160079299098117,0.1901986782528154,1.0000006349041417,data/models/Ag_Ag_Ferrera-600K/CP_M3_B.json,data/model_curves/Ag_Ag_Ferrera-600K/CP_M3_B.json,lowest_RMS_no_primary_target,
Ag_Ag_Hagemann,Ag,Ag,Hagemann,True,4.0,SCP,CP,CP_M4,CP_M4_B,0.0104443609636023,0.0601428106204916,1.0000000000000009,data/models/Ag_Ag_Hagemann/CP_M4_B.json,data/model_curves/Ag_Ag_Hagemann/CP_M4_B.json,lowest_RMS_no_primary_target,
Ag_Ag_Jiang,Ag,Ag,Jiang,True,4.0,SCP,CP,CP_M4,CP_M4_B,0.0035896730684492,0.0164792291946065,1.0000000000000009,data/models/Ag_Ag_Jiang/CP_M4_B.json,data/model_curves/Ag_Ag_Jiang/CP_M4_B.json,smallest_N_meeting_primary_target_0.005,
Ag_Ag_Johnson,Ag,Ag,Johnson,True,3.0,SCP,CP,CP_M3,CP_M3_B,0.0254852896402148,0.1687570645399593,1.000000123092168,data/models/Ag_Ag_Johnson/CP_M3_B.json,data/model_curves/Ag_Ag_Johnson/CP_M3_B.json,lowest_RMS_no_primary_target,
Ag_Ag_McPeak,Ag,Ag,McPeak,True,5.0,SCP,CP,CP_M5,CP_M5_B,0.0146530657001646,0.056098010417316,1.0,data/models/Ag_Ag_McPeak/CP_M5_B.json,data/model_curves/Ag_Ag_McPeak/CP_M5_B.json,lowest_RMS_no_primary_target,
Ag_Ag_Rakic-BB,Ag,Ag,Rakic-BB,True,3.0,SCP,CP,CP_M3,CP_M3_B,0.0017377409089628,0.010571977587246,1.0,data/models/Ag_Ag_Rakic-BB/CP_M3_B.json,data/model_curves/Ag_Ag_Rakic-BB/CP_M3_B.json,smallest_N_meeting_primary_target_0.005,
Ag_Ag_Rakic-LD,Ag,Ag,Rakic-LD,True,2.0,SCP,CP,CP_M2,CP_M2_B,0.0025660531064581,0.052132546477221,1.0000000000000004,data/models/Ag_Ag_Rakic-LD/CP_M2_B.json,data/model_curves/Ag_Ag_Rakic-LD/CP_M2_B.json,smallest_N_meeting_primary_target_0.005,
Ag_Ag_Werner,Ag,Ag,Werner,True,3.0,SCP,CP,CP_M3,CP_M3_B,0.0016325747628449,0.0209778423646893,1.0,data/models/Ag_Ag_Werner/CP_M3_B.json,data/model_curves/Ag_Ag_Werner/CP_M3_B.json,smallest_N_meeting_primary_target_0.005,
Ag_Ag_Werner-DFT,Ag,Ag,Werner-DFT,True,5.0,SCP,CP,CP_M5,CP_M5_B,0.0147363132640264,0.065939566149984,1.000000000000002,data/models/Ag_Ag_Werner-DFT/CP_M5_B.json,data/model_curves/Ag_Ag_Werner-DFT/CP_M5_B.json,lowest_RMS_no_primary_target,
Ag_Ag_Yang,Ag,Ag,Yang,True,5.0,SCP,CP,CP_M5,CP_M5_B,0.0118140678876368,0.0134180606283224,1.000000012465178,data/models/Ag_Ag_Yang/CP_M5_B.json,data/model_curves/Ag_Ag_Yang/CP_M5_B.json,lowest_RMS_no_primary_target,
Al2O3_Al2O3_Boidin,Al2O3,Al2O3,Boidin,True,1.0,SCP,CP,CP_M1,CP_M1_B,0.0004513952683689,0.0012647280588347,1.0,data/models/Al2O3_Al2O3_Boidin/CP_M1_B.json,data/model_curves/Al2O3_Al2O3_Boidin/CP_M1_B.json,smallest_N_meeting_primary_target_0.005,
Al2O3_Al2O3_Franta,Al2O3,Al2O3,Franta,True,1.0,SCP,CP,CP_M1,CP_M1_B,0.0005651844190725,0.0015317644595312,1.000000001621759,data/models/Al2O3_Al2O3_Franta/CP_M1_B.json,data/model_curves/Al2O3_Al2O3_Franta/CP_M1_B.json,smallest_N_meeting_primary_target_0.005,
Al2O3_Al2O3_Querry,Al2O3,Al2O3,Querry,True,3.0,SCP,CP,CP_M3,CP_M3_B,0.0014062860075767,0.0572651935663236,1.0000000000000004,data/models/Al2O3_Al2O3_Querry/CP_M3_B.json,data/model_curves/Al2O3_Al2O3_Querry/CP_M3_B.json,smallest_N_meeting_primary_target_0.005,
Al2O3_Al2O3_Querry-e,Al2O3,Al2O3,Querry-e,True,2.0,SCP,CP,CP_M2,CP_M2_B,0.0031583728942603,0.0094683604238208,1.0000000000000009,data/models/Al2O3_Al2O3_Querry-e/CP_M2_B.json,data/model_curves/Al2O3_Al2O3_Querry-e/CP_M2_B.json,smallest_N_meeting_primary_target_0.005,
Al2O3_Al2O3_Querry-o,Al2O3,Al2O3,Querry-o,True,2.0,SCP,CP,CP_M2,CP_M2_B,0.0035127389482023,0.0108193286639542,1.000000000000001,data/models/Al2O3_Al2O3_Querry-o/CP_M2_B.json,data/model_curves/Al2O3_Al2O3_Querry-o/CP_M2_B.json,smallest_N_meeting_primary_target_0.005,
Al2O3_Al2O3_Rodriguez_de_Marcos,Al2O3,Al2O3,Rodriguez de Marcos,True,1.0,SCP,CP,CP_M1,CP_M1_B,0.0009541971918973,0.0026395470125526,1.0,data/models/Al2O3_Al2O3_Rodriguez_de_Marcos/CP_M1_B.json,data/model_curves/Al2O3_Al2O3_Rodriguez_de_Marcos/CP_M1_B.json,smallest_N_meeting_primary_target_0.005,
Al2O3_Al2O3_Zhukovsky,Al2O3,Al2O3,Zhukovsky,True,1.0,SCP,CP,CP_M1,CP_M1_B,1.9431042932392536e-05,5.180385311919448e-05,1.0,data/models/Al2O3_Al2O3_Zhukovsky/CP_M1_B.json,data/model_curves/Al2O3_Al2O3_Zhukovsky/CP_M1_B.json,smallest_N_meeting_primary_target_0.005,
AlAs_AlAs_Rakic,AlAs,AlAs,Rakic,True,5.0,CP,CP,CP_M5,CP_M5_A,0.0057361328072147,0.0967634326545312,1.000000322858938,data/models/AlAs_AlAs_Rakic/CP_M5_A.json,data/model_curves/AlAs_AlAs_Rakic/CP_M5_A.json,lowest_RMS_no_primary_target,
AlN_AlN_Beliaev1,AlN,AlN,Beliaev1,True,1.0,SCP,CP,CP_M1,CP_M1_B,0.0005997300635804,0.0026415567914927,1.000000079549636,data/models/AlN_AlN_Beliaev1/CP_M1_B.json,data/model_curves/AlN_AlN_Beliaev1/CP_M1_B.json,smallest_N_meeting_primary_target_0.005,
Al_Al_Hagemann,Al,Al,Hagemann,True,5.0,SCP,CP,CP_M5,CP_M5_B,0.0098530474406886,0.6755075632016043,1.000000000000001,data/models/Al_Al_Hagemann/CP_M5_B.json,data/model_curves/Al_Al_Hagemann/CP_M5_B.json,lowest_RMS_no_primary_target,
Al_Al_McPeak,Al,Al,McPeak,True,3.0,SCP,CP,CP_M3,CP_M3_B,0.0015054820520643,0.0839801771460597,1.000000000000001,data/models/Al_Al_McPeak/CP_M3_B.json,data/model_curves/Al_Al_McPeak/CP_M3_B.json,smallest_N_meeting_primary_target_0.005,
Al_Al_Rakic,Al,Al,Rakic,True,4.0,SCP,CP,CP_M4,CP_M4_B,0.00282718315662,0.2103606227539933,1.0000000000000004,data/models/Al_Al_Rakic/CP_M4_B.json,data/model_curves/Al_Al_Rakic/CP_M4_B.json,smallest_N_meeting_primary_target_0.005,
Al_Al_Rakic-BB,Al,Al,Rakic-BB,True,3.0,SCP,CP,CP_M3,CP_M3_B,0.0015819284549765,0.1158155549472759,1.0,data/models/Al_Al_Rakic-BB/CP_M3_B.json,data/model_curves/Al_Al_Rakic-BB/CP_M3_B.json,smallest_N_meeting_primary_target_0.005,
Al_Al_Rakic-LD,Al,Al,Rakic-LD,True,3.0,SCP,CP,CP_M3,CP_M3_B,0.0010324510102676,0.0479947122425266,1.0000000000000004,data/models/Al_Al_Rakic-LD/CP_M3_B.json,data/model_curves/Al_Al_Rakic-LD/CP_M3_B.json,smallest_N_meeting_primary_target_0.005,
As2S3_As2S3_Slavich-abinitio-alpha,As2S3,As2S3,Slavich-abinitio-alpha,True,5.0,SCP,CP,CP_M5,CP_M5_B,0.003159263292805,0.0200160440300516,1.000000000000001,data/models/As2S3_As2S3_Slavich-abinitio-alpha/CP_M5_B.json,data/model_curves/As2S3_As2S3_Slavich-abinitio-alpha/CP_M5_B.json,smallest_N_meeting_primary_target_0.005,
As2S3_As2S3_Slavich-abinitio-beta,As2S3,As2S3,Slavich-abinitio-beta,True,5.0,SCP,CP,CP_M5,CP_M5_B,0.0035979860906328,0.0399024473737764,1.0000000000000004,data/models/As2S3_As2S3_Slavich-abinitio-beta/CP_M5_B.json,data/model_curves/As2S3_As2S3_Slavich-abinitio-beta/CP_M5_B.json,smallest_N_meeting_primary_target_0.005,
As2S3_As2S3_Slavich-abinitio-gamma,As2S3,As2S3,Slavich-abinitio-gamma,True,4.0,SCP,CP,CP_M4,CP_M4_B,0.003028757260441,0.0447490405877752,1.0,data/models/As2S3_As2S3_Slavich-abinitio-gamma/CP_M4_B.json,data/model_curves/As2S3_As2S3_Slavich-abinitio-gamma/CP_M4_B.json,smallest_N_meeting_primary_target_0.005,
As2S3_As2S3_Synowicki,As2S3,As2S3,Synowicki,True,3.0,CP,CP,CP_M3,CP_M3_A,0.0019118889499631,0.0157767638823644,1.0,data/models/As2S3_As2S3_Synowicki/CP_M3_A.json,data/model_curves/As2S3_As2S3_Synowicki/CP_M3_A.json,smallest_N_meeting_primary_target_0.005,
As2Se3_As2Se3_Joseph-400nm,As2Se3,As2Se3,Joseph-400nm,True,3.0,SCP,CP,CP_M3,CP_M3_B,0.028813863488475,0.3253130711463287,1.0,data/models/As2Se3_As2Se3_Joseph-400nm/CP_M3_B.json,data/model_curves/As2Se3_As2Se3_Joseph-400nm/CP_M3_B.json,lowest_RMS_no_primary_target,
As2Se3_As2Se3_Joseph-700nm,As2Se3,As2Se3,Joseph-700nm,True,2.0,SCP,CP,CP_M2,CP_M2_B,0.4729176857157428,38.06531722345866,1.0000000000000016,data/models/As2Se3_As2Se3_Joseph-700nm/CP_M2_B.json,data/model_curves/As2Se3_As2Se3_Joseph-700nm/CP_M2_B.json,lowest_RMS_no_primary_target,
Au_Au_Babar,Au,Au,Babar,True,5.0,SCP,CP,CP_M5,CP_M5_B,0.0052558720368797,0.0322217553715909,1.000000000000001,data/models/Au_Au_Babar/CP_M5_B.json,data/model_curves/Au_Au_Babar/CP_M5_B.json,lowest_RMS_no_primary_target,
Au_Au_Ciesielski,Au,Au,Ciesielski,True,4.0,SCP,CP,CP_M4,CP_M4_B,0.0016316256229314,0.0434226776359495,1.000000000000001,data/models/Au_Au_Ciesielski/CP_M4_B.json,data/model_curves/Au_Au_Ciesielski/CP_M4_B.json,smallest_N_meeting_primary_target_0.005,
Au_Au_Ciesielski-Ge,Au,Au,Ciesielski-Ge,True,4.0,SCP,CP,CP_M4,CP_M4_B,0.0010325657948689,0.0301085659356703,1.0000000000000016,data/models/Au_Au_Ciesielski-Ge/CP_M4_B.json,data/model_curves/Au_Au_Ciesielski-Ge/CP_M4_B.json,smallest_N_meeting_primary_target_0.005,
Au_Au_Hagemann,Au,Au,Hagemann,True,5.0,SCP,CP,CP_M5,CP_M5_B,0.0119937962419519,0.1238722879785589,1.000000000000001,data/models/Au_Au_Hagemann/CP_M5_B.json,data/model_curves/Au_Au_Hagemann/CP_M5_B.json,lowest_RMS_no_primary_target,
Au_Au_Johnson,Au,Au,Johnson,True,5.0,CP,CP,CP_M5,CP_M5_A,0.0276491722584691,0.5106435381880639,1.000000000000001,data/models/Au_Au_Johnson/CP_M5_A.json,data/model_curves/Au_Au_Johnson/CP_M5_A.json,lowest_RMS_no_primary_target,
Au_Au_Magnozzi-225C,Au,Au,Magnozzi-225C,True,4.0,SCP,CP,CP_M4,CP_M4_B,0.0039316220742721,0.0847614756449443,1.0000000000000004,data/models/Au_Au_Magnozzi-225C/CP_M4_B.json,data/model_curves/Au_Au_Magnozzi-225C/CP_M4_B.json,smallest_N_meeting_primary_target_0.005,
Au_Au_Magnozzi-25C,Au,Au,Magnozzi-25C,True,4.0,SCP,CP,CP_M4,CP_M4_B,0.0039314038117389,0.0669731694551487,1.000000000000001,data/models/Au_Au_Magnozzi-25C/CP_M4_B.json,data/model_curves/Au_Au_Magnozzi-25C/CP_M4_B.json,smallest_N_meeting_primary_target_0.005,
Au_Au_Magnozzi-350C,Au,Au,Magnozzi-350C,True,4.0,SCP,CP,CP_M4,CP_M4_B,0.0041014939409566,0.1032308703714175,1.0000000000000004,data/models/Au_Au_Magnozzi-350C/CP_M4_B.json,data/model_curves/Au_Au_Magnozzi-350C/CP_M4_B.json,smallest_N_meeting_primary_target_0.005,
Au_Au_McPeak,Au,Au,McPeak,True,5.0,SCP,CP,CP_M5,CP_M5_B,0.0016816665960043,0.0491570666141138,1.0,data/models/Au_Au_McPeak/CP_M5_B.json,data/model_curves/Au_Au_McPeak/CP_M5_B.json,smallest_N_meeting_primary_target_0.005,
Au_Au_Olmon-ev,Au,Au,Olmon-ev,True,4.0,SCP,CP,CP_M4,CP_M4_B,0.0015245983428957,0.0221909796968077,1.0000000000000004,data/models/Au_Au_Olmon-ev/CP_M4_B.json,data/model_curves/Au_Au_Olmon-ev/CP_M4_B.json,smallest_N_meeting_primary_target_0.005,
Au_Au_Olmon-sc,Au,Au,Olmon-sc,True,4.0,SCP,CP,CP_M4,CP_M4_B,0.0017313262513336,0.0274108595453726,1.0000000000000004,data/models/Au_Au_Olmon-sc/CP_M4_B.json,data/model_curves/Au_Au_Olmon-sc/CP_M4_B.json,smallest_N_meeting_primary_target_0.005,
Au_Au_Olmon-ts,Au,Au,Olmon-ts,True,4.0,SCP,CP,CP_M4,CP_M4_B,0.0015106187372145,0.027147831348294,1.0000000000000004,data/models/Au_Au_Olmon-ts/CP_M4_B.json,data/model_curves/Au_Au_Olmon-ts/CP_M4_B.json,smallest_N_meeting_primary_target_0.005,
Au_Au_Rakic-BB,Au,Au,Rakic-BB,True,3.0,SCP,CP,CP_M3,CP_M3_B,0.043997452367803,0.4024939197355863,1.000000000000001,data/models/Au_Au_Rakic-BB/CP_M3_B.json,data/model_curves/Au_Au_Rakic-BB/CP_M3_B.json,lowest_RMS_no_primary_target,
Au_Au_Rakic-LD,Au,Au,Rakic-LD,True,4.0,SCP,CP,CP_M4,CP_M4_B,0.0009968898631541,0.0222988428827933,1.0000000000000002,data/models/Au_Au_Rakic-LD/CP_M4_B.json,data/model_curves/Au_Au_Rakic-LD/CP_M4_B.json,smallest_N_meeting_primary_target_0.005,
Au_Au_Rosenblatt-11nm,Au,Au,Rosenblatt-11nm,True,5.0,SCP,CP,CP_M5,CP_M5_B,0.0013275407628616,0.0104915294829802,1.0,data/models/Au_Au_Rosenblatt-11nm/CP_M5_B.json,data/model_curves/Au_Au_Rosenblatt-11nm/CP_M5_B.json,smallest_N_meeting_primary_target_0.005,
Au_Au_Rosenblatt-21nm,Au,Au,Rosenblatt-21nm,True,5.0,SCP,CP,CP_M5,CP_M5_B,0.0008048715180665,0.0058955355080737,1.000000000000001,data/models/Au_Au_Rosenblatt-21nm/CP_M5_B.json,data/model_curves/Au_Au_Rosenblatt-21nm/CP_M5_B.json,smallest_N_meeting_primary_target_0.005,
Au_Au_Rosenblatt-44nm,Au,Au,Rosenblatt-44nm,True,4.0,SCP,CP,CP_M4,CP_M4_B,0.0007073216985015,0.0129983201412947,1.0,data/models/Au_Au_Rosenblatt-44nm/CP_M4_B.json,data/model_curves/Au_Au_Rosenblatt-44nm/CP_M4_B.json,smallest_N_meeting_primary_target_0.005,
Au_Au_Werner,Au,Au,Werner,True,3.0,SCP,CP,CP_M3,CP_M3_B,0.0033442193503221,0.0501103206216361,1.0000000000000004,data/models/Au_Au_Werner/CP_M3_B.json,data/model_curves/Au_Au_Werner/CP_M3_B.json,smallest_N_meeting_primary_target_0.005,
Au_Au_Werner-DFT,Au,Au,Werner-DFT,True,5.0,SCP,CP,CP_M5,CP_M5_B,0.0082677954955404,0.0882852737566024,1.0000000000000009,data/models/Au_Au_Werner-DFT/CP_M5_B.json,data/model_curves/Au_Au_Werner-DFT/CP_M5_B.json,lowest_RMS_no_primary_target,
Au_Au_Yakubovsky-117nm,Au,Au,Yakubovsky-117nm,True,4.0,SCP,CP,CP_M4,CP_M4_B,0.0021710510680331,0.0614672182286447,1.000000000000001,data/models/Au_Au_Yakubovsky-117nm/CP_M4_B.json,data/model_curves/Au_Au_Yakubovsky-117nm/CP_M4_B.json,smallest_N_meeting_primary_target_0.005,
Au_Au_Yakubovsky-25nm,Au,Au,Yakubovsky-25nm,True,4.0,SCP,CP,CP_M4,CP_M4_B,0.0023808612433724,0.0907911680480605,1.0,data/models/Au_Au_Yakubovsky-25nm/CP_M4_B.json,data/model_curves/Au_Au_Yakubovsky-25nm/CP_M4_B.json,smallest_N_meeting_primary_target_0.005,
Au_Au_Yakubovsky-4nm,Au,Au,Yakubovsky-4nm,True,5.0,SCP,CP,CP_M5,CP_M5_B,0.0640063860199064,0.9562775920183116,1.0,data/models/Au_Au_Yakubovsky-4nm/CP_M5_B.json,data/model_curves/Au_Au_Yakubovsky-4nm/CP_M5_B.json,lowest_RMS_no_primary_target,
Au_Au_Yakubovsky-53nm,Au,Au,Yakubovsky-53nm,True,4.0,SCP,CP,CP_M4,CP_M4_B,0.0021078503058876,0.0642079400451741,1.0,data/models/Au_Au_Yakubovsky-53nm/CP_M4_B.json,data/model_curves/Au_Au_Yakubovsky-53nm/CP_M4_B.json,smallest_N_meeting_primary_target_0.005,
Au_Au_Yakubovsky-6nm,Au,Au,Yakubovsky-6nm,True,5.0,SCP,CP,CP_M5,CP_M5_B,0.0421730276709207,0.3893351582903484,1.0,data/models/Au_Au_Yakubovsky-6nm/CP_M5_B.json,data/model_curves/Au_Au_Yakubovsky-6nm/CP_M5_B.json,lowest_RMS_no_primary_target,
Au_Au_Yakubovsky-9nm,Au,Au,Yakubovsky-9nm,True,5.0,SCP,CP,CP_M5,CP_M5_B,0.0159889902156572,0.2069314290292841,1.0000000000000009,data/models/Au_Au_Yakubovsky-9nm/CP_M5_B.json,data/model_curves/Au_Au_Yakubovsky-9nm/CP_M5_B.json,lowest_RMS_no_primary_target,
BaF2_BaF2_Querry,BaF2,BaF2,Querry,True,1.0,SCP,CP,CP_M1,CP_M1_B,0.0016100764098536,0.0035486385775732,1.0000000065728007,data/models/BaF2_BaF2_Querry/CP_M1_B.json,data/model_curves/BaF2_BaF2_Querry/CP_M1_B.json,smallest_N_meeting_primary_target_0.005,
C_C_Djurisic-o,C,C,Djurisic-o,True,4.0,SCP,CP,CP_M4,CP_M4_B,0.0016642823278494,0.0186756503461117,1.0,data/models/C_C_Djurisic-o/CP_M4_B.json,data/model_curves/C_C_Djurisic-o/CP_M4_B.json,smallest_N_meeting_primary_target_0.005,
C_C_Ermolaev,C,C,Ermolaev,True,4.0,SCP,CP,CP_M4,CP_M4_B,0.0017521872890753,0.0051133661091112,1.0,data/models/C_C_Ermolaev/CP_M4_B.json,data/model_curves/C_C_Ermolaev/CP_M4_B.json,smallest_N_meeting_primary_target_0.005,
C_C_Ermolaev-SWCNT-e,C,C,Ermolaev-SWCNT-e,True,2.0,SCP,CP,CP_M2,CP_M2_B,0.0001490971647197,0.0003634979904952,1.0,data/models/C_C_Ermolaev-SWCNT-e/CP_M2_B.json,data/model_curves/C_C_Ermolaev-SWCNT-e/CP_M2_B.json,smallest_N_meeting_primary_target_0.005,
C_C_Ermolaev-SWCNT-o,C,C,Ermolaev-SWCNT-o,True,2.0,SCP,CP,CP_M2,CP_M2_B,0.0005561529454009,0.0017686160285819,1.0000000000000009,data/models/C_C_Ermolaev-SWCNT-o/CP_M2_B.json,data/model_curves/C_C_Ermolaev-SWCNT-o/CP_M2_B.json,smallest_N_meeting_primary_target_0.005,
C_C_Hagemann,C,C,Hagemann,True,3.0,SCP,CP,CP_M3,CP_M3_B,0.0031972900778046,0.0134993152612518,1.000000000000001,data/models/C_C_Hagemann/CP_M3_B.json,data/model_curves/C_C_Hagemann/CP_M3_B.json,smallest_N_meeting_primary_target_0.005,
C_C_Larruquert,C,C,Larruquert,True,1.0,SCP,CP,CP_M1,CP_M1_B,0.0048392748163631,0.0327168643325073,1.000000000000001,data/models/C_C_Larruquert/CP_M1_B.json,data/model_curves/C_C_Larruquert/CP_M1_B.json,smallest_N_meeting_primary_target_0.005,
C_C_Phillip,C,C,Phillip,True,1.0,SCP,CP,CP_M1,CP_M1_B,0.0017942450723246,0.0104125268109299,1.0,data/models/C_C_Phillip/CP_M1_B.json,data/model_curves/C_C_Phillip/CP_M1_B.json,smallest_N_meeting_primary_target_0.005,
C_C_Querry-Asbury3222,C,C,Querry-Asbury3222,True,3.0,SCP,CP,CP_M3,CP_M3_B,0.0031808103970784,0.0159577857147419,1.0000000000000024,data/models/C_C_Querry-Asbury3222/CP_M3_B.json,data/model_curves/C_C_Querry-Asbury3222/CP_M3_B.json,smallest_N_meeting_primary_target_0.005,
C_C_Querry-AsburyMicro260,C,C,Querry-AsburyMicro260,True,3.0,SCP,CP,CP_M3,CP_M3_B,0.0034033379657769,0.0130180284677246,1.0000000000000016,data/models/C_C_Querry-AsburyMicro260/CP_M3_B.json,data/model_curves/C_C_Querry-AsburyMicro260/CP_M3_B.json,smallest_N_meeting_primary_target_0.005,
C_C_Querry-Dixon1102,C,C,Querry-Dixon1102,True,3.0,SCP,CP,CP_M3,CP_M3_B,0.0021655717924257,0.0084846751801191,1.000000000000003,data/models/C_C_Querry-Dixon1102/CP_M3_B.json,data/model_curves/C_C_Querry-Dixon1102/CP_M3_B.json,smallest_N_meeting_primary_target_0.005,
C_C_Querry-Dixon200-10,C,C,Querry-Dixon200-10,True,3.0,SCP,CP,CP_M3,CP_M3_B,0.0045320838075435,0.0257778884807951,1.0000000000000002,data/models/C_C_Querry-Dixon200-10/CP_M3_B.json,data/model_curves/C_C_Querry-Dixon200-10/CP_M3_B.json,smallest_N_meeting_primary_target_0.005,
C_C_Querry-DixonHPN2,C,C,Querry-DixonHPN2,True,3.0,SCP,CP,CP_M3,CP_M3_B,0.0028638126403958,0.0126859019108704,1.000000000000001,data/models/C_C_Querry-DixonHPN2/CP_M3_B.json,data/model_curves/C_C_Querry-DixonHPN2/CP_M3_B.json,smallest_N_meeting_primary_target_0.005,
C_C_Querry-DixonKS2,C,C,Querry-DixonKS2,True,3.0,SCP,CP,CP_M3,CP_M3_B,0.0027421123884377,0.0097459357383408,1.0,data/models/C_C_Querry-DixonKS2/CP_M3_B.json,data/model_curves/C_C_Querry-DixonKS2/CP_M3_B.json,smallest_N_meeting_primary_target_0.005,
C_C_Querry-Pyrolytic,C,C,Querry-Pyrolytic,True,2.0,SCP,CP,CP_M2,CP_M2_B,0.0039622999057835,0.0135448129980861,1.0000000000000002,data/models/C_C_Querry-Pyrolytic/CP_M2_B.json,data/model_curves/C_C_Querry-Pyrolytic/CP_M2_B.json,smallest_N_meeting_primary_target_0.005,
C_C_Song,C,C,Song,False,,,,,,,,,,,,no_fdtd_ready_exported_model
C_C_Song-cHOPG-e,C,C,Song-cHOPG-e,True,1.0,SCP,CP,CP_M1,CP_M1_B,0.001088437961269,0.0023539869412713,1.0000000000000002,data/models/C_C_Song-cHOPG-e/CP_M1_B.json,data/model_curves/C_C_Song-cHOPG-e/CP_M1_B.json,smallest_N_meeting_primary_target_0.005,
C_C_Song-cHOPG-o,C,C,Song-cHOPG-o,True,4.0,RP,RP,RP_M4,RP_M4,0.0010678661393963,0.009583371729323,1.0,data/models/C_C_Song-cHOPG-o/RP_M4.json,data/model_curves/C_C_Song-cHOPG-o/RP_M4.json,smallest_N_meeting_primary_target_0.005,
C_C_Song-sHOPG-e,C,C,Song-sHOPG-e,True,1.0,SCP,CP,CP_M1,CP_M1_B,0.0074213948173937,0.0134359733533027,1.0000000054495424,data/models/C_C_Song-sHOPG-e/CP_M1_B.json,data/model_curves/C_C_Song-sHOPG-e/CP_M1_B.json,lowest_RMS_no_primary_target,
C_C_Song-sHOPG-o,C,C,Song-sHOPG-o,True,2.0,SCP,CP,CP_M2,CP_M2_B,0.0150200155080849,0.1004502624981847,1.0,data/models/C_C_Song-sHOPG-o/CP_M2_B.json,data/model_curves/C_C_Song-sHOPG-o/CP_M2_B.json,lowest_RMS_no_primary_target,
C_C_Taylor,C,C,Taylor,True,1.0,SCP,CP,CP_M1,CP_M1_B,1.4096304104580478e-05,8.566664831800313e-05,1.0000000000000009,data/models/C_C_Taylor/CP_M1_B.json,data/model_curves/C_C_Taylor/CP_M1_B.json,smallest_N_meeting_primary_target_0.005,
C_C_Tikuisis,C,C,Tikuisis,True,3.0,SCP,CP,CP_M3,CP_M3_B,0.0012734864980782,0.0135003210551124,1.0000000000000018,data/models/C_C_Tikuisis/CP_M3_B.json,data/model_curves/C_C_Tikuisis/CP_M3_B.json,smallest_N_meeting_primary_target_0.005,
CdTe_CdTe_Adachi,CdTe,CdTe,Adachi,True,5.0,RP,RP,RP_M5,RP_M5,0.0053066025602807,0.050733016270678,1.0,data/models/CdTe_CdTe_Adachi/RP_M5.json,data/model_curves/CdTe_CdTe_Adachi/RP_M5.json,lowest_RMS_no_primary_target,
Co_Co_Johnson,Co,Co,Johnson,True,5.0,SCP,CP,CP_M5,CP_M5_B,0.0090582991952042,0.2240746261949331,1.0000000000000016,data/models/Co_Co_Johnson/CP_M5_B.json,data/model_curves/Co_Co_Johnson/CP_M5_B.json,lowest_RMS_no_primary_target,
Co_Co_Werner,Co,Co,Werner,True,3.0,SCP,CP,CP_M3,CP_M3_B,0.0039813318170572,0.3267825135571937,1.0,data/models/Co_Co_Werner/CP_M3_B.json,data/model_curves/Co_Co_Werner/CP_M3_B.json,smallest_N_meeting_primary_target_0.005,
Co_Co_Werner-DFT,Co,Co,Werner-DFT,True,4.0,SCP,CP,CP_M4,CP_M4_B,0.0142927529410384,0.6345778859167246,1.0000000000000024,data/models/Co_Co_Werner-DFT/CP_M4_B.json,data/model_curves/Co_Co_Werner-DFT/CP_M4_B.json,lowest_RMS_no_primary_target,
Cr_Cr_Johnson,Cr,Cr,Johnson,True,3.0,SCP,CP,CP_M3,CP_M3_B,0.0397581749833584,0.781055319763344,1.0,data/models/Cr_Cr_Johnson/CP_M3_B.json,data/model_curves/Cr_Cr_Johnson/CP_M3_B.json,lowest_RMS_no_primary_target,
Cr_Cr_Rakic-BB,Cr,Cr,Rakic-BB,True,2.0,SCP,CP,CP_M2,CP_M2_B,0.0005933223988476,0.0130279825923638,1.0,data/models/Cr_Cr_Rakic-BB/CP_M2_B.json,data/model_curves/Cr_Cr_Rakic-BB/CP_M2_B.json,smallest_N_meeting_primary_target_0.005,
Cr_Cr_Rakic-LD,Cr,Cr,Rakic-LD,True,2.0,SCP,CP,CP_M2,CP_M2_B,0.0015214404537129,0.0308110772769789,1.0,data/models/Cr_Cr_Rakic-LD/CP_M2_B.json,data/model_curves/Cr_Cr_Rakic-LD/CP_M2_B.json,smallest_N_meeting_primary_target_0.005,
Cr_Cr_Sytchkova,Cr,Cr,Sytchkova,True,4.0,SCP,CP,CP_M4,CP_M4_B,0.000942746402567,0.0340825433610399,1.0000000000000009,data/models/Cr_Cr_Sytchkova/CP_M4_B.json,data/model_curves/Cr_Cr_Sytchkova/CP_M4_B.json,smallest_N_meeting_primary_target_0.005,
Cu_Cu_Babar,Cu,Cu,Babar,True,5.0,SCP,CP,CP_M5,CP_M5_B,0.0074793744328638,0.0628432906928115,1.0000001340886382,data/models/Cu_Cu_Babar/CP_M5_B.json,data/model_curves/Cu_Cu_Babar/CP_M5_B.json,lowest_RMS_no_primary_target,
Cu_Cu_Hagemann,Cu,Cu,Hagemann,True,4.0,SCP,CP,CP_M4,CP_M4_B,0.0054674341517973,0.0671094421543556,1.0000000000000009,data/models/Cu_Cu_Hagemann/CP_M4_B.json,data/model_curves/Cu_Cu_Hagemann/CP_M4_B.json,lowest_RMS_no_primary_target,
Cu_Cu_Johnson,Cu,Cu,Johnson,True,5.0,SCP,CP,CP_M5,CP_M5_B,0.0126305867535319,0.2377418479839788,1.0,data/models/Cu_Cu_Johnson/CP_M5_B.json,data/model_curves/Cu_Cu_Johnson/CP_M5_B.json,lowest_RMS_no_primary_target,
Cu_Cu_McPeak,Cu,Cu,McPeak,True,4.0,CP,CP,CP_M4,CP_M4_A,0.0409908475293525,0.8685326913923139,1.0000000000000002,data/models/Cu_Cu_McPeak/CP_M4_A.json,data/model_curves/Cu_Cu_McPeak/CP_M4_A.json,lowest_RMS_no_primary_target,
Cu_Cu_Querry,Cu,Cu,Querry,True,4.0,SCP,CP,CP_M4,CP_M4_B,0.0032169227405623,0.0832996494747979,1.0000000017725776,data/models/Cu_Cu_Querry/CP_M4_B.json,data/model_curves/Cu_Cu_Querry/CP_M4_B.json,smallest_N_meeting_primary_target_0.005,
Cu_Cu_Rakic-BB,Cu,Cu,Rakic-BB,True,3.0,SCP,CP,CP_M3,CP_M3_B,0.0185507690342746,0.1576832893339439,1.0,data/models/Cu_Cu_Rakic-BB/CP_M3_B.json,data/model_curves/Cu_Cu_Rakic-BB/CP_M3_B.json,lowest_RMS_no_primary_target,
Cu_Cu_Rakic-LD,Cu,Cu,Rakic-LD,True,4.0,SCP,CP,CP_M4,CP_M4_B,0.000243593391511,0.0018475877942456,1.0000000000000004,data/models/Cu_Cu_Rakic-LD/CP_M4_B.json,data/model_curves/Cu_Cu_Rakic-LD/CP_M4_B.json,smallest_N_meeting_primary_target_0.005,
Cu_Cu_Werner,Cu,Cu,Werner,True,5.0,SCP,CP,CP_M5,CP_M5_B,0.0070944289792978,0.5426557109042351,1.000000000000001,data/models/Cu_Cu_Werner/CP_M5_B.json,data/model_curves/Cu_Cu_Werner/CP_M5_B.json,lowest_RMS_no_primary_target,
Cu_Cu_Werner-DFT,Cu,Cu,Werner-DFT,True,5.0,SCP,CP,CP_M5,CP_M5_B,0.0077827208922983,0.1584057754170963,1.0000000000000002,data/models/Cu_Cu_Werner-DFT/CP_M5_B.json,data/model_curves/Cu_Cu_Werner-DFT/CP_M5_B.json,lowest_RMS_no_primary_target,
Fe2O3_Fe2O3_Querry-e,Fe2O3,Fe2O3,Querry-e,True,4.0,SCP,CP,CP_M4,CP_M4_B,0.0027166877069367,0.0192369380973642,1.000000000000001,data/models/Fe2O3_Fe2O3_Querry-e/CP_M4_B.json,data/model_curves/Fe2O3_Fe2O3_Querry-e/CP_M4_B.json,smallest_N_meeting_primary_target_0.005,
Fe2O3_Fe2O3_Querry-o,Fe2O3,Fe2O3,Querry-o,True,5.0,CP,CP,CP_M5,CP_M5_A,0.0058595989923419,0.0573482237642946,1.0,data/models/Fe2O3_Fe2O3_Querry-o/CP_M5_A.json,data/model_curves/Fe2O3_Fe2O3_Querry-o/CP_M5_A.json,lowest_RMS_no_primary_target,
Fe3O4_Fe3O4_Querry,Fe3O4,Fe3O4,Querry,True,3.0,SCP,CP,CP_M3,CP_M3_B,0.0035787120542199,0.018899867367163,1.0,data/models/Fe3O4_Fe3O4_Querry/CP_M3_B.json,data/model_curves/Fe3O4_Fe3O4_Querry/CP_M3_B.json,smallest_N_meeting_primary_target_0.005,
Fe_Fe_Johnson,Fe,Fe,Johnson,True,5.0,SCP,CP,CP_M5,CP_M5_B,0.0240863002580888,0.3991320979356258,1.0000000000000009,data/models/Fe_Fe_Johnson/CP_M5_B.json,data/model_curves/Fe_Fe_Johnson/CP_M5_B.json,lowest_RMS_no_primary_target,
Fe_Fe_Querry,Fe,Fe,Querry,True,2.0,SCP,CP,CP_M2,CP_M2_B,0.0047096775825711,0.0805838739296833,1.0,data/models/Fe_Fe_Querry/CP_M2_B.json,data/model_curves/Fe_Fe_Querry/CP_M2_B.json,smallest_N_meeting_primary_target_0.005,
Fe_Fe_Werner,Fe,Fe,Werner,True,4.0,SCP,CP,CP_M4,CP_M4_B,0.018833387429605,4.062141257920933,1.000000000000001,data/models/Fe_Fe_Werner/CP_M4_B.json,data/model_curves/Fe_Fe_Werner/CP_M4_B.json,lowest_RMS_no_primary_target,
Fe_Fe_Werner-DFT,Fe,Fe,Werner-DFT,True,5.0,SCP,CP,CP_M5,CP_M5_B,0.0045356066649988,0.1022033586667685,1.0,data/models/Fe_Fe_Werner-DFT/CP_M5_B.json,data/model_curves/Fe_Fe_Werner-DFT/CP_M5_B.json,smallest_N_meeting_primary_target_0.005,
GaAs_GaAs_Adachi,GaAs,GaAs,Adachi,True,5.0,CP,CP,CP_M5,CP_M5_A,0.0531661189502353,1.263105705373806,1.0000000423440232,data/models/GaAs_GaAs_Adachi/CP_M5_A.json,data/model_curves/GaAs_GaAs_Adachi/CP_M5_A.json,lowest_RMS_no_primary_target,
GaAs_GaAs_Papatryfonos,GaAs,GaAs,Papatryfonos,True,5.0,CP,CP,CP_M5,CP_M5_A,0.0299053150491849,0.6706978243439373,1.0000001622375676,data/models/GaAs_GaAs_Papatryfonos/CP_M5_A.json,data/model_curves/GaAs_GaAs_Papatryfonos/CP_M5_A.json,lowest_RMS_no_primary_target,
GaAs_GaAs_Rakic,GaAs,GaAs,Rakic,True,5.0,SCP,CP,CP_M5,CP_M5_B,0.0165693785514687,0.2280354757844509,1.0000000000000004,data/models/GaAs_GaAs_Rakic/CP_M5_B.json,data/model_curves/GaAs_GaAs_Rakic/CP_M5_B.json,lowest_RMS_no_primary_target,
GaP_GaP_Adachi,GaP,GaP,Adachi,True,3.0,SCP,CP,CP_M3,CP_M3_B,0.0402477079531135,0.954398599146755,1.000000988260799,data/models/GaP_GaP_Adachi/CP_M3_B.json,data/model_curves/GaP_GaP_Adachi/CP_M3_B.json,lowest_RMS_no_primary_target,
GaP_GaP_Khmelevskaia,GaP,GaP,Khmelevskaia,True,3.0,SCP,CP,CP_M3,CP_M3_B,0.0046498184769314,0.078022849116167,1.000000783676187,data/models/GaP_GaP_Khmelevskaia/CP_M3_B.json,data/model_curves/GaP_GaP_Khmelevskaia/CP_M3_B.json,smallest_N_meeting_primary_target_0.005,
GaSb_GaSb_Adachi,GaSb,GaSb,Adachi,True,3.0,SCP,CP,CP_M3,CP_M3_B,0.0769515214848408,1.917321637402464,1.0000000000000009,data/models/GaSb_GaSb_Adachi/CP_M3_B.json,data/model_curves/GaSb_GaSb_Adachi/CP_M3_B.json,lowest_RMS_no_primary_target,
GaSb_GaSb_Djurisic,GaSb,GaSb,Djurisic,True,5.0,SCP,CP,CP_M5,CP_M5_B,0.0019382339877703,0.0417172455947401,1.0000000000000004,data/models/GaSb_GaSb_Djurisic/CP_M5_B.json,data/model_curves/GaSb_GaSb_Djurisic/CP_M5_B.json,smallest_N_meeting_primary_target_0.005,
GeS2_GeS2_Slavich-abinitio-alpha,GeS2,GeS2,Slavich-abinitio-alpha,True,3.0,SCP,CP,CP_M3,CP_M3_B,0.0029786598064166,0.0207559828996109,1.0000000000000009,data/models/GeS2_GeS2_Slavich-abinitio-alpha/CP_M3_B.json,data/model_curves/GeS2_GeS2_Slavich-abinitio-alpha/CP_M3_B.json,smallest_N_meeting_primary_target_0.005,
GeS2_GeS2_Slavich-abinitio-beta,GeS2,GeS2,Slavich-abinitio-beta,True,3.0,SCP,CP,CP_M3,CP_M3_B,0.0022953987057828,0.0175634287729292,1.0000000000000004,data/models/GeS2_GeS2_Slavich-abinitio-beta/CP_M3_B.json,data/model_curves/GeS2_GeS2_Slavich-abinitio-beta/CP_M3_B.json,smallest_N_meeting_primary_target_0.005,
GeS2_GeS2_Slavich-abinitio-gamma,GeS2,GeS2,Slavich-abinitio-gamma,True,3.0,SCP,CP,CP_M3,CP_M3_B,0.0016330231931553,0.0073780770562215,1.0000000000000004,data/models/GeS2_GeS2_Slavich-abinitio-gamma/CP_M3_B.json,data/model_curves/GeS2_GeS2_Slavich-abinitio-gamma/CP_M3_B.json,smallest_N_meeting_primary_target_0.005,
GeS2_GeS2_Slavich-alpha,GeS2,GeS2,Slavich-alpha,True,2.0,CP,CP,CP_M2,CP_M2_A,0.0036447664418419,0.0263372716051937,1.000000867588211,data/models/GeS2_GeS2_Slavich-alpha/CP_M2_A.json,data/model_curves/GeS2_GeS2_Slavich-alpha/CP_M2_A.json,smallest_N_meeting_primary_target_0.005,
GeS2_GeS2_Slavich-beta,GeS2,GeS2,Slavich-beta,True,2.0,CP,CP,CP_M2,CP_M2_A,0.0028744278039132,0.0247073714153466,1.0000000000000016,data/models/GeS2_GeS2_Slavich-beta/CP_M2_A.json,data/model_curves/GeS2_GeS2_Slavich-beta/CP_M2_A.json,smallest_N_meeting_primary_target_0.005,
GeS2_GeS2_Slavich-gamma,GeS2,GeS2,Slavich-gamma,True,1.0,CP,CP,CP_M1,CP_M1_A,0.0053652481074105,0.0231476917804964,1.0000000000000004,data/models/GeS2_GeS2_Slavich-gamma/CP_M1_A.json,data/model_curves/GeS2_GeS2_Slavich-gamma/CP_M1_A.json,lowest_RMS_no_primary_target,
Ge_Ge_Ciesielski-20nm,Ge,Ge,Ciesielski-20nm,True,5.0,RP,RP,RP_M5,RP_M5,0.0023902260628127,0.0420380238630688,1.000000000000001,data/models/Ge_Ge_Ciesielski-20nm/RP_M5.json,data/model_curves/Ge_Ge_Ciesielski-20nm/RP_M5.json,smallest_N_meeting_primary_target_0.005,
Ge_Ge_Ciesielski-2nm,Ge,Ge,Ciesielski-2nm,True,3.0,CP,CP,CP_M3,CP_M3_A,0.0026263534148194,0.0242510238844764,1.0000000000000024,data/models/Ge_Ge_Ciesielski-2nm/CP_M3_A.json,data/model_curves/Ge_Ge_Ciesielski-2nm/CP_M3_A.json,smallest_N_meeting_primary_target_0.005,
Ge_Ge_Nunley,Ge,Ge,Nunley,True,5.0,CP,CP,CP_M5,CP_M5_A,0.0359863514974525,1.0988942802148591,1.000000000000001,data/models/Ge_Ge_Nunley/CP_M5_A.json,data/model_curves/Ge_Ge_Nunley/CP_M5_A.json,lowest_RMS_no_primary_target,
HfO2_HfO2_Franta,HfO2,HfO2,Franta,True,1.0,CP,CP,CP_M1,CP_M1_A,0.0007224210977304,0.0032540353259375,1.0000000838907466,data/models/HfO2_HfO2_Franta/CP_M1_A.json,data/model_curves/HfO2_HfO2_Franta/CP_M1_A.json,smallest_N_meeting_primary_target_0.005,
InAs_InAs_Adachi,InAs,InAs,Adachi,True,3.0,SCP,CP,CP_M3,CP_M3_B,0.1244443375789024,2.260093175552735,1.0,data/models/InAs_InAs_Adachi/CP_M3_B.json,data/model_curves/InAs_InAs_Adachi/CP_M3_B.json,lowest_RMS_no_primary_target,
InP_InP_Adachi,InP,InP,Adachi,True,5.0,SCP,CP,CP_M5,CP_M5_B,0.087436844679493,1.4381535761207682,1.0000000000000018,data/models/InP_InP_Adachi/CP_M5_B.json,data/model_curves/InP_InP_Adachi/CP_M5_B.json,lowest_RMS_no_primary_target,
InSb_InSb_Adachi,InSb,InSb,Adachi,True,5.0,CP,CP,CP_M5,CP_M5_A,0.1034363910715858,2.5835444032790464,1.0000000000000009,data/models/InSb_InSb_Adachi/CP_M5_A.json,data/model_curves/InSb_InSb_Adachi/CP_M5_A.json,lowest_RMS_no_primary_target,
InSb_InSb_Djurisic,InSb,InSb,Djurisic,True,5.0,SCP,CP,CP_M5,CP_M5_B,0.0075626619412251,0.1400245757173787,1.0,data/models/InSb_InSb_Djurisic/CP_M5_B.json,data/model_curves/InSb_InSb_Djurisic/CP_M5_B.json,lowest_RMS_no_primary_target,
MgF2_MgF2_Franta,MgF2,MgF2,Franta,True,1.0,SCP,CP,CP_M1,CP_M1_B,0.0003795299870673,0.0007243095652207,1.0000002405709123,data/models/MgF2_MgF2_Franta/CP_M1_B.json,data/model_curves/MgF2_MgF2_Franta/CP_M1_B.json,smallest_N_meeting_primary_target_0.005,
MgF2_MgF2_Rodriguez-de_Marcos,MgF2,MgF2,Rodriguez-de Marcos,True,1.0,CP,CP,CP_M1,CP_M1_A,3.411593581790129e-05,6.966433925143139e-05,1.0000000000000009,data/models/MgF2_MgF2_Rodriguez-de_Marcos/CP_M1_A.json,data/model_curves/MgF2_MgF2_Rodriguez-de_Marcos/CP_M1_A.json,smallest_N_meeting_primary_target_0.005,
MgO_MgO_Synowicki,MgO,MgO,Synowicki,True,1.0,SCP,CP,CP_M1,CP_M1_B,3.290137080657388e-05,9.866645008388402e-05,1.0000003185276949,data/models/MgO_MgO_Synowicki/CP_M1_B.json,data/model_curves/MgO_MgO_Synowicki/CP_M1_B.json,smallest_N_meeting_primary_target_0.005,
MoO3_MoO3_Lajaunie-alpha,MoO3,MoO3,Lajaunie-alpha,True,3.0,SCP,CP,CP_M3,CP_M3_B,0.0028177236023737,0.0159866640402296,1.0000000000000004,data/models/MoO3_MoO3_Lajaunie-alpha/CP_M3_B.json,data/model_curves/MoO3_MoO3_Lajaunie-alpha/CP_M3_B.json,smallest_N_meeting_primary_target_0.005,
MoO3_MoO3_Lajaunie-beta,MoO3,MoO3,Lajaunie-beta,True,3.0,SCP,CP,CP_M3,CP_M3_B,0.0026783448532883,0.0237079718866876,1.0000000000000004,data/models/MoO3_MoO3_Lajaunie-beta/CP_M3_B.json,data/model_curves/MoO3_MoO3_Lajaunie-beta/CP_M3_B.json,smallest_N_meeting_primary_target_0.005,
MoO3_MoO3_Lajaunie-gamma,MoO3,MoO3,Lajaunie-gamma,True,4.0,SCP,CP,CP_M4,CP_M4_B,0.0022661686153322,0.0248844799163475,1.0000000000000009,data/models/MoO3_MoO3_Lajaunie-gamma/CP_M4_B.json,data/model_curves/MoO3_MoO3_Lajaunie-gamma/CP_M4_B.json,smallest_N_meeting_primary_target_0.005,
MoS2_MoS2_Beal,MoS2,MoS2,Beal,True,5.0,CP,CP,CP_M5,CP_M5_A,0.0756669701625952,2.225668208779474,1.0000000000000009,data/models/MoS2_MoS2_Beal/CP_M5_A.json,data/model_curves/MoS2_MoS2_Beal/CP_M5_A.json,lowest_RMS_no_primary_target,
MoS2_MoS2_Ermolaev-1L,MoS2,MoS2,Ermolaev-1L,True,5.0,CP,CP,CP_M5,CP_M5_A,0.03644666551197,0.8928577307201928,1.0,data/models/MoS2_MoS2_Ermolaev-1L/CP_M5_A.json,data/model_curves/MoS2_MoS2_Ermolaev-1L/CP_M5_A.json,lowest_RMS_no_primary_target,
MoS2_MoS2_Ermolaev-o,MoS2,MoS2,Ermolaev-o,True,5.0,SCP,CP,CP_M5,CP_M5_B,0.0076629510595101,0.1709879366100989,1.0000000000000009,data/models/MoS2_MoS2_Ermolaev-o/CP_M5_B.json,data/model_curves/MoS2_MoS2_Ermolaev-o/CP_M5_B.json,lowest_RMS_no_primary_target,
MoS2_MoS2_Islam-1L,MoS2,MoS2,Islam-1L,True,5.0,CP,CP,CP_M5,CP_M5_A,0.0431228221058281,0.5226987614451292,1.0,data/models/MoS2_MoS2_Islam-1L/CP_M5_A.json,data/model_curves/MoS2_MoS2_Islam-1L/CP_M5_A.json,lowest_RMS_no_primary_target,
MoS2_MoS2_Islam-fewL,MoS2,MoS2,Islam-fewL,True,5.0,SCP,CP,CP_M5,CP_M5_B,0.022954495336057,0.221307189365178,1.0000000000000002,data/models/MoS2_MoS2_Islam-fewL/CP_M5_B.json,data/model_curves/MoS2_MoS2_Islam-fewL/CP_M5_B.json,lowest_RMS_no_primary_target,
MoS2_MoS2_Islam-o,MoS2,MoS2,Islam-o,True,5.0,SCP,CP,CP_M5,CP_M5_B,0.0080775952506156,0.0885775642730091,1.0000004851809947,data/models/MoS2_MoS2_Islam-o/CP_M5_B.json,data/model_curves/MoS2_MoS2_Islam-o/CP_M5_B.json,lowest_RMS_no_primary_target,
MoS2_MoS2_Munkhbat-e,MoS2,MoS2,Munkhbat-e,True,1.0,SCP,CP,CP_M1,CP_M1_B,6.098832545983248e-07,4.579127577118164e-06,1.0000000004452805,data/models/MoS2_MoS2_Munkhbat-e/CP_M1_B.json,data/model_curves/MoS2_MoS2_Munkhbat-e/CP_M1_B.json,smallest_N_meeting_primary_target_0.005,
MoS2_MoS2_Munkhbat-o,MoS2,MoS2,Munkhbat-o,True,5.0,RP,RP,RP_M5,RP_M5,0.0201807840863301,0.4024675414933611,1.0000000000000002,data/models/MoS2_MoS2_Munkhbat-o/RP_M5.json,data/model_curves/MoS2_MoS2_Munkhbat-o/RP_M5.json,lowest_RMS_no_primary_target,
MoS2_MoS2_Song-10L,MoS2,MoS2,Song-10L,True,4.0,SCP,CP,CP_M4,CP_M4_B,0.0270387616444864,0.4461660895844332,1.000000000000001,data/models/MoS2_MoS2_Song-10L/CP_M4_B.json,data/model_curves/MoS2_MoS2_Song-10L/CP_M4_B.json,lowest_RMS_no_primary_target,
MoS2_MoS2_Song-13L,MoS2,MoS2,Song-13L,True,5.0,SCP,CP,CP_M5,CP_M5_B,0.0087319200417365,0.1900127394241468,1.000000000000001,data/models/MoS2_MoS2_Song-13L/CP_M5_B.json,data/model_curves/MoS2_MoS2_Song-13L/CP_M5_B.json,lowest_RMS_no_primary_target,
MoS2_MoS2_Song-1L,MoS2,MoS2,Song-1L,True,5.0,SCP,CP,CP_M5,CP_M5_B,0.0073926986368386,0.1490760230988159,1.0000000000000009,data/models/MoS2_MoS2_Song-1L/CP_M5_B.json,data/model_curves/MoS2_MoS2_Song-1L/CP_M5_B.json,lowest_RMS_no_primary_target,
MoS2_MoS2_Song-3L,MoS2,MoS2,Song-3L,True,5.0,SCP,CP,CP_M5,CP_M5_B,0.0178740928318083,0.3083708294962243,1.000000000000001,data/models/MoS2_MoS2_Song-3L/CP_M5_B.json,data/model_curves/MoS2_MoS2_Song-3L/CP_M5_B.json,lowest_RMS_no_primary_target,
MoS2_MoS2_Song-4L,MoS2,MoS2,Song-4L,True,5.0,SCP,CP,CP_M5,CP_M5_B,0.0170175994015248,0.2628955496447017,1.0000000000000029,data/models/MoS2_MoS2_Song-4L/CP_M5_B.json,data/model_curves/MoS2_MoS2_Song-4L/CP_M5_B.json,lowest_RMS_no_primary_target,
MoS2_MoS2_Song-6L,MoS2,MoS2,Song-6L,True,5.0,RP,RP,RP_M5,RP_M5,0.0295636837214278,0.5788570443869854,1.0000000000000009,data/models/MoS2_MoS2_Song-6L/RP_M5.json,data/model_curves/MoS2_MoS2_Song-6L/RP_M5.json,lowest_RMS_no_primary_target,
MoS2_MoS2_Song-8L,MoS2,MoS2,Song-8L,True,5.0,SCP,CP,CP_M5,CP_M5_B,0.0152090631480601,0.2838576929481975,1.000000000000001,data/models/MoS2_MoS2_Song-8L/CP_M5_B.json,data/model_curves/MoS2_MoS2_Song-8L/CP_M5_B.json,lowest_RMS_no_primary_target,
MoS2_MoS2_Song-bulk,MoS2,MoS2,Song-bulk,True,5.0,CP,CP,CP_M5,CP_M5_A,0.0273264629369757,0.5564406300164321,1.000000000000001,data/models/MoS2_MoS2_Song-bulk/CP_M5_A.json,data/model_curves/MoS2_MoS2_Song-bulk/CP_M5_A.json,lowest_RMS_no_primary_target,
MoS2_MoS2_Ullberg,MoS2,MoS2,Ullberg,True,4.0,CP,CP,CP_M4,CP_M4_A,0.0286413970540419,0.5736484508408319,1.0000001556655644,data/models/MoS2_MoS2_Ullberg/CP_M4_A.json,data/model_curves/MoS2_MoS2_Ullberg/CP_M4_A.json,lowest_RMS_no_primary_target,
MoSe2_MoSe2_Beal,MoSe2,MoSe2,Beal,True,5.0,SCP,CP,CP_M5,CP_M5_B,0.0266008229873102,0.6678232685523375,1.000000000000002,data/models/MoSe2_MoSe2_Beal/CP_M5_B.json,data/model_curves/MoSe2_MoSe2_Beal/CP_M5_B.json,lowest_RMS_no_primary_target,
MoSe2_MoSe2_Munkhbat-e,MoSe2,MoSe2,Munkhbat-e,True,1.0,CP,CP,CP_M1,CP_M1_A,0.0051200721661472,0.0474065723156351,1.0,data/models/MoSe2_MoSe2_Munkhbat-e/CP_M1_A.json,data/model_curves/MoSe2_MoSe2_Munkhbat-e/CP_M1_A.json,lowest_RMS_no_primary_target,
MoSe2_MoSe2_Munkhbat-o,MoSe2,MoSe2,Munkhbat-o,True,5.0,RP,RP,RP_M5,RP_M5,0.020726083668809,0.5039483455486249,1.0000000000000004,data/models/MoSe2_MoSe2_Munkhbat-o/RP_M5.json,data/model_curves/MoSe2_MoSe2_Munkhbat-o/RP_M5.json,lowest_RMS_no_primary_target,
MoSe2_MoSe2_Pruszynska-Karbownik-e,MoSe2,MoSe2,Pruszynska-Karbownik-e,True,1.0,CP,CP,CP_M1,CP_M1_A,0.0003126632366317,0.00286526348532,1.0,data/models/MoSe2_MoSe2_Pruszynska-Karbownik-e/CP_M1_A.json,data/model_curves/MoSe2_MoSe2_Pruszynska-Karbownik-e/CP_M1_A.json,smallest_N_meeting_primary_target_0.005,
MoSe2_MoSe2_Pruszynska-Karbownik-o,MoSe2,MoSe2,Pruszynska-Karbownik-o,True,5.0,CP,CP,CP_M5,CP_M5_A,0.0123011906623464,0.2634929984468595,1.0,data/models/MoSe2_MoSe2_Pruszynska-Karbownik-o/CP_M5_A.json,data/model_curves/MoSe2_MoSe2_Pruszynska-Karbownik-o/CP_M5_A.json,lowest_RMS_no_primary_target,
Mo_Mo_Kirillova,Mo,Mo,Kirillova,True,5.0,SCP,CP,CP_M5,CP_M5_B,0.0150454171550821,0.3546382825358782,1.0000000000000009,data/models/Mo_Mo_Kirillova/CP_M5_B.json,data/model_curves/Mo_Mo_Kirillova/CP_M5_B.json,lowest_RMS_no_primary_target,
Mo_Mo_Querry,Mo,Mo,Querry,True,4.0,SCP,CP,CP_M4,CP_M4_B,0.0030748641592311,0.1109353432295139,1.0,data/models/Mo_Mo_Querry/CP_M4_B.json,data/model_curves/Mo_Mo_Querry/CP_M4_B.json,smallest_N_meeting_primary_target_0.005,
Mo_Mo_Werner,Mo,Mo,Werner,True,3.0,SCP,CP,CP_M3,CP_M3_B,0.0073069897850861,1.348154849256103,1.0000000000000009,data/models/Mo_Mo_Werner/CP_M3_B.json,data/model_curves/Mo_Mo_Werner/CP_M3_B.json,lowest_RMS_no_primary_target,
Mo_Mo_Werner-DFT,Mo,Mo,Werner-DFT,True,5.0,SCP,CP,CP_M5,CP_M5_B,0.0116835970752826,0.3312723358566019,1.0,data/models/Mo_Mo_Werner-DFT/CP_M5_B.json,data/model_curves/Mo_Mo_Werner-DFT/CP_M5_B.json,lowest_RMS_no_primary_target,
Nb2O5_Nb2O5_Franta,Nb2O5,Nb2O5,Franta,True,2.0,CP,CP,CP_M2,CP_M2_A,0.0034596527728313,0.0262169109457943,1.000000413206186,data/models/Nb2O5_Nb2O5_Franta/CP_M2_A.json,data/model_curves/Nb2O5_Nb2O5_Franta/CP_M2_A.json,smallest_N_meeting_primary_target_0.005,
Nb2O5_Nb2O5_Lemarchand,Nb2O5,Nb2O5,Lemarchand,True,2.0,CP,CP,CP_M2,CP_M2_A,0.0044223919814993,0.0361366988619042,1.000000234949733,data/models/Nb2O5_Nb2O5_Lemarchand/CP_M2_A.json,data/model_curves/Nb2O5_Nb2O5_Lemarchand/CP_M2_A.json,smallest_N_meeting_primary_target_0.005,
Ni_Ni_Johnson,Ni,Ni,Johnson,True,4.0,SCP,CP,CP_M4,CP_M4_B,0.0192211234437147,0.4707168391124985,1.0,data/models/Ni_Ni_Johnson/CP_M4_B.json,data/model_curves/Ni_Ni_Johnson/CP_M4_B.json,lowest_RMS_no_primary_target,
Ni_Ni_Rakic-BB,Ni,Ni,Rakic-BB,True,3.0,SCP,CP,CP_M3,CP_M3_B,0.002931742251802,0.061543946149285,1.0000000000000004,data/models/Ni_Ni_Rakic-BB/CP_M3_B.json,data/model_curves/Ni_Ni_Rakic-BB/CP_M3_B.json,smallest_N_meeting_primary_target_0.005,
Ni_Ni_Rakic-LD,Ni,Ni,Rakic-LD,True,4.0,SCP,CP,CP_M4,CP_M4_B,2.183441458962553e-05,0.0004814013949876,1.0000000010400798,data/models/Ni_Ni_Rakic-LD/CP_M4_B.json,data/model_curves/Ni_Ni_Rakic-LD/CP_M4_B.json,smallest_N_meeting_primary_target_0.005,
Ni_Ni_Werner,Ni,Ni,Werner,True,5.0,SCP,CP,CP_M5,CP_M5_B,0.0091784115135463,1.1750622043024457,1.0000000000000024,data/models/Ni_Ni_Werner/CP_M5_B.json,data/model_curves/Ni_Ni_Werner/CP_M5_B.json,lowest_RMS_no_primary_target,
Ni_Ni_Werner-DFT,Ni,Ni,Werner-DFT,True,5.0,SCP,CP,CP_M5,CP_M5_B,0.0057879138167819,0.1417690228290488,1.0000000000000002,data/models/Ni_Ni_Werner-DFT/CP_M5_B.json,data/model_curves/Ni_Ni_Werner-DFT/CP_M5_B.json,lowest_RMS_no_primary_target,
Pd_Pd_Johnson,Pd,Pd,Johnson,True,3.0,SCP,CP,CP_M3,CP_M3_B,0.0264428869936192,0.4114594290394175,1.0000000000000004,data/models/Pd_Pd_Johnson/CP_M3_B.json,data/model_curves/Pd_Pd_Johnson/CP_M3_B.json,lowest_RMS_no_primary_target,
Pd_Pd_Palm,Pd,Pd,Palm,True,3.0,SCP,CP,CP_M3,CP_M3_B,0.0040278627011863,0.0509154445154402,1.0000000000000009,data/models/Pd_Pd_Palm/CP_M3_B.json,data/model_curves/Pd_Pd_Palm/CP_M3_B.json,smallest_N_meeting_primary_target_0.005,
Pd_Pd_Rakic-BB,Pd,Pd,Rakic-BB,True,5.0,SCP,CP,CP_M5,CP_M5_B,0.0003955692602751,0.0077572754615345,1.0000000000000009,data/models/Pd_Pd_Rakic-BB/CP_M5_B.json,data/model_curves/Pd_Pd_Rakic-BB/CP_M5_B.json,smallest_N_meeting_primary_target_0.005,
Pd_Pd_Rakic-LD,Pd,Pd,Rakic-LD,True,4.0,SCP,CP,CP_M4,CP_M4_B,0.0002540052764597,0.0042924633307392,1.0,data/models/Pd_Pd_Rakic-LD/CP_M4_B.json,data/model_curves/Pd_Pd_Rakic-LD/CP_M4_B.json,smallest_N_meeting_primary_target_0.005,
Pd_Pd_Werner,Pd,Pd,Werner,True,2.0,SCP,CP,CP_M2,CP_M2_B,0.0021012423680042,0.0650637851707232,1.0,data/models/Pd_Pd_Werner/CP_M2_B.json,data/model_curves/Pd_Pd_Werner/CP_M2_B.json,smallest_N_meeting_primary_target_0.005,
Pd_Pd_Werner-DFT,Pd,Pd,Werner-DFT,True,3.0,SCP,CP,CP_M3,CP_M3_B,0.0033633890889335,0.0999235118643442,1.0000000000000016,data/models/Pd_Pd_Werner-DFT/CP_M3_B.json,data/model_curves/Pd_Pd_Werner-DFT/CP_M3_B.json,smallest_N_meeting_primary_target_0.005,
Pt_Pt_Rakic-BB,Pt,Pt,Rakic-BB,True,3.0,SCP,CP,CP_M3,CP_M3_B,0.0041798738496418,0.1065575216892988,1.0000000000000002,data/models/Pt_Pt_Rakic-BB/CP_M3_B.json,data/model_curves/Pt_Pt_Rakic-BB/CP_M3_B.json,smallest_N_meeting_primary_target_0.005,
Pt_Pt_Rakic-LD,Pt,Pt,Rakic-LD,True,3.0,SCP,CP,CP_M3,CP_M3_B,0.0027962601145936,0.0860639966719198,1.0000000000000002,data/models/Pt_Pt_Rakic-LD/CP_M3_B.json,data/model_curves/Pt_Pt_Rakic-LD/CP_M3_B.json,smallest_N_meeting_primary_target_0.005,
Pt_Pt_Tselin,Pt,Pt,Tselin,True,3.0,SCP,CP,CP_M3,CP_M3_B,0.001204606234022,0.0557287184715255,1.0000000000000004,data/models/Pt_Pt_Tselin/CP_M3_B.json,data/model_curves/Pt_Pt_Tselin/CP_M3_B.json,smallest_N_meeting_primary_target_0.005,
Pt_Pt_Werner,Pt,Pt,Werner,True,3.0,SCP,CP,CP_M3,CP_M3_B,0.004701377029167,0.0938307270671349,1.0,data/models/Pt_Pt_Werner/CP_M3_B.json,data/model_curves/Pt_Pt_Werner/CP_M3_B.json,smallest_N_meeting_primary_target_0.005,
Pt_Pt_Werner-DFT,Pt,Pt,Werner-DFT,True,4.0,SCP,CP,CP_M4,CP_M4_B,0.0030015284865931,0.1400342335677407,1.000000000000001,data/models/Pt_Pt_Werner-DFT/CP_M4_B.json,data/model_curves/Pt_Pt_Werner-DFT/CP_M4_B.json,smallest_N_meeting_primary_target_0.005,
Sc2O3_Sc2O3_Belosludtsev,Sc2O3,Sc2O3,Belosludtsev,True,1.0,SCP,CP,CP_M1,CP_M1_B,0.0004101230767338,0.0016769835031699,1.000000031173122,data/models/Sc2O3_Sc2O3_Belosludtsev/CP_M1_B.json,data/model_curves/Sc2O3_Sc2O3_Belosludtsev/CP_M1_B.json,smallest_N_meeting_primary_target_0.005,
Si3N4_Si3N4_Beliaev,Si3N4,Si3N4,Beliaev,True,1.0,SCP,CP,CP_M1,CP_M1_B,0.0001165326612554,0.000514435166324,1.0000000000000009,data/models/Si3N4_Si3N4_Beliaev/CP_M1_B.json,data/model_curves/Si3N4_Si3N4_Beliaev/CP_M1_B.json,smallest_N_meeting_primary_target_0.005,
Si3N4_Si3N4_Vogt-1,Si3N4,Si3N4,Vogt-1,True,1.0,SCP,CP,CP_M1,CP_M1_B,0.0018117401268094,0.0070834490838708,1.0000004262618791,data/models/Si3N4_Si3N4_Vogt-1/CP_M1_B.json,data/model_curves/Si3N4_Si3N4_Vogt-1/CP_M1_B.json,smallest_N_meeting_primary_target_0.005,
Si3N4_Si3N4_Vogt-2,Si3N4,Si3N4,Vogt-2,True,2.0,SCP,CP,CP_M2,CP_M2_B,0.0015399114165572,0.0072420681297869,1.0,data/models/Si3N4_Si3N4_Vogt-2/CP_M2_B.json,data/model_curves/Si3N4_Si3N4_Vogt-2/CP_M2_B.json,smallest_N_meeting_primary_target_0.005,
Si3N4_Si3N4_Vogt-3,Si3N4,Si3N4,Vogt-3,True,2.0,CP,CP,CP_M2,CP_M2_A,0.0036393353557687,0.0192807072738836,1.0,data/models/Si3N4_Si3N4_Vogt-3/CP_M2_A.json,data/model_curves/Si3N4_Si3N4_Vogt-3/CP_M2_A.json,smallest_N_meeting_primary_target_0.005,
SiC_SiC_Larruquert,SiC,SiC,Larruquert,True,4.0,SCP,CP,CP_M4,CP_M4_B,0.0007631713072377,0.0083398523805592,1.0000000000000004,data/models/SiC_SiC_Larruquert/CP_M4_B.json,data/model_curves/SiC_SiC_Larruquert/CP_M4_B.json,smallest_N_meeting_primary_target_0.005,
SiO2_SiO2_Franta,SiO2,SiO2,Franta,True,1.0,SCP,CP,CP_M1,CP_M1_B,0.0007271958877213,0.0015405343524336,1.0000000641845244,data/models/SiO2_SiO2_Franta/CP_M1_B.json,data/model_curves/SiO2_SiO2_Franta/CP_M1_B.json,smallest_N_meeting_primary_target_0.005,
SiO2_SiO2_Franta-25C,SiO2,SiO2,Franta-25C,True,1.0,CP,CP,CP_M1,CP_M1_A,0.0009580779799072,0.0020881070830937,1.0000000504018784,data/models/SiO2_SiO2_Franta-25C/CP_M1_A.json,data/model_curves/SiO2_SiO2_Franta-25C/CP_M1_A.json,smallest_N_meeting_primary_target_0.005,
SiO2_SiO2_Franta-300C,SiO2,SiO2,Franta-300C,True,1.0,SCP,CP,CP_M1,CP_M1_B,0.0007783390621376,0.0016751253480584,1.0,data/models/SiO2_SiO2_Franta-300C/CP_M1_B.json,data/model_curves/SiO2_SiO2_Franta-300C/CP_M1_B.json,smallest_N_meeting_primary_target_0.005,
SiO2_SiO2_Gao,SiO2,SiO2,Gao,True,1.0,CP,CP,CP_M1,CP_M1_A,0.0004537897336495,0.0010116557995848,1.0000000653985155,data/models/SiO2_SiO2_Gao/CP_M1_A.json,data/model_curves/SiO2_SiO2_Gao/CP_M1_A.json,smallest_N_meeting_primary_target_0.005,
SiO2_SiO2_Lemarchand,SiO2,SiO2,Lemarchand,True,1.0,SCP,CP,CP_M1,CP_M1_B,0.0005207066394578,0.0011422112440087,1.0000000018605275,data/models/SiO2_SiO2_Lemarchand/CP_M1_B.json,data/model_curves/SiO2_SiO2_Lemarchand/CP_M1_B.json,smallest_N_meeting_primary_target_0.005,
SiO2_SiO2_Rodriguez-de_Marcos,SiO2,SiO2,Rodriguez-de Marcos,True,1.0,CP,CP,CP_M1,CP_M1_A,0.0001159746145995,0.0002528078155198,1.0,data/models/SiO2_SiO2_Rodriguez-de_Marcos/CP_M1_A.json,data/model_curves/SiO2_SiO2_Rodriguez-de_Marcos/CP_M1_A.json,smallest_N_meeting_primary_target_0.005,
Si_Si_Franta,Si,Si,Franta,True,3.0,SCP,CP,CP_M3,CP_M3_B,0.0019969085876237,0.0335965012318165,1.0,data/models/Si_Si_Franta/CP_M3_B.json,data/model_curves/Si_Si_Franta/CP_M3_B.json,smallest_N_meeting_primary_target_0.005,
Si_Si_Franta-100K,Si,Si,Franta-100K,True,4.0,SCP,CP,CP_M4,CP_M4_B,0.002151731679515,0.0649887283585193,1.0000002667683494,data/models/Si_Si_Franta-100K/CP_M4_B.json,data/model_curves/Si_Si_Franta-100K/CP_M4_B.json,smallest_N_meeting_primary_target_0.005,
Si_Si_Franta-10K,Si,Si,Franta-10K,True,3.0,SCP,CP,CP_M3,CP_M3_B,0.0029295794698612,0.125950469922279,1.000000531135207,data/models/Si_Si_Franta-10K/CP_M3_B.json,data/model_curves/Si_Si_Franta-10K/CP_M3_B.json,smallest_N_meeting_primary_target_0.005,
Si_Si_Franta-150K,Si,Si,Franta-150K,True,5.0,CP,CP,CP_M5,CP_M5_A,0.0033918246988492,0.1055087033388911,1.0000000000000009,data/models/Si_Si_Franta-150K/CP_M5_A.json,data/model_curves/Si_Si_Franta-150K/CP_M5_A.json,smallest_N_meeting_primary_target_0.005,
Si_Si_Franta-200K,Si,Si,Franta-200K,True,5.0,CP,CP,CP_M5,CP_M5_A,0.0027606968096748,0.099508678420287,1.0,data/models/Si_Si_Franta-200K/CP_M5_A.json,data/model_curves/Si_Si_Franta-200K/CP_M5_A.json,smallest_N_meeting_primary_target_0.005,
Si_Si_Franta-20C,Si,Si,Franta-20C,True,5.0,CP,CP,CP_M5,CP_M5_A,0.003744900465554,0.1458674886911307,1.0000000000000016,data/models/Si_Si_Franta-20C/CP_M5_A.json,data/model_curves/Si_Si_Franta-20C/CP_M5_A.json,smallest_N_meeting_primary_target_0.005,
Si_Si_Franta-250K,Si,Si,Franta-250K,True,5.0,RP,RP,RP_M5,RP_M5,0.0012937632760889,0.0311226811921454,1.0000005485130183,data/models/Si_Si_Franta-250K/RP_M5.json,data/model_curves/Si_Si_Franta-250K/RP_M5.json,smallest_N_meeting_primary_target_0.005,
Si_Si_Franta-25C,Si,Si,Franta-25C,True,5.0,CP,CP,CP_M5,CP_M5_A,0.0024962323283377,0.099373741714369,1.0,data/models/Si_Si_Franta-25C/CP_M5_A.json,data/model_curves/Si_Si_Franta-25C/CP_M5_A.json,smallest_N_meeting_primary_target_0.005,
Si_Si_Franta-300K,Si,Si,Franta-300K,True,5.0,CP,CP,CP_M5,CP_M5_A,0.0031200452188509,0.095260250401219,1.0000000000000002,data/models/Si_Si_Franta-300K/CP_M5_A.json,data/model_curves/Si_Si_Franta-300K/CP_M5_A.json,smallest_N_meeting_primary_target_0.005,
Si_Si_Franta-350K,Si,Si,Franta-350K,True,4.0,RP,RP,RP_M4,RP_M4,0.0037829769143021,0.0756646782081407,1.0,data/models/Si_Si_Franta-350K/RP_M4.json,data/model_curves/Si_Si_Franta-350K/RP_M4.json,smallest_N_meeting_primary_target_0.005,
Si_Si_Franta-400K,Si,Si,Franta-400K,True,3.0,SCP,CP,CP_M3,CP_M3_B,0.0028212404958763,0.0924359461496469,1.0000007352746745,data/models/Si_Si_Franta-400K/CP_M3_B.json,data/model_curves/Si_Si_Franta-400K/CP_M3_B.json,smallest_N_meeting_primary_target_0.005,
Si_Si_Franta-450K,Si,Si,Franta-450K,True,3.0,SCP,CP,CP_M3,CP_M3_B,0.0035005079558709,0.1091414798238485,1.00000002468714,data/models/Si_Si_Franta-450K/CP_M3_B.json,data/model_curves/Si_Si_Franta-450K/CP_M3_B.json,smallest_N_meeting_primary_target_0.005,
Si_Si_Franta-500K,Si,Si,Franta-500K,True,3.0,SCP,CP,CP_M3,CP_M3_B,0.0037085264251182,0.1037487845321501,1.000000000000001,data/models/Si_Si_Franta-500K/CP_M3_B.json,data/model_curves/Si_Si_Franta-500K/CP_M3_B.json,smallest_N_meeting_primary_target_0.005,
Si_Si_Franta-50K,Si,Si,Franta-50K,True,4.0,SCP,CP,CP_M4,CP_M4_B,0.0020942583742182,0.0623950025540156,1.0000000361447892,data/models/Si_Si_Franta-50K/CP_M4_B.json,data/model_curves/Si_Si_Franta-50K/CP_M4_B.json,smallest_N_meeting_primary_target_0.005,
Si_Si_Green-1995,Si,Si,Green-1995,True,1.0,CP,CP,CP_M1,CP_M1_A,0.1490307499944543,4.934511989369689,1.000000000015025,data/models/Si_Si_Green-1995/CP_M1_A.json,data/model_curves/Si_Si_Green-1995/CP_M1_A.json,lowest_RMS_no_primary_target,
Si_Si_Green-2008,Si,Si,Green-2008,True,3.0,SCP,CP,CP_M3,CP_M3_B,0.0046139069133356,0.1799614128258365,1.0000009439765127,data/models/Si_Si_Green-2008/CP_M3_B.json,data/model_curves/Si_Si_Green-2008/CP_M3_B.json,smallest_N_meeting_primary_target_0.005,
Si_Si_Karaman-120C,Si,Si,Karaman-120C,True,2.0,SCP,CP,CP_M2,CP_M2_B,0.0041975731133937,0.0799181857325719,1.0,data/models/Si_Si_Karaman-120C/CP_M2_B.json,data/model_curves/Si_Si_Karaman-120C/CP_M2_B.json,smallest_N_meeting_primary_target_0.005,
Si_Si_Karaman-170C,Si,Si,Karaman-170C,True,2.0,SCP,CP,CP_M2,CP_M2_B,0.0040385849862702,0.0811575564665475,1.0000000000000004,data/models/Si_Si_Karaman-170C/CP_M2_B.json,data/model_curves/Si_Si_Karaman-170C/CP_M2_B.json,smallest_N_meeting_primary_target_0.005,
Si_Si_Karaman-20C,Si,Si,Karaman-20C,True,2.0,SCP,CP,CP_M2,CP_M2_B,0.0040726201846828,0.0772623358917055,1.0000000000000004,data/models/Si_Si_Karaman-20C/CP_M2_B.json,data/model_curves/Si_Si_Karaman-20C/CP_M2_B.json,smallest_N_meeting_primary_target_0.005,
Si_Si_Karaman-220C,Si,Si,Karaman-220C,True,2.0,SCP,CP,CP_M2,CP_M2_B,0.0025507440694532,0.0474476329543131,1.000000000000001,data/models/Si_Si_Karaman-220C/CP_M2_B.json,data/model_curves/Si_Si_Karaman-220C/CP_M2_B.json,smallest_N_meeting_primary_target_0.005,
Si_Si_Karaman-70C,Si,Si,Karaman-70C,True,2.0,SCP,CP,CP_M2,CP_M2_B,0.0040819957788903,0.0760374731361519,1.0,data/models/Si_Si_Karaman-70C/CP_M2_B.json,data/model_curves/Si_Si_Karaman-70C/CP_M2_B.json,smallest_N_meeting_primary_target_0.005,
Si_Si_Pierce,Si,Si,Pierce,True,2.0,SCP,CP,CP_M2,CP_M2_B,0.0035179101544554,0.0597532860845984,1.0000000000000009,data/models/Si_Si_Pierce/CP_M2_B.json,data/model_curves/Si_Si_Pierce/CP_M2_B.json,smallest_N_meeting_primary_target_0.005,
Si_Si_Schinke,Si,Si,Schinke,True,3.0,CP,CP,CP_M3,CP_M3_A,0.0047431027949224,0.1980354661882611,1.0000000000000002,data/models/Si_Si_Schinke/CP_M3_A.json,data/model_curves/Si_Si_Schinke/CP_M3_A.json,smallest_N_meeting_primary_target_0.005,
Ta2O5_Ta2O5_Cheikh-amorphous-3.28-12-25,Ta2O5,Ta2O5,Cheikh-amorphous-3.28-12-25,True,1.0,CP,CP,CP_M1,CP_M1_A,0.004484962903482,0.0261561643724251,1.0000002681875206,data/models/Ta2O5_Ta2O5_Cheikh-amorphous-3.28-12-25/CP_M1_A.json,data/model_curves/Ta2O5_Ta2O5_Cheikh-amorphous-3.28-12-25/CP_M1_A.json,smallest_N_meeting_primary_target_0.005,
Ta2O5_Ta2O5_Cheikh-amorphous-3.28-16-25,Ta2O5,Ta2O5,Cheikh-amorphous-3.28-16-25,True,1.0,SCP,CP,CP_M1,CP_M1_B,0.0007429998470309,0.0041638261378951,1.000000000000001,data/models/Ta2O5_Ta2O5_Cheikh-amorphous-3.28-16-25/CP_M1_B.json,data/model_curves/Ta2O5_Ta2O5_Cheikh-amorphous-3.28-16-25/CP_M1_B.json,smallest_N_meeting_primary_target_0.005,
Ta2O5_Ta2O5_Cheikh-amorphous-3.28-4-25,Ta2O5,Ta2O5,Cheikh-amorphous-3.28-4-25,True,1.0,SCP,CP,CP_M1,CP_M1_B,0.0007613246874339,0.0041455515119611,1.0,data/models/Ta2O5_Ta2O5_Cheikh-amorphous-3.28-4-25/CP_M1_B.json,data/model_curves/Ta2O5_Ta2O5_Cheikh-amorphous-3.28-4-25/CP_M1_B.json,smallest_N_meeting_primary_target_0.005,
Ta2O5_Ta2O5_Cheikh-amorphous-3.28-8-25,Ta2O5,Ta2O5,Cheikh-amorphous-3.28-8-25,True,1.0,SCP,CP,CP_M1,CP_M1_B,0.0007495339293955,0.0042192247663877,1.0000000000000002,data/models/Ta2O5_Ta2O5_Cheikh-amorphous-3.28-8-25/CP_M1_B.json,data/model_curves/Ta2O5_Ta2O5_Cheikh-amorphous-3.28-8-25/CP_M1_B.json,smallest_N_meeting_primary_target_0.005,
Ta2O5_Ta2O5_Cheikh-amorphous-3.28-8-450,Ta2O5,Ta2O5,Cheikh-amorphous-3.28-8-450,True,1.0,SCP,CP,CP_M1,CP_M1_B,0.0006509808603358,0.0035892341328222,1.0,data/models/Ta2O5_Ta2O5_Cheikh-amorphous-3.28-8-450/CP_M1_B.json,data/model_curves/Ta2O5_Ta2O5_Cheikh-amorphous-3.28-8-450/CP_M1_B.json,smallest_N_meeting_primary_target_0.005,
Ta2O5_Ta2O5_Cheikh-amorphous-3.28-8-550,Ta2O5,Ta2O5,Cheikh-amorphous-3.28-8-550,True,1.0,SCP,CP,CP_M1,CP_M1_B,0.0006599492907541,0.0036108698969376,1.0000000000000004,data/models/Ta2O5_Ta2O5_Cheikh-amorphous-3.28-8-550/CP_M1_B.json,data/model_curves/Ta2O5_Ta2O5_Cheikh-amorphous-3.28-8-550/CP_M1_B.json,smallest_N_meeting_primary_target_0.005,
Ta2O5_Ta2O5_Cheikh-amorphous-4.38-12-25,Ta2O5,Ta2O5,Cheikh-amorphous-4.38-12-25,True,1.0,SCP,CP,CP_M1,CP_M1_B,0.0020223375826169,0.009523245552764,1.0,data/models/Ta2O5_Ta2O5_Cheikh-amorphous-4.38-12-25/CP_M1_B.json,data/model_curves/Ta2O5_Ta2O5_Cheikh-amorphous-4.38-12-25/CP_M1_B.json,smallest_N_meeting_primary_target_0.005,
Ta2O5_Ta2O5_Cheikh-amorphous-5.48-12-25,Ta2O5,Ta2O5,Cheikh-amorphous-5.48-12-25,True,1.0,CP,CP,CP_M1,CP_M1_A,0.0039622784984654,0.023134483379225,1.0000002545502171,data/models/Ta2O5_Ta2O5_Cheikh-amorphous-5.48-12-25/CP_M1_A.json,data/model_curves/Ta2O5_Ta2O5_Cheikh-amorphous-5.48-12-25/CP_M1_A.json,smallest_N_meeting_primary_target_0.005,
Ta2O5_Ta2O5_Cheikh-amorphous-6.75-12-25,Ta2O5,Ta2O5,Cheikh-amorphous-6.75-12-25,True,1.0,SCP,CP,CP_M1,CP_M1_B,0.0008056906743963,0.0045249082237382,1.0000000000000002,data/models/Ta2O5_Ta2O5_Cheikh-amorphous-6.75-12-25/CP_M1_B.json,data/model_curves/Ta2O5_Ta2O5_Cheikh-amorphous-6.75-12-25/CP_M1_B.json,smallest_N_meeting_primary_target_0.005,
Ta2O5_Ta2O5_Cheikh-crystalline-3.28-8-650,Ta2O5,Ta2O5,Cheikh-crystalline-3.28-8-650,True,2.0,CP,CP,CP_M2,CP_M2_A,0.0006363549974932,0.0031912849450359,1.0000000000000004,data/models/Ta2O5_Ta2O5_Cheikh-crystalline-3.28-8-650/CP_M2_A.json,data/model_curves/Ta2O5_Ta2O5_Cheikh-crystalline-3.28-8-650/CP_M2_A.json,smallest_N_meeting_primary_target_0.005,
Ta2O5_Ta2O5_Cheikh-crystalline-3.28-8-750,Ta2O5,Ta2O5,Cheikh-crystalline-3.28-8-750,True,2.0,CP,CP,CP_M2,CP_M2_A,0.001023885076798,0.005420836985181,1.0000000000000009,data/models/Ta2O5_Ta2O5_Cheikh-crystalline-3.28-8-750/CP_M2_A.json,data/model_curves/Ta2O5_Ta2O5_Cheikh-crystalline-3.28-8-750/CP_M2_A.json,smallest_N_meeting_primary_target_0.005,
Ta2O5_Ta2O5_Cheikh-crystalline-3.28-8-850,Ta2O5,Ta2O5,Cheikh-crystalline-3.28-8-850,True,1.0,SCP,CP,CP_M1,CP_M1_B,0.0042728648296133,0.0218351907299022,1.0000009214276189,data/models/Ta2O5_Ta2O5_Cheikh-crystalline-3.28-8-850/CP_M1_B.json,data/model_curves/Ta2O5_Ta2O5_Cheikh-crystalline-3.28-8-850/CP_M1_B.json,smallest_N_meeting_primary_target_0.005,
Ta2O5_Ta2O5_Franta-2015,Ta2O5,Ta2O5,Franta-2015,True,1.0,SCP,CP,CP_M1,CP_M1_B,0.0013621094836865,0.0068386088611124,1.0000000089350518,data/models/Ta2O5_Ta2O5_Franta-2015/CP_M1_B.json,data/model_curves/Ta2O5_Ta2O5_Franta-2015/CP_M1_B.json,smallest_N_meeting_primary_target_0.005,
Ta2O5_Ta2O5_Franta-2025,Ta2O5,Ta2O5,Franta-2025,True,1.0,SCP,CP,CP_M1,CP_M1_B,0.0013460290391023,0.0069111148963698,1.0000000086542762,data/models/Ta2O5_Ta2O5_Franta-2025/CP_M1_B.json,data/model_curves/Ta2O5_Ta2O5_Franta-2025/CP_M1_B.json,smallest_N_meeting_primary_target_0.005,
Ta2O5_Ta2O5_Rodriguez-de_Marcos,Ta2O5,Ta2O5,Rodriguez-de Marcos,True,1.0,SCP,CP,CP_M1,CP_M1_B,0.0012620144589616,0.0064482629555552,1.0000000000000002,data/models/Ta2O5_Ta2O5_Rodriguez-de_Marcos/CP_M1_B.json,data/model_curves/Ta2O5_Ta2O5_Rodriguez-de_Marcos/CP_M1_B.json,smallest_N_meeting_primary_target_0.005,
Ta_Ta_Werner,Ta,Ta,Werner,True,2.0,SCP,CP,CP_M2,CP_M2_B,0.000360835150147,0.019899385299093,1.0000000000000009,data/models/Ta_Ta_Werner/CP_M2_B.json,data/model_curves/Ta_Ta_Werner/CP_M2_B.json,smallest_N_meeting_primary_target_0.005,
Ta_Ta_Werner-DFT,Ta,Ta,Werner-DFT,True,5.0,SCP,CP,CP_M5,CP_M5_B,0.0090430439739593,0.0929578956764174,1.0000000000000002,data/models/Ta_Ta_Werner-DFT/CP_M5_B.json,data/model_curves/Ta_Ta_Werner-DFT/CP_M5_B.json,lowest_RMS_no_primary_target,
TiN_TiN_Beliaev-sputtering,TiN,TiN,Beliaev-sputtering,True,3.0,SCP,CP,CP_M3,CP_M3_B,0.0175713235261552,0.1575091778600602,1.0,data/models/TiN_TiN_Beliaev-sputtering/CP_M3_B.json,data/model_curves/TiN_TiN_Beliaev-sputtering/CP_M3_B.json,lowest_RMS_no_primary_target,
TiN_TiN_Pfluger,TiN,TiN,Pfluger,True,5.0,SCP,CP,CP_M5,CP_M5_B,0.0194096710819349,0.1792018634248461,1.0,data/models/TiN_TiN_Pfluger/CP_M5_B.json,data/model_curves/TiN_TiN_Pfluger/CP_M5_B.json,lowest_RMS_no_primary_target,
TiN_TiN_Shkondin,TiN,TiN,Shkondin,True,4.0,SCP,CP,CP_M4,CP_M4_B,0.0022424823692196,0.0178936633437338,1.0,data/models/TiN_TiN_Shkondin/CP_M4_B.json,data/model_curves/TiN_TiN_Shkondin/CP_M4_B.json,smallest_N_meeting_primary_target_0.005,
TiN_TiN_Shkondin-700,TiN,TiN,Shkondin-700,True,4.0,SCP,CP,CP_M4,CP_M4_B,0.0029997376261676,0.0307791224462868,1.0000000000000004,data/models/TiN_TiN_Shkondin-700/CP_M4_B.json,data/model_curves/TiN_TiN_Shkondin-700/CP_M4_B.json,smallest_N_meeting_primary_target_0.005,
TiN_TiN_Shkondin-800,TiN,TiN,Shkondin-800,True,5.0,SCP,CP,CP_M5,CP_M5_B,0.0011719947641959,0.0059344296293128,1.0000000000000009,data/models/TiN_TiN_Shkondin-800/CP_M5_B.json,data/model_curves/TiN_TiN_Shkondin-800/CP_M5_B.json,smallest_N_meeting_primary_target_0.005,
TiN_TiN_Shkondin-900,TiN,TiN,Shkondin-900,True,5.0,SCP,CP,CP_M5,CP_M5_B,0.0013042016805378,0.0061221797784707,1.0000000000000004,data/models/TiN_TiN_Shkondin-900/CP_M5_B.json,data/model_curves/TiN_TiN_Shkondin-900/CP_M5_B.json,smallest_N_meeting_primary_target_0.005,
TiO2_TiO2_Franta,TiO2,TiO2,Franta,True,2.0,SCP,CP,CP_M2,CP_M2_B,0.0044502993209513,0.0339698084094585,1.000000273596992,data/models/TiO2_TiO2_Franta/CP_M2_B.json,data/model_curves/TiO2_TiO2_Franta/CP_M2_B.json,smallest_N_meeting_primary_target_0.005,
TiO2_TiO2_Sarkar,TiO2,TiO2,Sarkar,True,4.0,SCP,CP,CP_M4,CP_M4_B,0.0018837667657116,0.0108339368992228,1.0,data/models/TiO2_TiO2_Sarkar/CP_M4_B.json,data/model_curves/TiO2_TiO2_Sarkar/CP_M4_B.json,smallest_N_meeting_primary_target_0.005,
TiO2_TiO2_Siefke,TiO2,TiO2,Siefke,True,3.0,CP,CP,CP_M3,CP_M3_A,0.0015852489349911,0.0129496243196534,1.0000008120517947,data/models/TiO2_TiO2_Siefke/CP_M3_A.json,data/model_curves/TiO2_TiO2_Siefke/CP_M3_A.json,smallest_N_meeting_primary_target_0.005,
TiO2_TiO2_Zhukovsky,TiO2,TiO2,Zhukovsky,True,2.0,SCP,CP,CP_M2,CP_M2_B,0.0029989929799633,0.0335114276093799,1.0000000380120333,data/models/TiO2_TiO2_Zhukovsky/CP_M2_B.json,data/model_curves/TiO2_TiO2_Zhukovsky/CP_M2_B.json,smallest_N_meeting_primary_target_0.005,
Ti_Ti_Johnson,Ti,Ti,Johnson,True,5.0,SCP,CP,CP_M5,CP_M5_B,0.025634150740388,0.5832879556069916,1.0000000000000004,data/models/Ti_Ti_Johnson/CP_M5_B.json,data/model_curves/Ti_Ti_Johnson/CP_M5_B.json,lowest_RMS_no_primary_target,
Ti_Ti_Palm,Ti,Ti,Palm,True,4.0,SCP,CP,CP_M4,CP_M4_B,0.0009813505320361,0.0070278441396973,1.0000000000000009,data/models/Ti_Ti_Palm/CP_M4_B.json,data/model_curves/Ti_Ti_Palm/CP_M4_B.json,smallest_N_meeting_primary_target_0.005,
Ti_Ti_Rakic-BB,Ti,Ti,Rakic-BB,True,3.0,SCP,CP,CP_M3,CP_M3_B,0.0013119525595746,0.0203818338556976,1.0000000000000002,data/models/Ti_Ti_Rakic-BB/CP_M3_B.json,data/model_curves/Ti_Ti_Rakic-BB/CP_M3_B.json,smallest_N_meeting_primary_target_0.005,
Ti_Ti_Rakic-LD,Ti,Ti,Rakic-LD,True,3.0,SCP,CP,CP_M3,CP_M3_B,0.0003781459730425,0.0066204263144657,1.0000000000000029,data/models/Ti_Ti_Rakic-LD/CP_M3_B.json,data/model_curves/Ti_Ti_Rakic-LD/CP_M3_B.json,smallest_N_meeting_primary_target_0.005,
Ti_Ti_Werner,Ti,Ti,Werner,True,4.0,SCP,CP,CP_M4,CP_M4_B,0.0039147181621151,0.1698494654332407,1.0000004700907907,data/models/Ti_Ti_Werner/CP_M4_B.json,data/model_curves/Ti_Ti_Werner/CP_M4_B.json,smallest_N_meeting_primary_target_0.005,
Ti_Ti_Werner-DFT,Ti,Ti,Werner-DFT,True,5.0,CP,CP,CP_M5,CP_M5_A,0.0132182983010915,0.468013771620795,1.0000000000000016,data/models/Ti_Ti_Werner-DFT/CP_M5_A.json,data/model_curves/Ti_Ti_Werner-DFT/CP_M5_A.json,lowest_RMS_no_primary_target,
VO2_VO2_Oguntoye-20C,VO2,VO2,Oguntoye-20C,True,3.0,SCP,CP,CP_M3,CP_M3_B,0.004488908126694,0.0297081441982292,1.0000000000000002,data/models/VO2_VO2_Oguntoye-20C/CP_M3_B.json,data/model_curves/VO2_VO2_Oguntoye-20C/CP_M3_B.json,smallest_N_meeting_primary_target_0.005,
VO2_VO2_Oguntoye-30C,VO2,VO2,Oguntoye-30C,True,3.0,SCP,CP,CP_M3,CP_M3_B,0.0043287309209869,0.0285199640771963,1.000000000000002,data/models/VO2_VO2_Oguntoye-30C/CP_M3_B.json,data/model_curves/VO2_VO2_Oguntoye-30C/CP_M3_B.json,smallest_N_meeting_primary_target_0.005,
VO2_VO2_Oguntoye-40C,VO2,VO2,Oguntoye-40C,True,3.0,SCP,CP,CP_M3,CP_M3_B,0.004031259546519,0.0263804731018656,1.0,data/models/VO2_VO2_Oguntoye-40C/CP_M3_B.json,data/model_curves/VO2_VO2_Oguntoye-40C/CP_M3_B.json,smallest_N_meeting_primary_target_0.005,
VO2_VO2_Oguntoye-50C,VO2,VO2,Oguntoye-50C,True,3.0,SCP,CP,CP_M3,CP_M3_B,0.0038475623525767,0.0251169064962547,1.0,data/models/VO2_VO2_Oguntoye-50C/CP_M3_B.json,data/model_curves/VO2_VO2_Oguntoye-50C/CP_M3_B.json,smallest_N_meeting_primary_target_0.005,
VO2_VO2_Oguntoye-55C,VO2,VO2,Oguntoye-55C,True,4.0,SCP,CP,CP_M4,CP_M4_B,0.003316050541066,0.020009662014903,1.0000000000000024,data/models/VO2_VO2_Oguntoye-55C/CP_M4_B.json,data/model_curves/VO2_VO2_Oguntoye-55C/CP_M4_B.json,smallest_N_meeting_primary_target_0.005,
VO2_VO2_Oguntoye-60C,VO2,VO2,Oguntoye-60C,True,4.0,SCP,CP,CP_M4,CP_M4_B,0.0015751745679824,0.0077494817682388,1.000000000000001,data/models/VO2_VO2_Oguntoye-60C/CP_M4_B.json,data/model_curves/VO2_VO2_Oguntoye-60C/CP_M4_B.json,smallest_N_meeting_primary_target_0.005,
VO2_VO2_Oguntoye-70C,VO2,VO2,Oguntoye-70C,True,4.0,SCP,CP,CP_M4,CP_M4_B,0.0036774628398734,0.0218364041759744,1.0,data/models/VO2_VO2_Oguntoye-70C/CP_M4_B.json,data/model_curves/VO2_VO2_Oguntoye-70C/CP_M4_B.json,smallest_N_meeting_primary_target_0.005,
VO2_VO2_Oguntoye-80C,VO2,VO2,Oguntoye-80C,True,4.0,SCP,CP,CP_M4,CP_M4_B,0.0034134816639971,0.0201698781591756,1.0000000000000002,data/models/VO2_VO2_Oguntoye-80C/CP_M4_B.json,data/model_curves/VO2_VO2_Oguntoye-80C/CP_M4_B.json,smallest_N_meeting_primary_target_0.005,
V_V_Johnson,V,V,Johnson,True,5.0,SCP,CP,CP_M5,CP_M5_B,0.0551959967815854,1.1774762195101236,1.0000000000000002,data/models/V_V_Johnson/CP_M5_B.json,data/model_curves/V_V_Johnson/CP_M5_B.json,lowest_RMS_no_primary_target,
V_V_Werner,V,V,Werner,True,2.0,SCP,CP,CP_M2,CP_M2_B,0.0012794261595382,0.0497413965891136,1.0,data/models/V_V_Werner/CP_M2_B.json,data/model_curves/V_V_Werner/CP_M2_B.json,smallest_N_meeting_primary_target_0.005,
V_V_Werner-DFT,V,V,Werner-DFT,True,5.0,SCP,CP,CP_M5,CP_M5_B,0.0175388931841403,0.3359562026546446,1.0000000000000022,data/models/V_V_Werner-DFT/CP_M5_B.json,data/model_curves/V_V_Werner-DFT/CP_M5_B.json,lowest_RMS_no_primary_target,
WS2_WS2_Munkhbat-e,WS2,WS2,Munkhbat-e,True,1.0,CP,CP,CP_M1,CP_M1_A,0.0080258274747573,0.0653748542086288,1.0000000000000004,data/models/WS2_WS2_Munkhbat-e/CP_M1_A.json,data/model_curves/WS2_WS2_Munkhbat-e/CP_M1_A.json,lowest_RMS_no_primary_target,
WS2_WS2_Munkhbat-o,WS2,WS2,Munkhbat-o,True,4.0,CP,CP,CP_M4,CP_M4_A,0.1033443042842927,2.3147698309080247,1.0000000000000009,data/models/WS2_WS2_Munkhbat-o/CP_M4_A.json,data/model_curves/WS2_WS2_Munkhbat-o/CP_M4_A.json,lowest_RMS_no_primary_target,
WSe2_WSe2_Gu-1L,WSe2,WSe2,Gu-1L,True,3.0,RP,RP,RP_M3,RP_M3,0.1436796607599962,2.9662950702579414,1.0,data/models/WSe2_WSe2_Gu-1L/RP_M3.json,data/model_curves/WSe2_WSe2_Gu-1L/RP_M3.json,lowest_RMS_no_primary_target,
WSe2_WSe2_Gu-2L,WSe2,WSe2,Gu-2L,True,5.0,RP,RP,RP_M5,RP_M5,0.0337067503769461,0.5775935932217946,1.0000000000000002,data/models/WSe2_WSe2_Gu-2L/RP_M5.json,data/model_curves/WSe2_WSe2_Gu-2L/RP_M5.json,lowest_RMS_no_primary_target,
WSe2_WSe2_Gu-3L,WSe2,WSe2,Gu-3L,True,5.0,SCP,CP,CP_M5,CP_M5_B,0.096336067383983,1.949085750945936,1.0000000000000016,data/models/WSe2_WSe2_Gu-3L/CP_M5_B.json,data/model_curves/WSe2_WSe2_Gu-3L/CP_M5_B.json,lowest_RMS_no_primary_target,
WSe2_WSe2_Gu-4L,WSe2,WSe2,Gu-4L,True,4.0,SCP,CP,CP_M4,CP_M4_B,0.1013687835578784,2.3017597418880453,1.0000000000000002,data/models/WSe2_WSe2_Gu-4L/CP_M4_B.json,data/model_curves/WSe2_WSe2_Gu-4L/CP_M4_B.json,lowest_RMS_no_primary_target,
WSe2_WSe2_Gu-5L,WSe2,WSe2,Gu-5L,True,3.0,RP,RP,RP_M3,RP_M3,0.0782950697834055,1.8606688689398807,1.0000000000000009,data/models/WSe2_WSe2_Gu-5L/RP_M3.json,data/model_curves/WSe2_WSe2_Gu-5L/RP_M3.json,lowest_RMS_no_primary_target,
WSe2_WSe2_Munkhbat-e,WSe2,WSe2,Munkhbat-e,False,,,,,,,,,,,,no_fdtd_ready_exported_model
WSe2_WSe2_Munkhbat-o,WSe2,WSe2,Munkhbat-o,True,5.0,CP,CP,CP_M5,CP_M5_A,0.0211081922844363,0.4752841892201466,1.000000000000001,data/models/WSe2_WSe2_Munkhbat-o/CP_M5_A.json,data/model_curves/WSe2_WSe2_Munkhbat-o/CP_M5_A.json,lowest_RMS_no_primary_target,
W_W_Rakic-BB,W,W,Rakic-BB,True,3.0,SCP,CP,CP_M3,CP_M3_B,0.0416432761358639,0.8000245367778828,1.0000000000000002,data/models/W_W_Rakic-BB/CP_M3_B.json,data/model_curves/W_W_Rakic-BB/CP_M3_B.json,lowest_RMS_no_primary_target,
W_W_Rakic-LD,W,W,Rakic-LD,True,4.0,SCP,CP,CP_M4,CP_M4_B,0.0180819477113279,0.3480733934063436,1.0000000000000002,data/models/W_W_Rakic-LD/CP_M4_B.json,data/model_curves/W_W_Rakic-LD/CP_M4_B.json,lowest_RMS_no_primary_target,
W_W_Weaver,W,W,Weaver,True,5.0,SCP,CP,CP_M5,CP_M5_B,0.0233042005969718,0.4896307922111253,1.0,data/models/W_W_Weaver/CP_M5_B.json,data/model_curves/W_W_Weaver/CP_M5_B.json,lowest_RMS_no_primary_target,
W_W_Werner,W,W,Werner,True,5.0,SCP,CP,CP_M5,CP_M5_B,0.0132358401664221,0.759064038017291,1.0,data/models/W_W_Werner/CP_M5_B.json,data/model_curves/W_W_Werner/CP_M5_B.json,lowest_RMS_no_primary_target,
W_W_Werner-DFT,W,W,Werner-DFT,True,5.0,SCP,CP,CP_M5,CP_M5_B,0.0074396190884032,0.1720073991490271,1.0,data/models/W_W_Werner-DFT/CP_M5_B.json,data/model_curves/W_W_Werner-DFT/CP_M5_B.json,lowest_RMS_no_primary_target,
ZnO_ZnO_Aguilar,ZnO,ZnO,Aguilar,True,2.0,SCP,CP,CP_M2,CP_M2_B,0.0021932249462828,0.0074503470028145,1.0000000000000009,data/models/ZnO_ZnO_Aguilar/CP_M2_B.json,data/model_curves/ZnO_ZnO_Aguilar/CP_M2_B.json,smallest_N_meeting_primary_target_0.005,
ZnO_ZnO_Querry,ZnO,ZnO,Querry,True,3.0,SCP,CP,CP_M3,CP_M3_B,0.044675797087864,0.109039247993731,1.0,data/models/ZnO_ZnO_Querry/CP_M3_B.json,data/model_curves/ZnO_ZnO_Querry/CP_M3_B.json,lowest_RMS_no_primary_target,
ZnS_ZnS_Querry,ZnS,ZnS,Querry,True,4.0,CP,CP,CP_M4,CP_M4_A,0.0023989421078501,0.0163154385100607,1.0000000000000018,data/models/ZnS_ZnS_Querry/CP_M4_A.json,data/model_curves/ZnS_ZnS_Querry/CP_M4_A.json,smallest_N_meeting_primary_target_0.005,
ZrO2_ZrO2_Synowicki,ZrO2,ZrO2,Synowicki,True,1.0,CP,CP,CP_M1,CP_M1_A,6.838533628032604e-05,0.000341517755289,1.0000000000000009,data/models/ZrO2_ZrO2_Synowicki/CP_M1_A.json,data/model_curves/ZrO2_ZrO2_Synowicki/CP_M1_A.json,smallest_N_meeting_primary_target_0.005,
