record_id,material_query,book,page,record_index,record_label,material_class,final_family,final_specific_model,final_N,final_RMS,final_abs_RMS,final_G_rho,final_model_json,final_selection_mode,final_quality_band,final_meets_primary_target,final_meets_secondary_target
ZnO|ZnO|Querry|1,ZnO,ZnO,Querry,1,ZnO / ZnO / Querry / rec1,TCO_or_semiconducting_oxide,CP,SemiCP,3.0,0.044675797087864,0.109039247993731,1.0,batch_database_RI_to_FDTDready_RP_CP_SCP_v22_parallel_VISNIR_common_N1_to_N5_web/00_FINAL_RP_CP_JSON_EXP_AND_SUMMARY/stable_model_json_by_N/ZnO_ZnO_Querry/SCP_M3.json,lowest_RMS_no_primary_target,usable_but_high_RMS,False,False
C|C|Song-sHOPG-o|7,C,C,Song-sHOPG-o,7,C / C / Song-sHOPG-o / rec7,carbon,CP,SemiCP,2.0,0.0150200155080849,0.1004502624981847,1.0,batch_database_RI_to_FDTDready_RP_CP_SCP_v22_parallel_VISNIR_common_N1_to_N5_web/00_FINAL_RP_CP_JSON_EXP_AND_SUMMARY/stable_model_json_by_N/C_C_Song-sHOPG-o/SCP_M2.json,lowest_RMS_no_primary_target,usable_but_high_RMS,False,False
As2Se3|As2Se3|Joseph-700nm|2,As2Se3,As2Se3,Joseph-700nm,2,As2Se3 / As2Se3 / Joseph-700nm / rec2,chalcogenide_or_2D,CP,SemiCP,2.0,0.4729176857157428,38.06531722345866,1.0000000000000016,batch_database_RI_to_FDTDready_RP_CP_SCP_v22_parallel_VISNIR_common_N1_to_N5_web/00_FINAL_RP_CP_JSON_EXP_AND_SUMMARY/stable_model_json_by_N/As2Se3_As2Se3_Joseph-700nm/SCP_M2.json,lowest_RMS_no_primary_target,poor_fit,False,False
WSe2|WSe2|Gu-1L|1,WSe2,WSe2,Gu-1L,1,WSe2 / WSe2 / Gu-1L / rec1,chalcogenide_or_2D,RP,RP,3.0,0.1436796607599962,2.9662950702579414,1.0,batch_database_RI_to_FDTDready_RP_CP_SCP_v22_parallel_VISNIR_common_N1_to_N5_web/00_FINAL_RP_CP_JSON_EXP_AND_SUMMARY/stable_model_json_by_N/WSe2_WSe2_Gu-1L/RP_M3.json,lowest_RMS_no_primary_target,poor_fit,False,False
WS2|WS2|Munkhbat-o|1,WS2,WS2,Munkhbat-o,1,WS2 / WS2 / Munkhbat-o / rec1,chalcogenide_or_2D,CP,AnalyticalCP,4.0,0.1033443042842927,2.3147698309080247,1.0000000000000009,batch_database_RI_to_FDTDready_RP_CP_SCP_v22_parallel_VISNIR_common_N1_to_N5_web/00_FINAL_RP_CP_JSON_EXP_AND_SUMMARY/stable_model_json_by_N/WS2_WS2_Munkhbat-o/CP_M4.json,lowest_RMS_no_primary_target,poor_fit,False,False
WSe2|WSe2|Gu-4L|4,WSe2,WSe2,Gu-4L,4,WSe2 / WSe2 / Gu-4L / rec4,chalcogenide_or_2D,CP,SemiCP,4.0,0.1013687835578784,2.3017597418880453,1.0000000000000002,batch_database_RI_to_FDTDready_RP_CP_SCP_v22_parallel_VISNIR_common_N1_to_N5_web/00_FINAL_RP_CP_JSON_EXP_AND_SUMMARY/stable_model_json_by_N/WSe2_WSe2_Gu-4L/SCP_M4.json,lowest_RMS_no_primary_target,poor_fit,False,False
WSe2|WSe2|Gu-3L|3,WSe2,WSe2,Gu-3L,3,WSe2 / WSe2 / Gu-3L / rec3,chalcogenide_or_2D,CP,SemiCP,5.0,0.096336067383983,1.949085750945936,1.0000000000000016,batch_database_RI_to_FDTDready_RP_CP_SCP_v22_parallel_VISNIR_common_N1_to_N5_web/00_FINAL_RP_CP_JSON_EXP_AND_SUMMARY/stable_model_json_by_N/WSe2_WSe2_Gu-3L/SCP_M5.json,lowest_RMS_no_primary_target,poor_fit,False,False
WSe2|WSe2|Gu-5L|5,WSe2,WSe2,Gu-5L,5,WSe2 / WSe2 / Gu-5L / rec5,chalcogenide_or_2D,RP,RP,3.0,0.0782950697834055,1.8606688689398807,1.0000000000000009,batch_database_RI_to_FDTDready_RP_CP_SCP_v22_parallel_VISNIR_common_N1_to_N5_web/00_FINAL_RP_CP_JSON_EXP_AND_SUMMARY/stable_model_json_by_N/WSe2_WSe2_Gu-5L/RP_M3.json,lowest_RMS_no_primary_target,poor_fit,False,False
MoS2|MoS2|Beal|1,MoS2,MoS2,Beal,1,MoS2 / MoS2 / Beal / rec1,chalcogenide_or_2D,CP,AnalyticalCP,5.0,0.0756669701625952,2.225668208779474,1.0000000000000009,batch_database_RI_to_FDTDready_RP_CP_SCP_v22_parallel_VISNIR_common_N1_to_N5_web/00_FINAL_RP_CP_JSON_EXP_AND_SUMMARY/stable_model_json_by_N/MoS2_MoS2_Beal/CP_M5.json,lowest_RMS_no_primary_target,poor_fit,False,False
MoS2|MoS2|Islam-1L|2,MoS2,MoS2,Islam-1L,2,MoS2 / MoS2 / Islam-1L / rec2,chalcogenide_or_2D,CP,AnalyticalCP,5.0,0.0431228221058281,0.5226987614451292,1.0,batch_database_RI_to_FDTDready_RP_CP_SCP_v22_parallel_VISNIR_common_N1_to_N5_web/00_FINAL_RP_CP_JSON_EXP_AND_SUMMARY/stable_model_json_by_N/MoS2_MoS2_Islam-1L/CP_M5.json,lowest_RMS_no_primary_target,usable_but_high_RMS,False,False
MoS2|MoS2|Ermolaev-1L|14,MoS2,MoS2,Ermolaev-1L,14,MoS2 / MoS2 / Ermolaev-1L / rec14,chalcogenide_or_2D,CP,AnalyticalCP,5.0,0.03644666551197,0.8928577307201928,1.0,batch_database_RI_to_FDTDready_RP_CP_SCP_v22_parallel_VISNIR_common_N1_to_N5_web/00_FINAL_RP_CP_JSON_EXP_AND_SUMMARY/stable_model_json_by_N/MoS2_MoS2_Ermolaev-1L/CP_M5.json,lowest_RMS_no_primary_target,usable_but_high_RMS,False,False
WSe2|WSe2|Gu-2L|2,WSe2,WSe2,Gu-2L,2,WSe2 / WSe2 / Gu-2L / rec2,chalcogenide_or_2D,RP,RP,5.0,0.0337067503769461,0.5775935932217946,1.0000000000000002,batch_database_RI_to_FDTDready_RP_CP_SCP_v22_parallel_VISNIR_common_N1_to_N5_web/00_FINAL_RP_CP_JSON_EXP_AND_SUMMARY/stable_model_json_by_N/WSe2_WSe2_Gu-2L/RP_M5.json,lowest_RMS_no_primary_target,usable_but_high_RMS,False,False
MoS2|MoS2|Song-6L|10,MoS2,MoS2,Song-6L,10,MoS2 / MoS2 / Song-6L / rec10,chalcogenide_or_2D,RP,RP,5.0,0.0295636837214278,0.5788570443869854,1.0000000000000009,batch_database_RI_to_FDTDready_RP_CP_SCP_v22_parallel_VISNIR_common_N1_to_N5_web/00_FINAL_RP_CP_JSON_EXP_AND_SUMMARY/stable_model_json_by_N/MoS2_MoS2_Song-6L/RP_M5.json,lowest_RMS_no_primary_target,usable_but_high_RMS,False,False
As2Se3|As2Se3|Joseph-400nm|1,As2Se3,As2Se3,Joseph-400nm,1,As2Se3 / As2Se3 / Joseph-400nm / rec1,chalcogenide_or_2D,CP,SemiCP,3.0,0.028813863488475,0.3253130711463287,1.0,batch_database_RI_to_FDTDready_RP_CP_SCP_v22_parallel_VISNIR_common_N1_to_N5_web/00_FINAL_RP_CP_JSON_EXP_AND_SUMMARY/stable_model_json_by_N/As2Se3_As2Se3_Joseph-400nm/SCP_M3.json,lowest_RMS_no_primary_target,usable_but_high_RMS,False,False
MoS2|MoS2|Ullberg|13,MoS2,MoS2,Ullberg,13,MoS2 / MoS2 / Ullberg / rec13,chalcogenide_or_2D,CP,AnalyticalCP,4.0,0.0286413970540419,0.5736484508408319,1.0000001556655644,batch_database_RI_to_FDTDready_RP_CP_SCP_v22_parallel_VISNIR_common_N1_to_N5_web/00_FINAL_RP_CP_JSON_EXP_AND_SUMMARY/stable_model_json_by_N/MoS2_MoS2_Ullberg/CP_M4.json,lowest_RMS_no_primary_target,usable_but_high_RMS,False,False
MoS2|MoS2|Song-bulk|12,MoS2,MoS2,Song-bulk,12,MoS2 / MoS2 / Song-bulk / rec12,chalcogenide_or_2D,CP,AnalyticalCP,5.0,0.0273264629369757,0.5564406300164321,1.000000000000001,batch_database_RI_to_FDTDready_RP_CP_SCP_v22_parallel_VISNIR_common_N1_to_N5_web/00_FINAL_RP_CP_JSON_EXP_AND_SUMMARY/stable_model_json_by_N/MoS2_MoS2_Song-bulk/CP_M5.json,lowest_RMS_no_primary_target,usable_but_high_RMS,False,False
MoS2|MoS2|Song-10L|5,MoS2,MoS2,Song-10L,5,MoS2 / MoS2 / Song-10L / rec5,chalcogenide_or_2D,CP,SemiCP,4.0,0.0270387616444864,0.4461660895844332,1.000000000000001,batch_database_RI_to_FDTDready_RP_CP_SCP_v22_parallel_VISNIR_common_N1_to_N5_web/00_FINAL_RP_CP_JSON_EXP_AND_SUMMARY/stable_model_json_by_N/MoS2_MoS2_Song-10L/SCP_M4.json,lowest_RMS_no_primary_target,usable_but_high_RMS,False,False
MoSe2|MoSe2|Beal|1,MoSe2,MoSe2,Beal,1,MoSe2 / MoSe2 / Beal / rec1,chalcogenide_or_2D,CP,SemiCP,5.0,0.0266008229873102,0.6678232685523375,1.000000000000002,batch_database_RI_to_FDTDready_RP_CP_SCP_v22_parallel_VISNIR_common_N1_to_N5_web/00_FINAL_RP_CP_JSON_EXP_AND_SUMMARY/stable_model_json_by_N/MoSe2_MoSe2_Beal/SCP_M5.json,lowest_RMS_no_primary_target,usable_but_high_RMS,False,False
MoS2|MoS2|Islam-fewL|3,MoS2,MoS2,Islam-fewL,3,MoS2 / MoS2 / Islam-fewL / rec3,chalcogenide_or_2D,CP,SemiCP,5.0,0.022954495336057,0.221307189365178,1.0000000000000002,batch_database_RI_to_FDTDready_RP_CP_SCP_v22_parallel_VISNIR_common_N1_to_N5_web/00_FINAL_RP_CP_JSON_EXP_AND_SUMMARY/stable_model_json_by_N/MoS2_MoS2_Islam-fewL/SCP_M5.json,lowest_RMS_no_primary_target,usable_but_high_RMS,False,False
WSe2|WSe2|Munkhbat-o|6,WSe2,WSe2,Munkhbat-o,6,WSe2 / WSe2 / Munkhbat-o / rec6,chalcogenide_or_2D,CP,AnalyticalCP,5.0,0.0211081922844363,0.4752841892201466,1.000000000000001,batch_database_RI_to_FDTDready_RP_CP_SCP_v22_parallel_VISNIR_common_N1_to_N5_web/00_FINAL_RP_CP_JSON_EXP_AND_SUMMARY/stable_model_json_by_N/WSe2_WSe2_Munkhbat-o/CP_M5.json,lowest_RMS_no_primary_target,usable_but_high_RMS,False,False
MoSe2|MoSe2|Munkhbat-o|3,MoSe2,MoSe2,Munkhbat-o,3,MoSe2 / MoSe2 / Munkhbat-o / rec3,chalcogenide_or_2D,RP,RP,5.0,0.020726083668809,0.5039483455486249,1.0000000000000004,batch_database_RI_to_FDTDready_RP_CP_SCP_v22_parallel_VISNIR_common_N1_to_N5_web/00_FINAL_RP_CP_JSON_EXP_AND_SUMMARY/stable_model_json_by_N/MoSe2_MoSe2_Munkhbat-o/RP_M5.json,lowest_RMS_no_primary_target,usable_but_high_RMS,False,False
MoS2|MoS2|Munkhbat-o|16,MoS2,MoS2,Munkhbat-o,16,MoS2 / MoS2 / Munkhbat-o / rec16,chalcogenide_or_2D,RP,RP,5.0,0.0201807840863301,0.4024675414933611,1.0000000000000002,batch_database_RI_to_FDTDready_RP_CP_SCP_v22_parallel_VISNIR_common_N1_to_N5_web/00_FINAL_RP_CP_JSON_EXP_AND_SUMMARY/stable_model_json_by_N/MoS2_MoS2_Munkhbat-o/RP_M5.json,lowest_RMS_no_primary_target,usable_but_high_RMS,False,False
MoS2|MoS2|Song-3L|8,MoS2,MoS2,Song-3L,8,MoS2 / MoS2 / Song-3L / rec8,chalcogenide_or_2D,CP,SemiCP,5.0,0.0178740928318083,0.3083708294962243,1.000000000000001,batch_database_RI_to_FDTDready_RP_CP_SCP_v22_parallel_VISNIR_common_N1_to_N5_web/00_FINAL_RP_CP_JSON_EXP_AND_SUMMARY/stable_model_json_by_N/MoS2_MoS2_Song-3L/SCP_M5.json,lowest_RMS_no_primary_target,usable_but_high_RMS,False,False
MoS2|MoS2|Song-4L|9,MoS2,MoS2,Song-4L,9,MoS2 / MoS2 / Song-4L / rec9,chalcogenide_or_2D,CP,SemiCP,5.0,0.0170175994015248,0.2628955496447017,1.0000000000000029,batch_database_RI_to_FDTDready_RP_CP_SCP_v22_parallel_VISNIR_common_N1_to_N5_web/00_FINAL_RP_CP_JSON_EXP_AND_SUMMARY/stable_model_json_by_N/MoS2_MoS2_Song-4L/SCP_M5.json,lowest_RMS_no_primary_target,usable_but_high_RMS,False,False
MoS2|MoS2|Song-8L|11,MoS2,MoS2,Song-8L,11,MoS2 / MoS2 / Song-8L / rec11,chalcogenide_or_2D,CP,SemiCP,5.0,0.0152090631480601,0.2838576929481975,1.000000000000001,batch_database_RI_to_FDTDready_RP_CP_SCP_v22_parallel_VISNIR_common_N1_to_N5_web/00_FINAL_RP_CP_JSON_EXP_AND_SUMMARY/stable_model_json_by_N/MoS2_MoS2_Song-8L/SCP_M5.json,lowest_RMS_no_primary_target,usable_but_high_RMS,False,False
MoSe2|MoSe2|Pruszynska-Karbownik-o|2,MoSe2,MoSe2,Pruszynska-Karbownik-o,2,MoSe2 / MoSe2 / Pruszynska-Karbownik-o / rec2,chalcogenide_or_2D,CP,AnalyticalCP,5.0,0.0123011906623464,0.2634929984468595,1.0,batch_database_RI_to_FDTDready_RP_CP_SCP_v22_parallel_VISNIR_common_N1_to_N5_web/00_FINAL_RP_CP_JSON_EXP_AND_SUMMARY/stable_model_json_by_N/MoSe2_MoSe2_Pruszynska-Karbownik-o/CP_M5.json,lowest_RMS_no_primary_target,usable_but_high_RMS,False,False
Au|Au|Yakubovsky-4nm|17,Au,Au,Yakubovsky-4nm,17,Au / Au / Yakubovsky-4nm / rec17,metal,CP,SemiCP,5.0,0.0640063860199064,0.9562775920183116,1.0,batch_database_RI_to_FDTDready_RP_CP_SCP_v22_parallel_VISNIR_common_N1_to_N5_web/00_FINAL_RP_CP_JSON_EXP_AND_SUMMARY/stable_model_json_by_N/Au_Au_Yakubovsky-4nm/SCP_M5.json,lowest_RMS_no_primary_target,poor_fit,False,False
V|V|Johnson|3,V,V,Johnson,3,V / V / Johnson / rec3,metal,CP,SemiCP,5.0,0.0551959967815854,1.1774762195101236,1.0000000000000002,batch_database_RI_to_FDTDready_RP_CP_SCP_v22_parallel_VISNIR_common_N1_to_N5_web/00_FINAL_RP_CP_JSON_EXP_AND_SUMMARY/stable_model_json_by_N/V_V_Johnson/SCP_M5.json,lowest_RMS_no_primary_target,poor_fit,False,False
Au|Au|Rakic-BB|8,Au,Au,Rakic-BB,8,Au / Au / Rakic-BB / rec8,metal,CP,SemiCP,3.0,0.043997452367803,0.4024939197355863,1.000000000000001,batch_database_RI_to_FDTDready_RP_CP_SCP_v22_parallel_VISNIR_common_N1_to_N5_web/00_FINAL_RP_CP_JSON_EXP_AND_SUMMARY/stable_model_json_by_N/Au_Au_Rakic-BB/SCP_M3.json,lowest_RMS_no_primary_target,usable_but_high_RMS,False,False
Au|Au|Yakubovsky-6nm|18,Au,Au,Yakubovsky-6nm,18,Au / Au / Yakubovsky-6nm / rec18,metal,CP,SemiCP,5.0,0.0421730276709207,0.3893351582903484,1.0,batch_database_RI_to_FDTDready_RP_CP_SCP_v22_parallel_VISNIR_common_N1_to_N5_web/00_FINAL_RP_CP_JSON_EXP_AND_SUMMARY/stable_model_json_by_N/Au_Au_Yakubovsky-6nm/SCP_M5.json,lowest_RMS_no_primary_target,usable_but_high_RMS,False,False
W|W|Rakic-BB|4,W,W,Rakic-BB,4,W / W / Rakic-BB / rec4,metal,CP,SemiCP,3.0,0.0416432761358639,0.8000245367778828,1.0000000000000002,batch_database_RI_to_FDTDready_RP_CP_SCP_v22_parallel_VISNIR_common_N1_to_N5_web/00_FINAL_RP_CP_JSON_EXP_AND_SUMMARY/stable_model_json_by_N/W_W_Rakic-BB/SCP_M3.json,lowest_RMS_no_primary_target,usable_but_high_RMS,False,False
Cu|Cu|McPeak|9,Cu,Cu,McPeak,9,Cu / Cu / McPeak / rec9,metal,CP,AnalyticalCP,4.0,0.0409908475293525,0.8685326913923139,1.0000000000000002,batch_database_RI_to_FDTDready_RP_CP_SCP_v22_parallel_VISNIR_common_N1_to_N5_web/00_FINAL_RP_CP_JSON_EXP_AND_SUMMARY/stable_model_json_by_N/Cu_Cu_McPeak/CP_M4.json,lowest_RMS_no_primary_target,usable_but_high_RMS,False,False
Ag|Ag|Ferrera-298K|9,Ag,Ag,Ferrera-298K,9,Ag / Ag / Ferrera-298K / rec9,metal,CP,SemiCP,2.0,0.0397976611640384,0.598150354140094,1.0000002272519537,batch_database_RI_to_FDTDready_RP_CP_SCP_v22_parallel_VISNIR_common_N1_to_N5_web/00_FINAL_RP_CP_JSON_EXP_AND_SUMMARY/stable_model_json_by_N/Ag_Ag_Ferrera-298K/SCP_M2.json,lowest_RMS_no_primary_target,usable_but_high_RMS,False,False
Cr|Cr|Johnson|1,Cr,Cr,Johnson,1,Cr / Cr / Johnson / rec1,metal,CP,SemiCP,3.0,0.0397581749833584,0.781055319763344,1.0,batch_database_RI_to_FDTDready_RP_CP_SCP_v22_parallel_VISNIR_common_N1_to_N5_web/00_FINAL_RP_CP_JSON_EXP_AND_SUMMARY/stable_model_json_by_N/Cr_Cr_Johnson/SCP_M3.json,lowest_RMS_no_primary_target,usable_but_high_RMS,False,False
Ag|Ag|Ferrera-404K|10,Ag,Ag,Ferrera-404K,10,Ag / Ag / Ferrera-404K / rec10,metal,CP,SemiCP,2.0,0.02921852527477,0.5458273633101567,1.0000002501886651,batch_database_RI_to_FDTDready_RP_CP_SCP_v22_parallel_VISNIR_common_N1_to_N5_web/00_FINAL_RP_CP_JSON_EXP_AND_SUMMARY/stable_model_json_by_N/Ag_Ag_Ferrera-404K/SCP_M2.json,lowest_RMS_no_primary_target,usable_but_high_RMS,False,False
Au|Au|Johnson|4,Au,Au,Johnson,4,Au / Au / Johnson / rec4,metal,CP,AnalyticalCP,5.0,0.0276491722584691,0.5106435381880639,1.000000000000001,batch_database_RI_to_FDTDready_RP_CP_SCP_v22_parallel_VISNIR_common_N1_to_N5_web/00_FINAL_RP_CP_JSON_EXP_AND_SUMMARY/stable_model_json_by_N/Au_Au_Johnson/CP_M5.json,lowest_RMS_no_primary_target,usable_but_high_RMS,False,False
Pd|Pd|Johnson|3,Pd,Pd,Johnson,3,Pd / Pd / Johnson / rec3,metal,CP,SemiCP,3.0,0.0264428869936192,0.4114594290394175,1.0000000000000004,batch_database_RI_to_FDTDready_RP_CP_SCP_v22_parallel_VISNIR_common_N1_to_N5_web/00_FINAL_RP_CP_JSON_EXP_AND_SUMMARY/stable_model_json_by_N/Pd_Pd_Johnson/SCP_M3.json,lowest_RMS_no_primary_target,usable_but_high_RMS,False,False
Ti|Ti|Johnson|3,Ti,Ti,Johnson,3,Ti / Ti / Johnson / rec3,metal,CP,SemiCP,5.0,0.025634150740388,0.5832879556069916,1.0000000000000004,batch_database_RI_to_FDTDready_RP_CP_SCP_v22_parallel_VISNIR_common_N1_to_N5_web/00_FINAL_RP_CP_JSON_EXP_AND_SUMMARY/stable_model_json_by_N/Ti_Ti_Johnson/SCP_M5.json,lowest_RMS_no_primary_target,usable_but_high_RMS,False,False
Ag|Ag|Johnson|4,Ag,Ag,Johnson,4,Ag / Ag / Johnson / rec4,metal,CP,SemiCP,3.0,0.0254852896402148,0.1687570645399593,1.000000123092168,batch_database_RI_to_FDTDready_RP_CP_SCP_v22_parallel_VISNIR_common_N1_to_N5_web/00_FINAL_RP_CP_JSON_EXP_AND_SUMMARY/stable_model_json_by_N/Ag_Ag_Johnson/SCP_M3.json,lowest_RMS_no_primary_target,usable_but_high_RMS,False,False
Fe|Fe|Johnson|3,Fe,Fe,Johnson,3,Fe / Fe / Johnson / rec3,metal,CP,SemiCP,5.0,0.0240863002580888,0.3991320979356258,1.0000000000000009,batch_database_RI_to_FDTDready_RP_CP_SCP_v22_parallel_VISNIR_common_N1_to_N5_web/00_FINAL_RP_CP_JSON_EXP_AND_SUMMARY/stable_model_json_by_N/Fe_Fe_Johnson/SCP_M5.json,lowest_RMS_no_primary_target,usable_but_high_RMS,False,False
W|W|Weaver|3,W,W,Weaver,3,W / W / Weaver / rec3,metal,CP,SemiCP,5.0,0.0233042005969718,0.4896307922111253,1.0,batch_database_RI_to_FDTDready_RP_CP_SCP_v22_parallel_VISNIR_common_N1_to_N5_web/00_FINAL_RP_CP_JSON_EXP_AND_SUMMARY/stable_model_json_by_N/W_W_Weaver/SCP_M5.json,lowest_RMS_no_primary_target,usable_but_high_RMS,False,False
Ag|Ag|Ferrera-501K|11,Ag,Ag,Ferrera-501K,11,Ag / Ag / Ferrera-501K / rec11,metal,CP,SemiCP,2.0,0.021977405941958,0.3747194766390178,1.0000002864370678,batch_database_RI_to_FDTDready_RP_CP_SCP_v22_parallel_VISNIR_common_N1_to_N5_web/00_FINAL_RP_CP_JSON_EXP_AND_SUMMARY/stable_model_json_by_N/Ag_Ag_Ferrera-501K/SCP_M2.json,lowest_RMS_no_primary_target,usable_but_high_RMS,False,False
Ni|Ni|Johnson|3,Ni,Ni,Johnson,3,Ni / Ni / Johnson / rec3,metal,CP,SemiCP,4.0,0.0192211234437147,0.4707168391124985,1.0,batch_database_RI_to_FDTDready_RP_CP_SCP_v22_parallel_VISNIR_common_N1_to_N5_web/00_FINAL_RP_CP_JSON_EXP_AND_SUMMARY/stable_model_json_by_N/Ni_Ni_Johnson/SCP_M4.json,lowest_RMS_no_primary_target,usable_but_high_RMS,False,False
Fe|Fe|Werner|2,Fe,Fe,Werner,2,Fe / Fe / Werner / rec2,metal,CP,SemiCP,4.0,0.018833387429605,4.062141257920933,1.000000000000001,batch_database_RI_to_FDTDready_RP_CP_SCP_v22_parallel_VISNIR_common_N1_to_N5_web/00_FINAL_RP_CP_JSON_EXP_AND_SUMMARY/stable_model_json_by_N/Fe_Fe_Werner/SCP_M4.json,lowest_RMS_no_primary_target,usable_but_high_RMS,False,False
Cu|Cu|Rakic-BB|6,Cu,Cu,Rakic-BB,6,Cu / Cu / Rakic-BB / rec6,metal,CP,SemiCP,3.0,0.0185507690342746,0.1576832893339439,1.0,batch_database_RI_to_FDTDready_RP_CP_SCP_v22_parallel_VISNIR_common_N1_to_N5_web/00_FINAL_RP_CP_JSON_EXP_AND_SUMMARY/stable_model_json_by_N/Cu_Cu_Rakic-BB/SCP_M3.json,lowest_RMS_no_primary_target,usable_but_high_RMS,False,False
W|W|Rakic-LD|5,W,W,Rakic-LD,5,W / W / Rakic-LD / rec5,metal,CP,SemiCP,4.0,0.0180819477113279,0.3480733934063436,1.0000000000000002,batch_database_RI_to_FDTDready_RP_CP_SCP_v22_parallel_VISNIR_common_N1_to_N5_web/00_FINAL_RP_CP_JSON_EXP_AND_SUMMARY/stable_model_json_by_N/W_W_Rakic-LD/SCP_M4.json,lowest_RMS_no_primary_target,usable_but_high_RMS,False,False
V|V|Werner-DFT|1,V,V,Werner-DFT,1,V / V / Werner-DFT / rec1,metal,CP,SemiCP,5.0,0.0175388931841403,0.3359562026546446,1.0000000000000022,batch_database_RI_to_FDTDready_RP_CP_SCP_v22_parallel_VISNIR_common_N1_to_N5_web/00_FINAL_RP_CP_JSON_EXP_AND_SUMMARY/stable_model_json_by_N/V_V_Werner-DFT/SCP_M5.json,lowest_RMS_no_primary_target,usable_but_high_RMS,False,False
Ag|Ag|Ferrera-600K|12,Ag,Ag,Ferrera-600K,12,Ag / Ag / Ferrera-600K / rec12,metal,CP,SemiCP,3.0,0.0160079299098117,0.1901986782528154,1.0000006349041417,batch_database_RI_to_FDTDready_RP_CP_SCP_v22_parallel_VISNIR_common_N1_to_N5_web/00_FINAL_RP_CP_JSON_EXP_AND_SUMMARY/stable_model_json_by_N/Ag_Ag_Ferrera-600K/SCP_M3.json,lowest_RMS_no_primary_target,usable_but_high_RMS,False,False
Au|Au|Yakubovsky-9nm|19,Au,Au,Yakubovsky-9nm,19,Au / Au / Yakubovsky-9nm / rec19,metal,CP,SemiCP,5.0,0.0159889902156572,0.2069314290292841,1.0000000000000009,batch_database_RI_to_FDTDready_RP_CP_SCP_v22_parallel_VISNIR_common_N1_to_N5_web/00_FINAL_RP_CP_JSON_EXP_AND_SUMMARY/stable_model_json_by_N/Au_Au_Yakubovsky-9nm/SCP_M5.json,lowest_RMS_no_primary_target,usable_but_high_RMS,False,False
Mo|Mo|Kirillova|4,Mo,Mo,Kirillova,4,Mo / Mo / Kirillova / rec4,metal,CP,SemiCP,5.0,0.0150454171550821,0.3546382825358782,1.0000000000000009,batch_database_RI_to_FDTDready_RP_CP_SCP_v22_parallel_VISNIR_common_N1_to_N5_web/00_FINAL_RP_CP_JSON_EXP_AND_SUMMARY/stable_model_json_by_N/Mo_Mo_Kirillova/SCP_M5.json,lowest_RMS_no_primary_target,usable_but_high_RMS,False,False
Ag|Ag|Werner-DFT|2,Ag,Ag,Werner-DFT,2,Ag / Ag / Werner-DFT / rec2,metal,CP,SemiCP,5.0,0.0147363132640264,0.065939566149984,1.000000000000002,batch_database_RI_to_FDTDready_RP_CP_SCP_v22_parallel_VISNIR_common_N1_to_N5_web/00_FINAL_RP_CP_JSON_EXP_AND_SUMMARY/stable_model_json_by_N/Ag_Ag_Werner-DFT/SCP_M5.json,lowest_RMS_no_primary_target,usable_but_high_RMS,False,False
Ag|Ag|McPeak|17,Ag,Ag,McPeak,17,Ag / Ag / McPeak / rec17,metal,CP,SemiCP,5.0,0.0146530657001646,0.056098010417316,1.0,batch_database_RI_to_FDTDready_RP_CP_SCP_v22_parallel_VISNIR_common_N1_to_N5_web/00_FINAL_RP_CP_JSON_EXP_AND_SUMMARY/stable_model_json_by_N/Ag_Ag_McPeak/SCP_M5.json,lowest_RMS_no_primary_target,usable_but_high_RMS,False,False
Co|Co|Werner-DFT|1,Co,Co,Werner-DFT,1,Co / Co / Werner-DFT / rec1,metal,CP,SemiCP,4.0,0.0142927529410384,0.6345778859167246,1.0000000000000024,batch_database_RI_to_FDTDready_RP_CP_SCP_v22_parallel_VISNIR_common_N1_to_N5_web/00_FINAL_RP_CP_JSON_EXP_AND_SUMMARY/stable_model_json_by_N/Co_Co_Werner-DFT/SCP_M4.json,lowest_RMS_no_primary_target,usable_but_high_RMS,False,False
W|W|Werner|2,W,W,Werner,2,W / W / Werner / rec2,metal,CP,SemiCP,5.0,0.0132358401664221,0.759064038017291,1.0,batch_database_RI_to_FDTDready_RP_CP_SCP_v22_parallel_VISNIR_common_N1_to_N5_web/00_FINAL_RP_CP_JSON_EXP_AND_SUMMARY/stable_model_json_by_N/W_W_Werner/SCP_M5.json,lowest_RMS_no_primary_target,usable_but_high_RMS,False,False
Ti|Ti|Werner-DFT|1,Ti,Ti,Werner-DFT,1,Ti / Ti / Werner-DFT / rec1,metal,CP,AnalyticalCP,5.0,0.0132182983010915,0.468013771620795,1.0000000000000016,batch_database_RI_to_FDTDready_RP_CP_SCP_v22_parallel_VISNIR_common_N1_to_N5_web/00_FINAL_RP_CP_JSON_EXP_AND_SUMMARY/stable_model_json_by_N/Ti_Ti_Werner-DFT/CP_M5.json,lowest_RMS_no_primary_target,usable_but_high_RMS,False,False
Cu|Cu|Johnson|4,Cu,Cu,Johnson,4,Cu / Cu / Johnson / rec4,metal,CP,SemiCP,5.0,0.0126305867535319,0.2377418479839788,1.0,batch_database_RI_to_FDTDready_RP_CP_SCP_v22_parallel_VISNIR_common_N1_to_N5_web/00_FINAL_RP_CP_JSON_EXP_AND_SUMMARY/stable_model_json_by_N/Cu_Cu_Johnson/SCP_M5.json,lowest_RMS_no_primary_target,usable_but_high_RMS,False,False
Au|Au|Hagemann|1,Au,Au,Hagemann,1,Au / Au / Hagemann / rec1,metal,CP,SemiCP,5.0,0.0119937962419519,0.1238722879785589,1.000000000000001,batch_database_RI_to_FDTDready_RP_CP_SCP_v22_parallel_VISNIR_common_N1_to_N5_web/00_FINAL_RP_CP_JSON_EXP_AND_SUMMARY/stable_model_json_by_N/Au_Au_Hagemann/SCP_M5.json,lowest_RMS_no_primary_target,usable_but_high_RMS,False,False
Ag|Ag|Yang|15,Ag,Ag,Yang,15,Ag / Ag / Yang / rec15,metal,CP,SemiCP,5.0,0.0118140678876368,0.0134180606283224,1.000000012465178,batch_database_RI_to_FDTDready_RP_CP_SCP_v22_parallel_VISNIR_common_N1_to_N5_web/00_FINAL_RP_CP_JSON_EXP_AND_SUMMARY/stable_model_json_by_N/Ag_Ag_Yang/SCP_M5.json,lowest_RMS_no_primary_target,usable_but_high_RMS,False,False
Mo|Mo|Werner-DFT|1,Mo,Mo,Werner-DFT,1,Mo / Mo / Werner-DFT / rec1,metal,CP,SemiCP,5.0,0.0116835970752826,0.3312723358566019,1.0,batch_database_RI_to_FDTDready_RP_CP_SCP_v22_parallel_VISNIR_common_N1_to_N5_web/00_FINAL_RP_CP_JSON_EXP_AND_SUMMARY/stable_model_json_by_N/Mo_Mo_Werner-DFT/SCP_M5.json,lowest_RMS_no_primary_target,usable_but_high_RMS,False,False
Ag|Ag|Hagemann|1,Ag,Ag,Hagemann,1,Ag / Ag / Hagemann / rec1,metal,CP,SemiCP,4.0,0.0104443609636023,0.0601428106204916,1.0000000000000009,batch_database_RI_to_FDTDready_RP_CP_SCP_v22_parallel_VISNIR_common_N1_to_N5_web/00_FINAL_RP_CP_JSON_EXP_AND_SUMMARY/stable_model_json_by_N/Ag_Ag_Hagemann/SCP_M4.json,lowest_RMS_no_primary_target,usable_but_high_RMS,False,False
Ag|Ag|Babar|8,Ag,Ag,Babar,8,Ag / Ag / Babar / rec8,metal,CP,SemiCP,5.0,0.0100493917517415,0.0340532894473061,1.0000000000000004,batch_database_RI_to_FDTDready_RP_CP_SCP_v22_parallel_VISNIR_common_N1_to_N5_web/00_FINAL_RP_CP_JSON_EXP_AND_SUMMARY/stable_model_json_by_N/Ag_Ag_Babar/SCP_M5.json,lowest_RMS_no_primary_target,usable_but_high_RMS,False,False
TiN|TiN|Pfluger|1,TiN,TiN,Pfluger,1,TiN / TiN / Pfluger / rec1,nitride_or_carbide,CP,SemiCP,5.0,0.0194096710819349,0.1792018634248461,1.0,batch_database_RI_to_FDTDready_RP_CP_SCP_v22_parallel_VISNIR_common_N1_to_N5_web/00_FINAL_RP_CP_JSON_EXP_AND_SUMMARY/stable_model_json_by_N/TiN_TiN_Pfluger/SCP_M5.json,lowest_RMS_no_primary_target,usable_but_high_RMS,False,False
TiN|TiN|Beliaev-sputtering|6,TiN,TiN,Beliaev-sputtering,6,TiN / TiN / Beliaev-sputtering / rec6,nitride_or_carbide,CP,SemiCP,3.0,0.0175713235261552,0.1575091778600602,1.0,batch_database_RI_to_FDTDready_RP_CP_SCP_v22_parallel_VISNIR_common_N1_to_N5_web/00_FINAL_RP_CP_JSON_EXP_AND_SUMMARY/stable_model_json_by_N/TiN_TiN_Beliaev-sputtering/SCP_M3.json,lowest_RMS_no_primary_target,usable_but_high_RMS,False,False
Si|Si|Green-1995|23,Si,Si,Green-1995,23,Si / Si / Green-1995 / rec23,semiconductor,CP,AnalyticalCP,1.0,0.1490307499944543,4.934511989369689,1.000000000015025,batch_database_RI_to_FDTDready_RP_CP_SCP_v22_parallel_VISNIR_common_N1_to_N5_web/00_FINAL_RP_CP_JSON_EXP_AND_SUMMARY/stable_model_json_by_N/Si_Si_Green-1995/CP_M1.json,lowest_RMS_no_primary_target,poor_fit,False,False
InAs|InAs|Adachi|1,InAs,InAs,Adachi,1,InAs / InAs / Adachi / rec1,semiconductor,CP,SemiCP,3.0,0.1244443375789024,2.260093175552735,1.0,batch_database_RI_to_FDTDready_RP_CP_SCP_v22_parallel_VISNIR_common_N1_to_N5_web/00_FINAL_RP_CP_JSON_EXP_AND_SUMMARY/stable_model_json_by_N/InAs_InAs_Adachi/SCP_M3.json,lowest_RMS_no_primary_target,poor_fit,False,False
InSb|InSb|Adachi|1,InSb,InSb,Adachi,1,InSb / InSb / Adachi / rec1,semiconductor,CP,AnalyticalCP,5.0,0.1034363910715858,2.5835444032790464,1.0000000000000009,batch_database_RI_to_FDTDready_RP_CP_SCP_v22_parallel_VISNIR_common_N1_to_N5_web/00_FINAL_RP_CP_JSON_EXP_AND_SUMMARY/stable_model_json_by_N/InSb_InSb_Adachi/CP_M5.json,lowest_RMS_no_primary_target,poor_fit,False,False
InP|InP|Adachi|1,InP,InP,Adachi,1,InP / InP / Adachi / rec1,semiconductor,CP,SemiCP,5.0,0.087436844679493,1.4381535761207682,1.0000000000000018,batch_database_RI_to_FDTDready_RP_CP_SCP_v22_parallel_VISNIR_common_N1_to_N5_web/00_FINAL_RP_CP_JSON_EXP_AND_SUMMARY/stable_model_json_by_N/InP_InP_Adachi/SCP_M5.json,lowest_RMS_no_primary_target,poor_fit,False,False
GaSb|GaSb|Adachi|1,GaSb,GaSb,Adachi,1,GaSb / GaSb / Adachi / rec1,semiconductor,CP,SemiCP,3.0,0.0769515214848408,1.917321637402464,1.0000000000000009,batch_database_RI_to_FDTDready_RP_CP_SCP_v22_parallel_VISNIR_common_N1_to_N5_web/00_FINAL_RP_CP_JSON_EXP_AND_SUMMARY/stable_model_json_by_N/GaSb_GaSb_Adachi/SCP_M3.json,lowest_RMS_no_primary_target,poor_fit,False,False
GaAs|GaAs|Adachi|1,GaAs,GaAs,Adachi,1,GaAs / GaAs / Adachi / rec1,semiconductor,CP,AnalyticalCP,5.0,0.0531661189502353,1.263105705373806,1.0000000423440232,batch_database_RI_to_FDTDready_RP_CP_SCP_v22_parallel_VISNIR_common_N1_to_N5_web/00_FINAL_RP_CP_JSON_EXP_AND_SUMMARY/stable_model_json_by_N/GaAs_GaAs_Adachi/CP_M5.json,lowest_RMS_no_primary_target,poor_fit,False,False
GaP|GaP|Adachi|1,GaP,GaP,Adachi,1,GaP / GaP / Adachi / rec1,semiconductor,CP,SemiCP,3.0,0.0402477079531135,0.954398599146755,1.000000988260799,batch_database_RI_to_FDTDready_RP_CP_SCP_v22_parallel_VISNIR_common_N1_to_N5_web/00_FINAL_RP_CP_JSON_EXP_AND_SUMMARY/stable_model_json_by_N/GaP_GaP_Adachi/SCP_M3.json,lowest_RMS_no_primary_target,usable_but_high_RMS,False,False
Ge|Ge|Nunley|1,Ge,Ge,Nunley,1,Ge / Ge / Nunley / rec1,semiconductor,CP,AnalyticalCP,5.0,0.0359863514974525,1.0988942802148591,1.000000000000001,batch_database_RI_to_FDTDready_RP_CP_SCP_v22_parallel_VISNIR_common_N1_to_N5_web/00_FINAL_RP_CP_JSON_EXP_AND_SUMMARY/stable_model_json_by_N/Ge_Ge_Nunley/CP_M5.json,lowest_RMS_no_primary_target,usable_but_high_RMS,False,False
GaAs|GaAs|Papatryfonos|3,GaAs,GaAs,Papatryfonos,3,GaAs / GaAs / Papatryfonos / rec3,semiconductor,CP,AnalyticalCP,5.0,0.0299053150491849,0.6706978243439373,1.0000001622375676,batch_database_RI_to_FDTDready_RP_CP_SCP_v22_parallel_VISNIR_common_N1_to_N5_web/00_FINAL_RP_CP_JSON_EXP_AND_SUMMARY/stable_model_json_by_N/GaAs_GaAs_Papatryfonos/CP_M5.json,lowest_RMS_no_primary_target,usable_but_high_RMS,False,False
GaAs|GaAs|Rakic|2,GaAs,GaAs,Rakic,2,GaAs / GaAs / Rakic / rec2,semiconductor,CP,SemiCP,5.0,0.0165693785514687,0.2280354757844509,1.0000000000000004,batch_database_RI_to_FDTDready_RP_CP_SCP_v22_parallel_VISNIR_common_N1_to_N5_web/00_FINAL_RP_CP_JSON_EXP_AND_SUMMARY/stable_model_json_by_N/GaAs_GaAs_Rakic/SCP_M5.json,lowest_RMS_no_primary_target,usable_but_high_RMS,False,False
